, ,RSSI,Unnamed: 0,activity,id,phase,run,time
0,,-49,0,1,1,174,3,16 45 55 28294
2,,-49,2,1,1,171,3,16 45 55 28360
4,,-49,4,1,1,171,3,16 45 55 28411
6,,-49,6,1,1,171,3,16 45 55 28460
8,,-49,8,1,1,174,3,16 45 55 28511
9,,-49,9,1,1,174,3,16 45 55 28527
12,,-49,12,1,1,171,3,16 45 55 28594
15,,-49,15,1,1,174,3,16 45 56 28676
17,,-49,17,1,1,171,3,16 45 56 28710
19,,-49,19,1,1,174,3,16 45 56 28744
21,,-49,21,1,1,174,3,16 45 56 28793
22,,-49,22,1,1,168,3,16 45 56 28811
24,,-49,24,1,1,174,3,16 45 56 28861
27,,-49,27,1,1,174,3,16 45 56 28927
29,,-49,29,1,1,174,3,16 45 56 28961
30,,-49,30,1,1,174,3,16 45 56 28976
32,,-49,32,1,1,171,3,16 45 56 29043
35,,-49,35,1,1,174,3,16 45 56 29127
36,,-49,36,1,1,171,3,16 45 56 29144
38,,-49,38,1,1,174,3,16 45 56 29194
40,,-49,40,1,1,174,3,16 45 56 29227
41,,-49,41,1,1,174,3,16 45 56 29260
42,,-49,42,1,1,171,3,16 45 56 29294
43,,-49,43,1,1,174,3,16 45 56 29360
46,,-47,46,1,1,174,3,16 45 56 29459
47,,-49,47,1,1,174,3,16 45 56 29478
48,,-47,48,1,1,174,3,16 45 56 29511
49,,-47,49,1,1,171,3,16 45 56 29526
50,,-47,50,1,1,174,3,16 45 56 29594
51,,-47,51,1,1,174,3,16 45 57 29643
53,,-49,53,1,1,174,3,16 45 57 29710
55,,-49,55,1,1,174,3,16 45 57 29777
58,,-49,58,1,1,174,3,16 45 57 29878
59,,-49,59,1,1,174,3,16 45 57 29910
61,,-49,61,1,1,171,3,16 45 57 29994
63,,-49,63,1,1,174,3,16 45 57 30078
65,,-49,65,1,1,171,3,16 45 57 30144
67,,-49,67,1,1,168,3,16 45 57 30177
70,,-47,70,2,1,174,3,16 46 0 33527
71,,-49,71,2,1,174,3,16 46 0 33544
73,,-47,73,2,1,174,3,16 46 0 33610
75,,-47,75,2,1,174,3,16 46 1 33677
76,,-47,76,2,1,168,3,16 46 1 33728
77,,-47,77,2,1,174,3,16 46 1 33795
79,,-47,79,2,1,174,3,16 46 1 33843
80,,-49,80,2,1,174,3,16 46 1 33861
81,,-49,81,2,1,171,3,16 46 1 33877
82,,-49,82,2,1,171,3,16 46 1 33927
83,,-49,83,2,1,174,3,16 46 1 33944
84,,-49,84,2,1,174,3,16 46 1 33978
85,,-49,85,2,1,171,3,16 46 1 34011
86,,-49,86,2,1,174,3,16 46 1 34043
87,,-49,87,2,1,171,3,16 46 1 34078
88,,-49,88,2,1,171,3,16 46 1 34110
89,,-49,89,2,1,174,3,16 46 1 34160
90,,-50,90,2,1,174,3,16 46 1 34195
94,,-51,94,2,1,171,3,16 46 1 34310
95,,-51,95,2,1,171,3,16 46 1 34344
98,,-51,98,2,1,168,3,16 46 1 34427
103,,-52,103,2,1,174,3,16 46 1 34578
107,,-52,107,2,1,171,3,16 46 2 34677
109,,-52,109,2,1,171,3,16 46 2 34728
111,,-53,111,2,1,174,3,16 46 2 34761
113,,-52,113,2,1,171,3,16 46 2 34843
114,,-51,114,2,1,171,3,16 46 2 34861
115,,-51,115,2,1,171,3,16 46 2 34894
117,,-51,117,2,1,171,3,16 46 2 34928
121,,-51,121,2,1,174,3,16 46 2 35011
124,,-52,124,2,1,171,3,16 46 2 35077
125,,-52,125,2,1,171,3,16 46 2 35095
128,,-51,128,2,1,174,3,16 46 2 35161
130,,-52,130,2,1,168,3,16 46 2 35226
131,,-53,131,2,1,174,3,16 46 2 35260
136,,-53,136,2,1,171,3,16 46 2 35394
138,,-53,138,2,1,171,3,16 46 2 35445
141,,-53,141,2,1,171,3,16 46 2 35511
144,,-52,144,2,1,171,3,16 46 2 35561
147,,-52,147,2,1,168,3,16 46 3 35645
149,,-52,149,2,1,174,3,16 46 3 35678
151,,-52,151,2,1,174,3,16 46 3 35761
155,,-52,155,2,1,171,3,16 46 3 35845
157,,-52,157,2,1,171,3,16 46 3 35893
160,,-58,208,3,1,174,3,16 46 12 44795
161,,-58,209,3,1,171,3,16 46 12 44860
162,,-57,210,3,1,168,3,16 46 12 45078
163,,-55,211,3,1,174,3,16 46 12 45111
164,,-55,212,3,1,174,3,16 46 12 45144
165,,-55,213,3,1,171,3,16 46 12 45177
166,,-55,214,3,1,174,3,16 46 12 45210
167,,-55,215,3,1,171,3,16 46 12 45244
168,,-55,216,3,1,168,3,16 46 12 45278
169,,-53,217,3,1,171,3,16 46 12 45310
170,,-55,218,3,1,174,3,16 46 12 45345
171,,-55,219,3,1,171,3,16 46 12 45378
172,,-53,220,3,1,171,3,16 46 12 45411
173,,-55,221,3,1,171,3,16 46 12 45445
174,,-53,222,3,1,168,3,16 46 12 45460
175,,-52,223,3,1,174,3,16 46 12 45495
176,,-52,224,3,1,174,3,16 46 12 45527
177,,-53,225,3,1,174,3,16 46 12 45562
178,,-52,226,3,1,168,3,16 46 12 45595
179,,-52,227,3,1,171,3,16 46 13 45628
180,,-52,228,3,1,168,3,16 46 13 45678
181,,-53,229,3,1,171,3,16 46 13 45695
182,,-53,230,3,1,168,3,16 46 13 45760
184,,-53,232,3,1,171,3,16 46 13 45811
187,,-52,235,3,1,174,3,16 46 13 45861
188,,-53,236,3,1,174,3,16 46 13 45878
190,,-52,238,3,1,174,3,16 46 13 45928
192,,-52,240,3,1,168,3,16 46 13 45961
195,,-52,243,3,1,174,3,16 46 13 46029
196,,-52,244,3,1,174,3,16 46 13 46044
199,,-52,247,3,1,174,3,16 46 13 46129
200,,-51,248,3,1,174,3,16 46 13 46160
202,,-51,250,3,1,171,3,16 46 13 46210
203,,-52,251,3,1,168,3,16 46 13 46228
206,,-52,254,3,1,174,3,16 46 13 46277
208,,-52,256,3,1,174,3,16 46 13 46311
210,,-53,258,3,1,174,3,16 46 13 46377
212,,-53,260,3,1,174,3,16 46 13 46411
214,,-52,262,3,1,174,3,16 46 13 46445
217,,-53,265,3,1,168,3,16 46 13 46494
218,,-53,266,3,1,174,3,16 46 13 46544
220,,-53,268,3,1,168,3,16 46 13 46578
223,,-52,271,3,1,171,3,16 46 14 46644
224,,-53,272,3,1,174,3,16 46 14 46661
226,,-53,274,3,1,171,3,16 46 14 46710
229,,-55,277,3,1,174,3,16 46 14 46761
232,,-55,280,3,1,171,3,16 46 14 46860
233,,-55,281,3,1,174,3,16 46 14 46894
236,,-53,284,3,1,171,3,16 46 14 46945
238,,-55,286,3,1,174,3,16 46 14 46978
239,,-55,287,3,1,168,3,16 46 14 47011
242,,-55,290,3,1,174,3,16 46 14 47078
243,,-55,291,3,1,174,3,16 46 14 47094
246,,-55,294,3,1,168,3,16 46 14 47162
247,,-55,295,3,1,174,3,16 46 14 47194
249,,-55,297,3,1,174,3,16 46 14 47227
250,,-53,298,4,1,168,3,16 46 16 49179
251,,-53,299,4,1,174,3,16 46 16 49195
254,,-53,302,4,1,171,3,16 46 16 49277
256,,-52,304,4,1,174,3,16 46 16 49310
257,,-52,305,4,1,171,3,16 46 16 49327
260,,-52,308,4,1,174,3,16 46 16 49394
261,,-52,309,4,1,171,3,16 46 16 49411
263,,-52,311,4,1,174,3,16 46 16 49445
264,,-52,312,4,1,174,3,16 46 16 49478
265,,-52,313,4,1,171,3,16 46 16 49511
266,,-52,314,4,1,171,3,16 46 16 49545
267,,-52,315,4,1,174,3,16 46 16 49562
268,,-52,316,4,1,174,3,16 46 16 49612
269,,-52,317,4,1,171,3,16 46 17 49628
270,,-52,318,4,1,174,3,16 46 17 49660
271,,-53,319,4,1,171,3,16 46 17 49710
272,,-53,320,4,1,174,3,16 46 17 49745
273,,-53,321,4,1,174,3,16 46 17 49778
274,,-53,322,4,1,174,3,16 46 17 49810
275,,-53,323,4,1,171,3,16 46 17 49844
276,,-55,324,4,1,174,3,16 46 17 49878
277,,-55,325,4,1,174,3,16 46 17 49911
278,,-55,326,4,1,168,3,16 46 17 49945
279,,-55,327,4,1,174,3,16 46 17 49978
280,,-55,328,4,1,174,3,16 46 17 50011
281,,-55,329,4,1,171,3,16 46 17 50045
282,,-55,330,4,1,171,3,16 46 17 50079
283,,-55,331,4,1,171,3,16 46 17 50095
284,,-55,332,4,1,174,3,16 46 17 50112
285,,-55,333,4,1,171,3,16 46 17 50144
286,,-55,334,4,1,171,3,16 46 17 50178
287,,-55,335,4,1,171,3,16 46 17 50210
288,,-55,336,4,1,174,3,16 46 17 50244
289,,-55,337,4,1,174,3,16 46 17 50279
290,,-55,338,4,1,174,3,16 46 17 50312
291,,-55,339,4,1,180,3,16 46 17 50344
292,,-55,340,4,1,174,3,16 46 17 50361
293,,-55,341,4,1,168,3,16 46 17 50395
294,,-55,342,4,1,174,3,16 46 17 50428
295,,-55,343,4,1,168,3,16 46 17 50461
296,,-55,344,4,1,180,3,16 46 17 50494
297,,-55,345,4,1,174,3,16 46 17 50529
298,,-55,346,4,1,171,3,16 46 17 50561
299,,-57,347,4,1,171,3,16 46 17 50594
300,,-56,348,4,1,174,3,16 46 18 50628
301,,-56,349,4,1,174,3,16 46 18 50677
327,,-58,375,5,1,171,3,16 46 20 53412
329,,-58,377,5,1,171,3,16 46 20 53479
331,,-59,379,5,1,171,3,16 46 20 53529
333,,-57,381,5,1,171,3,16 46 20 53577
335,,-58,383,5,1,171,3,16 46 20 53612
336,,-58,384,5,1,171,3,16 46 21 53644
338,,-57,386,5,1,171,3,16 46 21 53695
340,,-57,388,5,1,171,3,16 46 21 53729
342,,-56,390,5,1,168,3,16 46 21 53795
344,,-57,392,5,1,174,3,16 46 21 53829
345,,-55,393,5,1,174,3,16 46 21 53877
346,,-55,394,5,1,171,3,16 46 21 53912
347,,-55,395,5,1,171,3,16 46 21 53945
348,,-55,396,5,1,171,3,16 46 21 53977
349,,-53,397,5,1,171,3,16 46 21 54012
350,,-52,398,5,1,174,3,16 46 21 54061
351,,-52,399,5,1,171,3,16 46 21 54095
352,,-52,400,5,1,174,3,16 46 21 54145
353,,-52,401,5,1,171,3,16 46 21 54195
355,,-52,403,5,1,174,3,16 46 21 54244
356,,-52,404,5,1,171,3,16 46 21 54312
357,,-52,405,5,1,171,3,16 46 21 54345
358,,-52,406,5,1,174,3,16 46 21 54361
359,,-52,407,5,1,168,3,16 46 21 54377
360,,-52,408,5,1,174,3,16 46 21 54411
361,,-52,409,5,1,174,3,16 46 21 54445
362,,-52,410,5,1,174,3,16 46 21 54477
363,,-52,411,5,1,174,3,16 46 21 54510
364,,-52,412,5,1,174,3,16 46 21 54544
365,,-52,413,5,1,171,3,16 46 21 54578
366,,-52,414,5,1,174,3,16 46 21 54611
367,,-52,415,5,1,171,3,16 46 22 54644
368,,-52,416,5,1,174,3,16 46 22 54679
369,,-52,417,5,1,171,3,16 46 22 54694
370,,-52,418,5,1,174,3,16 46 22 54744
372,,-51,420,5,1,174,3,16 46 22 54795
374,,-52,422,5,1,171,3,16 46 22 54878
376,,-51,424,5,1,168,3,16 46 22 54961
377,,-51,425,5,1,171,3,16 46 22 55012
378,,-53,426,5,1,168,3,16 46 22 55062
379,,-53,427,5,1,174,3,16 46 22 55095
380,,-52,428,5,1,171,3,16 46 22 55128
381,,-53,429,5,1,171,3,16 46 22 55162
382,,-53,430,5,1,171,3,16 46 22 55195
383,,-52,431,5,1,171,3,16 46 22 55229
384,,-53,432,5,1,171,3,16 46 22 55262
385,,-52,433,5,1,174,3,16 46 22 55294
386,,-52,434,5,1,171,3,16 46 22 55328
387,,-51,435,6,1,174,3,16 46 25 57796
388,,-52,436,6,1,174,3,16 46 25 57828
389,,-51,437,6,1,171,3,16 46 25 57862
390,,-52,438,6,1,171,3,16 46 25 57896
391,,-52,439,6,1,171,3,16 46 25 57927
392,,-52,440,6,1,171,3,16 46 25 57961
393,,-52,441,6,1,174,3,16 46 25 57995
394,,-53,442,6,1,174,3,16 46 25 58028
395,,-52,443,6,1,171,3,16 46 25 58045
396,,-55,444,6,1,174,3,16 46 25 58077
399,,-55,447,6,1,174,3,16 46 25 58144
401,,-56,449,6,1,174,3,16 46 25 58195
403,,-55,451,6,1,174,3,16 46 25 58262
415,,-57,463,6,1,171,3,16 46 26 58695
418,,-55,466,6,1,171,3,16 46 26 58795
419,,-55,467,6,1,174,3,16 46 26 58812
420,,-55,468,6,1,171,3,16 46 26 58845
421,,-55,469,6,1,174,3,16 46 26 58879
422,,-55,470,6,1,174,3,16 46 26 58928
423,,-53,471,6,1,177,3,16 46 26 58945
424,,-53,472,6,1,174,3,16 46 26 58979
425,,-52,473,6,1,174,3,16 46 26 59011
426,,-55,474,6,1,171,3,16 46 26 59028
427,,-55,475,6,1,168,3,16 46 26 59062
428,,-55,476,6,1,174,3,16 46 26 59095
431,,-55,479,6,1,171,3,16 46 26 59179
432,,-56,480,6,1,171,3,16 46 26 59195
435,,-55,483,6,1,174,3,16 46 26 59262
437,,-55,485,6,1,174,3,16 46 26 59327
438,,-55,486,6,1,174,3,16 46 26 59345
441,,-55,489,6,1,174,3,16 46 26 59394
443,,-57,491,6,1,174,3,16 46 26 59428
445,,-57,493,6,1,171,3,16 46 26 59476
447,,-57,495,6,1,168,3,16 46 26 59529
450,,-56,498,6,1,171,3,16 46 27 59662
453,,-56,501,6,1,171,3,16 46 27 59712
455,,-55,503,6,1,174,3,16 46 27 59760
457,,-57,505,6,1,171,3,16 46 27 59795
459,,-55,507,6,1,171,3,16 46 27 59862
461,,-55,509,6,1,165,3,16 46 27 59895
463,,-56,511,6,1,168,3,16 46 27 59927
465,,-57,513,6,1,171,3,16 46 27 59978
466,,-56,514,6,1,171,3,16 46 27 60045
467,,-56,515,6,1,174,3,16 46 27 60063
468,,-56,516,6,1,171,3,16 46 27 60095
469,,-57,517,6,1,180,3,16 46 27 60112
472,,-57,520,6,1,168,3,16 46 27 60162
473,,-57,521,6,1,171,3,16 46 27 60212
475,,-57,523,6,1,171,3,16 46 27 60245
477,,-57,525,6,1,168,3,16 46 27 60295
479,,-53,527,7,1,177,3,16 46 31 63796
481,,-53,529,7,1,171,3,16 46 31 63829
482,,-53,530,7,1,174,3,16 46 31 63846
484,,-52,532,7,1,177,3,16 46 31 63912
485,,-52,533,7,1,174,3,16 46 31 63944
486,,-52,534,7,1,171,3,16 46 31 63996
488,,-52,536,7,1,171,3,16 46 31 64029
489,,-52,537,7,1,174,3,16 46 31 64063
490,,-52,538,7,1,174,3,16 46 31 64129
491,,-52,539,7,1,168,3,16 46 31 64163
492,,-52,540,7,1,171,3,16 46 31 64196
493,,-56,541,7,1,171,3,16 46 31 64246
495,,-57,543,7,1,168,3,16 46 31 64345
497,,-55,545,7,1,174,3,16 46 31 64379
499,,-56,547,7,1,174,3,16 46 31 64429
502,,-56,550,7,1,171,3,16 46 31 64479
503,,-57,551,7,1,171,3,16 46 31 64512
506,,-57,554,7,1,171,3,16 46 31 64579
508,,-55,556,7,1,174,3,16 46 32 64629
511,,-56,559,7,1,171,3,16 46 32 64679
513,,-57,561,7,1,177,3,16 46 32 64712
514,,-57,562,7,1,174,3,16 46 32 64746
515,,-55,563,7,1,171,3,16 46 32 64796
516,,-55,564,7,1,171,3,16 46 32 64829
517,,-55,565,7,1,174,3,16 46 32 64879
518,,-53,566,7,1,174,3,16 46 32 64912
520,,-55,568,7,1,171,3,16 46 32 64995
521,,-55,569,7,1,174,3,16 46 32 65029
522,,-55,570,7,1,171,3,16 46 32 65062
523,,-55,571,7,1,174,3,16 46 32 65094
524,,-55,572,7,1,171,3,16 46 32 65129
527,,-55,575,7,1,171,3,16 46 32 65212
528,,-55,576,7,1,174,3,16 46 32 65228
529,,-55,577,7,1,174,3,16 46 32 65262
530,,-55,578,7,1,174,3,16 46 32 65329
531,,-55,579,7,1,171,3,16 46 32 65379
532,,-55,580,7,1,174,3,16 46 32 65428
533,,-56,581,7,1,171,3,16 46 32 65479
535,,-55,583,7,1,171,3,16 46 32 65579
537,,-55,585,7,1,168,3,16 46 33 65645
538,,-55,586,7,1,171,3,16 46 33 65662
540,,-55,588,7,1,174,3,16 46 33 65712
542,,-55,590,7,1,171,3,16 46 33 65745
544,,-55,592,7,1,165,3,16 46 33 65779
546,,-55,594,7,1,171,3,16 46 33 65811
549,,-55,597,7,1,174,3,16 46 33 65879
550,,-55,598,7,1,174,3,16 46 33 65912
553,,-55,601,7,1,168,3,16 46 33 65996
554,,-53,602,7,1,174,3,16 46 33 66012
556,,-55,604,7,1,174,3,16 46 33 66045
564,,-55,612,8,1,174,3,16 46 39 72230
566,,-53,614,8,1,174,3,16 46 39 72296
568,,-55,616,8,1,171,3,16 46 39 72346
571,,-53,619,8,1,174,3,16 46 39 72413
573,,-52,621,8,1,171,3,16 46 39 72446
574,,-52,622,8,1,171,3,16 46 39 72463
576,,-52,624,8,1,174,3,16 46 39 72529
578,,-51,626,8,1,168,3,16 46 39 72580
580,,-51,628,8,1,171,3,16 46 39 72613
582,,-51,630,8,1,171,3,16 46 40 72678
585,,-51,633,8,1,171,3,16 46 40 72763
587,,-49,635,8,1,174,3,16 46 40 72829
591,,-50,639,8,1,168,3,16 46 40 72896
593,,-47,641,8,1,174,3,16 46 40 72946
594,,-47,642,8,1,174,3,16 46 40 72963
598,,-47,646,8,1,174,3,16 46 40 73062
601,,-49,649,8,1,174,3,16 46 40 73146
603,,-49,651,8,1,174,3,16 46 40 73212
606,,-49,654,8,1,168,3,16 46 40 73262
610,,-49,658,8,1,171,3,16 46 40 73363
611,,-49,659,8,1,174,3,16 46 40 73395
613,,-49,661,8,1,174,3,16 46 40 73429
617,,-49,665,8,1,174,3,16 46 40 73512
619,,-49,667,8,1,174,3,16 46 40 73562
622,,-49,670,8,1,174,3,16 46 41 73629
626,,-49,674,8,1,174,3,16 46 41 73713
629,,-49,677,8,1,174,3,16 46 41 73778
631,,-49,679,8,1,174,3,16 46 41 73812
634,,-49,682,8,1,171,3,16 46 41 73896
636,,-49,684,8,1,171,3,16 46 41 73946
638,,-49,686,8,1,171,3,16 46 41 74013
640,,-49,688,8,1,171,3,16 46 41 74046
642,,-49,690,8,1,174,3,16 46 41 74096
644,,-49,692,8,1,171,3,16 46 41 74163
647,,-49,695,8,1,174,3,16 46 41 74246
651,,-49,699,8,1,171,3,16 46 41 74329
652,,-49,700,8,1,174,3,16 46 41 74362
654,,-49,702,8,1,174,3,16 46 41 74429
656,,-49,704,8,1,174,3,16 46 41 74463
659,,-49,707,8,1,174,3,16 46 41 74561
660,,-49,708,8,1,174,3,16 46 41 74579
662,,-49,710,8,1,171,3,16 46 41 74613
664,,-49,712,8,1,171,3,16 46 42 74646
666,,-49,714,8,1,174,3,16 46 42 74696
669,,-49,717,8,1,171,3,16 46 42 74746
670,,-49,718,8,1,174,3,16 46 42 74762
673,,-49,721,8,1,174,3,16 46 42 74813
675,,-49,723,8,1,174,3,16 46 42 74845
677,,-49,725,8,1,171,3,16 46 42 74896
678,,-49,726,8,1,171,3,16 46 42 74913
680,,-49,728,8,1,171,3,16 46 42 74945
682,,-49,730,8,1,171,3,16 46 42 74996
685,,-49,733,8,1,174,3,16 46 42 75063
687,,-49,735,8,1,171,3,16 46 42 75095
689,,-49,737,8,1,174,3,16 46 42 75129
690,,-49,738,8,1,171,3,16 46 42 75145
693,,-49,741,8,1,174,3,16 46 42 75213
695,,-49,743,8,1,174,3,16 46 42 75279
699,,-49,747,8,1,171,3,16 46 42 75345
701,,-49,749,8,1,171,3,16 46 42 75413
704,,-49,752,8,1,171,3,16 46 42 75479
707,,-49,755,9,1,168,3,16 46 47 80579
709,,-49,757,9,1,174,3,16 46 47 80613
711,,-49,759,9,1,174,3,16 46 48 80663
714,,-49,762,9,1,174,3,16 46 48 80729
716,,-49,764,9,1,171,3,16 46 48 80763
717,,-49,765,9,1,174,3,16 46 48 80780
719,,-49,767,9,1,174,3,16 46 48 80813
721,,-49,769,9,1,174,3,16 46 48 80846
724,,-49,772,9,1,174,3,16 46 48 80930
725,,-49,773,9,1,174,3,16 46 48 80963
727,,-49,775,9,1,174,3,16 46 48 81013
729,,-49,777,9,1,174,3,16 46 48 81047
732,,-49,780,9,1,174,3,16 46 48 81129
734,,-49,782,9,1,174,3,16 46 48 81179
737,,-49,785,9,1,174,3,16 46 48 81230
740,,-47,788,9,1,174,3,16 46 48 81313
744,,-47,792,9,1,174,3,16 46 48 81396
747,,-47,795,9,1,174,3,16 46 48 81463
751,,-49,799,9,1,171,3,16 46 48 81580
755,,-49,803,9,1,174,3,16 46 49 81663
758,,-49,806,9,1,174,3,16 46 49 81747
759,,-49,807,9,1,171,3,16 46 49 81779
764,,-49,812,9,1,174,3,16 46 49 81930
767,,-49,815,9,1,174,3,16 46 49 82012
770,,-49,818,9,1,171,3,16 46 49 82097
771,,-49,819,9,1,174,3,16 46 49 82130
772,,-46,820,9,1,174,3,16 46 49 82163
775,,-47,823,9,1,174,3,16 46 49 82213
778,,-47,826,9,1,171,3,16 46 49 82263
781,,-47,829,9,1,174,3,16 46 49 82313
785,,-47,833,9,1,174,3,16 46 49 82413
786,,-47,834,9,1,174,3,16 46 49 82446
788,,-47,836,9,1,174,3,16 46 49 82480
791,,-46,839,9,1,174,3,16 46 49 82563
794,,-46,842,9,1,174,3,16 46 49 82613
798,,-46,846,9,1,171,3,16 46 50 82713
801,,-47,849,9,1,174,3,16 46 50 82779
807,,-49,855,9,1,171,3,16 46 50 82945
810,,-47,858,9,1,171,3,16 46 50 83012
814,,-47,862,9,1,174,3,16 46 50 83113
817,,-47,865,9,1,174,3,16 46 50 83213
819,,-47,867,9,1,168,3,16 46 50 83246
821,,-49,869,9,1,174,3,16 46 50 83295
829,,-47,877,10,1,174,3,16 46 53 86097
830,,-47,878,10,1,171,3,16 46 53 86130
834,,-47,882,10,1,171,3,16 46 53 86195
836,,-46,884,10,1,171,3,16 46 53 86230
839,,-47,887,10,1,174,3,16 46 53 86312
841,,-46,889,10,1,174,3,16 46 53 86363
843,,-47,891,10,1,171,3,16 46 53 86396
846,,-47,894,10,1,174,3,16 46 53 86479
849,,-49,897,10,1,171,3,16 46 53 86563
853,,-49,901,10,1,174,3,16 46 54 86646
854,,-49,902,10,1,168,3,16 46 54 86679
856,,-49,904,10,1,174,3,16 46 54 86730
860,,-49,908,10,1,171,3,16 46 54 86813
861,,-49,909,10,1,171,3,16 46 54 86846
863,,-47,911,10,1,174,3,16 46 54 86879
866,,-49,914,10,1,174,3,16 46 54 86929
869,,-49,917,10,1,174,3,16 46 54 87013
870,,-49,918,10,1,174,3,16 46 54 87045
872,,-49,920,10,1,174,3,16 46 54 87080
875,,-47,923,10,1,171,3,16 46 54 87164
877,,-46,925,10,1,174,3,16 46 54 87213
878,,-47,926,10,1,171,3,16 46 54 87246
887,,-46,935,10,1,174,3,16 46 54 87463
889,,-47,937,10,1,174,3,16 46 54 87513
890,,-47,938,10,1,174,3,16 46 54 87546
892,,-47,940,10,1,171,3,16 46 54 87580
894,,-47,942,10,1,171,3,16 46 55 87646
896,,-47,944,10,1,171,3,16 46 55 87696
898,,-47,946,10,1,174,3,16 46 55 87763
900,,-47,948,10,1,171,3,16 46 55 87797
902,,-46,950,10,1,171,3,16 46 55 87846
906,,-46,954,10,1,174,3,16 46 55 87946
910,,-46,958,10,1,174,3,16 46 55 88030
914,,-46,962,1,1,171,4,16 47 28 21144
917,,-46,965,1,1,174,4,16 47 28 21210
919,,-46,967,1,1,174,4,16 47 28 21243
920,,-46,968,1,1,174,4,16 47 28 21276
923,,-49,971,1,1,171,4,16 47 28 21343
925,,-49,973,1,1,174,4,16 47 28 21376
927,,-47,975,1,1,174,4,16 47 28 21409
928,,-49,976,1,1,168,4,16 47 28 21427
931,,-49,979,1,1,174,4,16 47 28 21494
932,,-49,980,1,1,174,4,16 47 28 21510
935,,-49,983,1,1,174,4,16 47 29 21560
937,,-49,985,1,1,171,4,16 47 29 21610
938,,-49,986,1,1,174,4,16 47 29 21627
941,,-49,989,1,1,171,4,16 47 29 21694
942,,-49,990,1,1,168,4,16 47 29 21727
945,,-49,993,1,1,171,4,16 47 29 21810
950,,-49,998,1,1,174,4,16 47 29 21910
952,,-49,1000,1,1,171,4,16 47 29 21977
956,,-46,1004,1,1,174,4,16 47 29 22076
958,,-47,1006,1,1,174,4,16 47 29 22143
961,,-47,1009,1,1,171,4,16 47 29 22227
963,,-47,1011,1,1,174,4,16 47 29 22294
965,,-49,1013,1,1,174,4,16 47 29 22343
968,,-49,1016,1,1,174,4,16 47 29 22394
971,,-49,1019,1,1,171,4,16 47 29 22443
975,,-49,1023,1,1,174,4,16 47 29 22527
976,,-49,1024,1,1,171,4,16 47 30 22560
978,,-49,1026,1,1,171,4,16 47 30 22609
985,,-46,1033,1,1,174,4,16 47 30 22826
986,,-46,1034,1,1,174,4,16 47 30 22860
989,,-46,1037,1,1,174,4,16 47 30 22927
992,,-46,1040,1,1,171,4,16 47 30 22994
996,,-46,1044,2,1,174,4,16 47 32 24860
998,,-46,1046,2,1,171,4,16 47 32 24909
999,,-46,1047,2,1,171,4,16 47 32 24926
1001,,-46,1049,2,1,174,4,16 47 32 24977
1004,,-46,1052,2,1,174,4,16 47 32 25060
1006,,-46,1054,2,1,171,4,16 47 32 25110
1009,,-46,1057,2,1,171,4,16 47 32 25161
1012,,-47,1060,2,1,171,4,16 47 32 25244
1014,,-47,1062,2,1,171,4,16 47 32 25292
1018,,-47,1066,2,1,174,4,16 47 32 25409
1019,,-47,1067,2,1,174,4,16 47 32 25443
1020,,-47,1068,2,1,174,4,16 47 32 25477
1022,,-47,1070,2,1,174,4,16 47 33 25560
1023,,-49,1071,2,1,174,4,16 47 33 25593
1024,,-49,1072,2,1,174,4,16 47 33 25626
1025,,-49,1073,2,1,174,4,16 47 33 25661
1026,,-49,1074,2,1,171,4,16 47 33 25676
1029,,-50,1077,2,1,177,4,16 47 33 25727
1033,,-51,1081,2,1,174,4,16 47 33 25826
1035,,-50,1083,2,1,174,4,16 47 33 25893
1038,,-50,1086,2,1,174,4,16 47 33 25942
1041,,-51,1089,2,1,174,4,16 47 33 25994
1043,,-51,1091,2,1,168,4,16 47 33 26060
1046,,-50,1094,2,1,171,4,16 47 33 26109
1047,,-49,1095,2,1,171,4,16 47 33 26127
1049,,-50,1097,2,1,174,4,16 47 33 26160
1052,,-51,1100,2,1,174,4,16 47 33 26226
1055,,-49,1103,2,1,171,4,16 47 33 26310
1056,,-49,1104,2,1,174,4,16 47 33 26326
1058,,-50,1106,2,1,171,4,16 47 33 26359
1060,,-49,1108,2,1,174,4,16 47 33 26426
1061,,-50,1109,2,1,174,4,16 47 33 26493
1063,,-49,1111,2,1,168,4,16 47 33 26544
1065,,-50,1113,2,1,168,4,16 47 34 26593
1067,,-49,1115,2,1,168,4,16 47 34 26626
1068,,-49,1116,2,1,171,4,16 47 34 26660
1070,,-49,1118,2,1,171,4,16 47 34 26710
1072,,-49,1120,2,1,171,4,16 47 34 26743
1074,,-49,1122,2,1,174,4,16 47 34 26777
1075,,-49,1123,2,1,171,4,16 47 34 26810
1077,,-49,1125,2,1,171,4,16 47 34 26843
1079,,-49,1127,2,1,174,4,16 47 34 26876
1081,,-49,1129,2,1,171,4,16 47 34 26911
1083,,-49,1131,2,1,171,4,16 47 34 26977
1086,,-49,1134,2,1,174,4,16 47 34 27060
1087,,-49,1135,2,1,174,4,16 47 34 27077
1088,,-49,1136,2,1,174,4,16 47 34 27111
1090,,-49,1138,2,1,171,4,16 47 34 27160
1091,,-49,1139,2,1,171,4,16 47 34 27176
1094,,-49,1142,2,1,171,4,16 47 34 27227
1095,,-49,1143,2,1,171,4,16 47 34 27261
1097,,-49,1145,2,1,171,4,16 47 34 27326
1099,,-55,1222,3,1,171,4,16 47 41 34477
1100,,-55,1223,3,1,168,4,16 47 41 34527
1101,,-55,1224,3,1,171,4,16 47 41 34544
1102,,-53,1225,3,1,174,4,16 47 42 34577
1103,,-53,1226,3,1,174,4,16 47 42 34594
1104,,-53,1227,3,1,174,4,16 47 42 34627
1105,,-53,1228,3,1,174,4,16 47 42 34661
1106,,-52,1229,3,1,171,4,16 47 42 34694
1107,,-53,1230,3,1,174,4,16 47 42 34728
1108,,-53,1231,3,1,174,4,16 47 42 34761
1109,,-53,1232,3,1,171,4,16 47 42 34794
1110,,-53,1233,3,1,174,4,16 47 42 34827
1111,,-55,1234,3,1,168,4,16 47 42 34860
1112,,-55,1235,3,1,171,4,16 47 42 34893
1113,,-55,1236,3,1,174,4,16 47 42 34926
1114,,-57,1237,3,1,174,4,16 47 42 34977
1115,,-57,1238,3,1,171,4,16 47 42 34993
1116,,-58,1239,3,1,168,4,16 47 42 35027
1117,,-58,1240,3,1,174,4,16 47 42 35061
1118,,-57,1241,3,1,174,4,16 47 42 35211
1119,,-58,1242,3,1,174,4,16 47 42 35244
1120,,-58,1243,3,1,174,4,16 47 42 35293
1121,,-58,1244,3,1,174,4,16 47 42 35328
1122,,-58,1245,3,1,174,4,16 47 42 35361
1123,,-57,1246,3,1,171,4,16 47 42 35394
1124,,-58,1247,3,1,171,4,16 47 42 35427
1125,,-58,1248,3,1,174,4,16 47 42 35460
1126,,-59,1249,3,1,171,4,16 47 42 35494
1127,,-58,1250,3,1,168,4,16 47 43 35761
1128,,-57,1251,3,1,174,4,16 47 43 35793
1129,,-56,1252,3,1,171,4,16 47 43 35827
1130,,-56,1253,3,1,174,4,16 47 43 35861
1132,,-56,1255,3,1,171,4,16 47 43 35911
1133,,-57,1256,3,1,174,4,16 47 43 35927
1134,,-57,1257,3,1,165,4,16 47 43 35960
1136,,-57,1259,3,1,171,4,16 47 43 36011
1139,,-56,1262,3,1,171,4,16 47 43 36077
1140,,-56,1263,3,1,174,4,16 47 43 36111
1142,,-56,1265,3,1,174,4,16 47 43 36159
1144,,-56,1267,3,1,165,4,16 47 43 36193
1146,,-53,1269,3,1,174,4,16 47 43 36244
1149,,-55,1272,3,1,174,4,16 47 43 36294
1150,,-55,1273,3,1,168,4,16 47 43 36327
1153,,-55,1276,3,1,171,4,16 47 43 36394
1154,,-55,1277,3,1,171,4,16 47 43 36426
1157,,-56,1280,3,1,177,4,16 47 43 36478
1159,,-56,1282,3,1,174,4,16 47 43 36527
1161,,-57,1284,3,1,174,4,16 47 44 36578
1162,,-57,1285,3,1,168,4,16 47 44 36611
1165,,-56,1288,3,1,171,4,16 47 44 36660
1167,,-55,1290,3,1,174,4,16 47 44 36710
1168,,-56,1291,3,1,174,4,16 47 44 36743
1171,,-56,1294,3,1,171,4,16 47 44 36794
1172,,-57,1295,3,1,174,4,16 47 44 36827
1175,,-56,1298,3,1,171,4,16 47 44 36878
1176,,-56,1299,3,1,174,4,16 47 44 36910
1180,,-57,1303,3,1,168,4,16 47 44 36977
1181,,-57,1304,3,1,174,4,16 47 44 37011
1183,,-57,1306,3,1,171,4,16 47 44 37044
1186,,-57,1309,3,1,174,4,16 47 44 37094
1188,,-57,1311,3,1,174,4,16 47 44 37144
1192,,-53,1315,3,1,168,4,16 47 44 37277
1194,,-55,1317,3,1,171,4,16 47 44 37311
1195,,-55,1318,3,1,171,4,16 47 44 37344
1198,,-53,1321,3,1,174,4,16 47 44 37393
1199,,-55,1322,3,1,171,4,16 47 44 37427
1201,,-55,1324,3,1,171,4,16 47 44 37477
1203,,-55,1326,3,1,174,4,16 47 44 37509
1205,,-55,1328,3,1,171,4,16 47 44 37543
1206,,-55,1329,3,1,171,4,16 47 45 37594
1208,,-55,1331,3,1,174,4,16 47 45 37627
1210,,-55,1333,3,1,174,4,16 47 45 37677
1212,,-55,1335,3,1,171,4,16 47 45 37711
1215,,-55,1338,3,1,174,4,16 47 45 37777
1217,,-53,1340,3,1,168,4,16 47 45 37828
1219,,-53,1342,4,1,174,4,16 47 47 40328
1221,,-53,1344,4,1,174,4,16 47 47 40360
1222,,-53,1345,4,1,171,4,16 47 47 40378
1225,,-52,1348,4,1,168,4,16 47 47 40427
1226,,-53,1349,4,1,171,4,16 47 47 40444
1228,,-53,1351,4,1,174,4,16 47 47 40510
1231,,-52,1354,4,1,174,4,16 47 48 40577
1233,,-55,1356,4,1,168,4,16 47 48 40644
1235,,-55,1358,4,1,174,4,16 47 48 40677
1238,,-55,1361,4,1,171,4,16 47 48 40744
1240,,-55,1363,4,1,168,4,16 47 48 40778
1241,,-55,1364,4,1,174,4,16 47 48 40794
1244,,-55,1367,4,1,174,4,16 47 48 40861
1245,,-55,1368,4,1,174,4,16 47 48 40877
1246,,-55,1369,4,1,174,4,16 47 48 40911
1247,,-53,1370,4,1,171,4,16 47 48 40928
1248,,-53,1371,4,1,171,4,16 47 48 40961
1249,,-53,1372,4,1,171,4,16 47 48 40994
1250,,-53,1373,4,1,174,4,16 47 48 41027
1251,,-53,1374,4,1,174,4,16 47 48 41061
1252,,-53,1375,4,1,174,4,16 47 48 41078
1253,,-53,1376,4,1,171,4,16 47 48 41127
1254,,-53,1377,4,1,171,4,16 47 48 41144
1255,,-52,1378,4,1,171,4,16 47 48 41178
1256,,-52,1379,4,1,174,4,16 47 48 41211
1257,,-53,1380,4,1,171,4,16 47 48 41244
1258,,-53,1381,4,1,174,4,16 47 48 41277
1259,,-53,1382,4,1,171,4,16 47 48 41311
1260,,-55,1383,4,1,168,4,16 47 48 41344
1261,,-53,1384,4,1,174,4,16 47 48 41377
1262,,-53,1385,4,1,174,4,16 47 48 41411
1263,,-53,1386,4,1,174,4,16 47 48 41444
1264,,-55,1387,4,1,174,4,16 47 48 41477
1265,,-55,1388,4,1,171,4,16 47 48 41511
1266,,-55,1389,4,1,174,4,16 47 48 41544
1267,,-55,1390,4,1,171,4,16 47 49 41561
1268,,-57,1391,4,1,174,4,16 47 49 41577
1269,,-57,1392,4,1,168,4,16 47 49 41610
1270,,-57,1393,4,1,174,4,16 47 49 41645
1271,,-57,1394,4,1,174,4,16 47 49 41678
1273,,-57,1396,4,1,174,4,16 47 49 41760
1275,,-58,1398,4,1,174,4,16 47 49 41827
1276,,-58,1399,4,1,171,4,16 47 49 41860
1278,,-56,1401,4,1,174,4,16 47 49 41928
1279,,-57,1402,4,1,171,4,16 47 49 41961
1280,,-57,1403,4,1,171,4,16 47 49 42011
1281,,-57,1404,4,1,171,4,16 47 49 42044
1283,,-56,1406,4,1,174,4,16 47 49 42111
1284,,-57,1407,4,1,174,4,16 47 49 42144
1297,,-58,1420,5,1,171,4,16 47 52 44728
1299,,-57,1422,5,1,174,4,16 47 52 44777
1301,,-56,1424,5,1,168,4,16 47 52 44828
1302,,-56,1425,5,1,174,4,16 47 52 44861
1304,,-55,1427,5,1,171,4,16 47 52 44894
1306,,-55,1429,5,1,174,4,16 47 52 44944
1307,,-55,1430,5,1,174,4,16 47 52 44978
1308,,-55,1431,5,1,174,4,16 47 52 45010
1309,,-55,1432,5,1,174,4,16 47 52 45044
1310,,-55,1433,5,1,168,4,16 47 52 45078
1311,,-56,1434,5,1,174,4,16 47 52 45110
1312,,-56,1435,5,1,168,4,16 47 52 45144
1313,,-56,1436,5,1,168,4,16 47 52 45178
1314,,-56,1437,5,1,174,4,16 47 52 45211
1315,,-56,1438,5,1,174,4,16 47 52 45245
1316,,-57,1439,5,1,171,4,16 47 52 45278
1317,,-57,1440,5,1,174,4,16 47 52 45310
1318,,-55,1441,5,1,168,4,16 47 52 45345
1319,,-55,1442,5,1,168,4,16 47 52 45378
1320,,-55,1443,5,1,180,4,16 47 52 45410
1321,,-55,1444,5,1,168,4,16 47 52 45444
1322,,-55,1445,5,1,171,4,16 47 52 45477
1323,,-55,1446,5,1,174,4,16 47 52 45511
1324,,-55,1447,5,1,174,4,16 47 52 45528
1325,,-55,1448,5,1,174,4,16 47 52 45544
1326,,-55,1449,5,1,171,4,16 47 53 45576
1327,,-55,1450,5,1,171,4,16 47 53 45627
1328,,-55,1451,5,1,174,4,16 47 53 45660
1329,,-55,1452,5,1,174,4,16 47 53 45678
1330,,-55,1453,5,1,174,4,16 47 53 45711
1331,,-55,1454,5,1,174,4,16 47 53 45744
1332,,-55,1455,5,1,174,4,16 47 53 45777
1333,,-55,1456,5,1,171,4,16 47 53 45810
1334,,-55,1457,5,1,174,4,16 47 53 45844
1335,,-55,1458,5,1,174,4,16 47 53 45894
1336,,-53,1459,5,1,174,4,16 47 53 45911
1337,,-55,1460,5,1,171,4,16 47 53 45927
1338,,-55,1461,5,1,174,4,16 47 53 45961
1339,,-55,1462,5,1,171,4,16 47 53 45994
1340,,-55,1463,5,1,174,4,16 47 53 46026
1341,,-55,1464,5,1,171,4,16 47 53 46060
1342,,-55,1465,5,1,174,4,16 47 53 46095
1343,,-55,1466,5,1,171,4,16 47 53 46127
1344,,-56,1467,5,1,174,4,16 47 53 46161
1345,,-56,1468,5,1,174,4,16 47 53 46177
1346,,-55,1469,5,1,171,4,16 47 53 46211
1347,,-57,1470,5,1,168,4,16 47 53 46244
1348,,-56,1471,5,1,171,4,16 47 53 46295
1349,,-57,1472,5,1,174,4,16 47 53 46327
1350,,-56,1473,5,1,168,4,16 47 53 46360
1351,,-56,1474,5,1,174,4,16 47 53 46393
1352,,-56,1475,5,1,174,4,16 47 53 46411
1353,,-56,1476,5,1,174,4,16 47 53 46461
1354,,-57,1477,5,1,174,4,16 47 53 46511
1355,,-55,1478,5,1,171,4,16 47 53 46528
1356,,-55,1479,5,1,174,4,16 47 53 46544
1357,,-55,1480,5,1,171,4,16 47 54 46577
1358,,-55,1481,5,1,171,4,16 47 54 46610
1359,,-56,1482,6,1,171,4,16 47 56 49377
1360,,-57,1483,6,1,174,4,16 47 56 49411
1361,,-57,1484,6,1,171,4,16 47 56 49445
1362,,-57,1485,6,1,163,4,16 47 56 49478
1363,,-58,1486,6,1,171,4,16 47 56 49528
1364,,-58,1487,6,1,174,4,16 47 57 49561
1365,,-58,1488,6,1,171,4,16 47 57 49593
1366,,-57,1489,6,1,174,4,16 47 57 49627
1367,,-55,1490,6,1,174,4,16 47 57 49662
1368,,-56,1491,6,1,171,4,16 47 57 49694
1370,,-56,1493,6,1,171,4,16 47 57 49794
1374,,-58,1497,6,1,174,4,16 47 57 49911
1375,,-57,1498,6,1,168,4,16 47 57 49945
1376,,-55,1499,6,1,171,4,16 47 57 50011
1377,,-55,1500,6,1,174,4,16 47 57 50043
1378,,-55,1501,6,1,171,4,16 47 57 50077
1379,,-55,1502,6,1,171,4,16 47 57 50111
1380,,-53,1503,6,1,174,4,16 47 57 50144
1381,,-53,1504,6,1,174,4,16 47 57 50178
1382,,-53,1505,6,1,171,4,16 47 57 50195
1383,,-53,1506,6,1,174,4,16 47 57 50228
1384,,-53,1507,6,1,171,4,16 47 57 50261
1385,,-52,1508,6,1,168,4,16 47 57 50311
1386,,-52,1509,6,1,174,4,16 47 57 50345
1387,,-52,1510,6,1,171,4,16 47 57 50377
1388,,-52,1511,6,1,174,4,16 47 57 50410
1389,,-52,1512,6,1,171,4,16 47 57 50428
1390,,-52,1513,6,1,174,4,16 47 57 50477
1391,,-52,1514,6,1,174,4,16 47 57 50494
1393,,-52,1516,6,1,174,4,16 47 57 50527
1396,,-52,1519,6,1,171,4,16 47 58 50611
1397,,-52,1520,6,1,174,4,16 47 58 50627
1399,,-52,1522,6,1,174,4,16 47 58 50678
1402,,-53,1525,6,1,171,4,16 47 58 50728
1404,,-55,1527,6,1,171,4,16 47 58 50761
1405,,-55,1528,6,1,171,4,16 47 58 50811
1407,,-55,1530,6,1,171,4,16 47 58 50860
1409,,-55,1532,6,1,171,4,16 47 58 50911
1410,,-55,1533,6,1,171,4,16 47 58 50961
1413,,-56,1536,6,1,174,4,16 47 58 51011
1414,,-57,1537,6,1,171,4,16 47 58 51043
1417,,-56,1540,6,1,171,4,16 47 58 51111
1419,,-57,1542,6,1,168,4,16 47 58 51161
1421,,-55,1544,6,1,168,4,16 47 58 51195
1422,,-58,1545,6,1,174,4,16 47 58 51211
1425,,-57,1548,6,1,168,4,16 47 58 51278
1426,,-57,1549,6,1,174,4,16 47 58 51311
1429,,-57,1552,6,1,174,4,16 47 58 51361
1431,,-57,1554,6,1,174,4,16 47 58 51428
1435,,-58,1558,6,1,168,4,16 47 59 51561
1438,,-59,1561,6,1,168,4,16 47 59 51611
1442,,-58,1565,6,1,174,4,16 47 59 51744
1443,,-58,1566,6,1,171,4,16 47 59 51778
1446,,-51,1569,7,1,174,4,16 48 1 54078
1447,,-52,1570,7,1,171,4,16 48 1 54111
1449,,-51,1572,7,1,174,4,16 48 1 54161
1452,,-51,1575,7,1,174,4,16 48 1 54210
1454,,-51,1577,7,1,171,4,16 48 1 54278
1456,,-51,1579,7,1,168,4,16 48 1 54310
1458,,-51,1581,7,1,174,4,16 48 1 54361
1460,,-50,1583,7,1,171,4,16 48 1 54395
1462,,-50,1585,7,1,174,4,16 48 1 54444
1463,,-53,1586,7,1,171,4,16 48 1 54461
1465,,-53,1588,7,1,171,4,16 48 1 54494
1467,,-53,1590,7,1,174,4,16 48 1 54544
1470,,-53,1593,7,1,171,4,16 48 2 54594
1471,,-55,1594,7,1,171,4,16 48 2 54611
1473,,-55,1596,7,1,171,4,16 48 2 54678
1475,,-58,1598,7,1,174,4,16 48 2 54728
1477,,-56,1600,7,1,171,4,16 48 2 54811
1479,,-56,1602,7,1,171,4,16 48 2 54844
1482,,-56,1605,7,1,171,4,16 48 2 54894
1483,,-56,1606,7,1,171,4,16 48 2 54927
1485,,-56,1608,7,1,171,4,16 48 2 54977
1488,,-56,1611,7,1,165,4,16 48 2 55028
1489,,-57,1612,7,1,171,4,16 48 2 55045
1491,,-55,1614,7,1,174,4,16 48 2 55095
1494,,-55,1617,7,1,171,4,16 48 2 55194
1495,,-55,1618,7,1,171,4,16 48 2 55211
1496,,-55,1619,7,1,171,4,16 48 2 55228
1497,,-53,1620,7,1,171,4,16 48 2 55278
1498,,-53,1621,7,1,171,4,16 48 2 55311
1499,,-53,1622,7,1,168,4,16 48 2 55344
1500,,-53,1623,7,1,171,4,16 48 2 55378
1501,,-53,1624,7,1,174,4,16 48 2 55411
1502,,-55,1625,7,1,171,4,16 48 2 55445
1503,,-55,1626,7,1,177,4,16 48 2 55478
1504,,-55,1627,7,1,174,4,16 48 2 55511
1505,,-55,1628,7,1,168,4,16 48 2 55545
1506,,-55,1629,7,1,168,4,16 48 3 55578
1507,,-55,1630,7,1,165,4,16 48 3 55611
1508,,-55,1631,7,1,171,4,16 48 3 55645
1509,,-55,1632,7,1,174,4,16 48 3 55678
1510,,-55,1633,7,1,171,4,16 48 3 55695
1511,,-55,1634,7,1,171,4,16 48 3 55744
1512,,-55,1635,7,1,174,4,16 48 3 55762
1513,,-56,1636,7,1,174,4,16 48 3 55794
1514,,-55,1637,7,1,171,4,16 48 3 55811
1515,,-55,1638,7,1,171,4,16 48 3 55861
1516,,-55,1639,7,1,171,4,16 48 3 55894
1517,,-55,1640,7,1,174,4,16 48 3 55945
1518,,-55,1641,7,1,171,4,16 48 3 55995
1519,,-55,1642,7,1,174,4,16 48 3 56044
1520,,-53,1643,7,1,171,4,16 48 3 56078
1521,,-55,1644,7,1,174,4,16 48 3 56094
1522,,-55,1645,7,1,174,4,16 48 3 56128
1523,,-53,1646,7,1,168,4,16 48 3 56161
1524,,-55,1647,7,1,171,4,16 48 3 56194
1525,,-55,1648,7,1,177,4,16 48 3 56228
1526,,-55,1649,7,1,168,4,16 48 3 56261
1527,,-55,1650,7,1,171,4,16 48 3 56294
1529,,-53,1652,7,1,174,4,16 48 3 56360
1530,,-55,1653,7,1,171,4,16 48 3 56395
1532,,-55,1655,7,1,174,4,16 48 3 56445
1533,,-55,1656,7,1,171,4,16 48 3 56461
1534,,-55,1657,7,1,171,4,16 48 3 56494
1535,,-55,1658,7,1,171,4,16 48 3 56528
1536,,-55,1659,7,1,171,4,16 48 4 56561
1537,,-55,1660,7,1,168,4,16 48 4 56595
1538,,-55,1661,7,1,180,4,16 48 4 56628
1539,,-55,1662,7,1,174,4,16 48 4 56661
1540,,-55,1663,7,1,174,4,16 48 4 56695
1541,,-55,1664,7,1,171,4,16 48 4 56728
1542,,-55,1665,7,1,174,4,16 48 4 56761
1543,,-55,1666,7,1,171,4,16 48 4 56794
1544,,-55,1667,8,1,171,4,16 48 6 58960
1545,,-55,1668,8,1,174,4,16 48 6 58995
1546,,-53,1669,8,1,174,4,16 48 6 59027
1547,,-52,1670,8,1,174,4,16 48 6 59062
1549,,-52,1672,8,1,171,4,16 48 6 59111
1552,,-51,1675,8,1,174,4,16 48 6 59161
1553,,-51,1676,8,1,168,4,16 48 6 59178
1555,,-51,1678,8,1,174,4,16 48 6 59244
1556,,-51,1679,8,1,174,4,16 48 6 59294
1559,,-51,1682,8,1,174,4,16 48 6 59361
1560,,-50,1683,8,1,174,4,16 48 6 59379
1563,,-49,1686,8,1,174,4,16 48 6 59444
1564,,-49,1687,8,1,174,4,16 48 6 59478
1567,,-49,1690,8,1,171,4,16 48 7 59561
1572,,-49,1695,8,1,174,4,16 48 7 59661
1573,,-47,1696,8,1,171,4,16 48 7 59694
1576,,-47,1699,8,1,174,4,16 48 7 59761
1579,,-47,1702,8,1,174,4,16 48 7 59828
1582,,-47,1705,8,1,177,4,16 48 7 59895
1584,,-47,1707,8,1,171,4,16 48 7 59945
1590,,-47,1713,8,1,174,4,16 48 7 60144
1591,,-47,1714,8,1,171,4,16 48 7 60178
1594,,-47,1717,8,1,171,4,16 48 7 60244
1595,,-47,1718,8,1,174,4,16 48 7 60311
1597,,-47,1720,8,1,177,4,16 48 7 60362
1599,,-47,1722,8,1,168,4,16 48 7 60428
1601,,-49,1724,8,1,174,4,16 48 7 60495
1603,,-47,1726,8,1,174,4,16 48 7 60528
1608,,-49,1731,9,1,171,4,16 48 13 66228
1612,,-49,1735,9,1,174,4,16 48 13 66311
1614,,-49,1737,9,1,174,4,16 48 13 66345
1620,,-49,1743,9,1,171,4,16 48 13 66545
1621,,-49,1744,9,1,174,4,16 48 14 66595
1623,,-49,1746,9,1,174,4,16 48 14 66628
1626,,-49,1749,9,1,174,4,16 48 14 66695
1630,,-47,1753,9,1,171,4,16 48 14 66779
1633,,-49,1756,9,1,168,4,16 48 14 66862
1636,,-49,1759,9,1,171,4,16 48 14 66928
1637,,-49,1760,9,1,171,4,16 48 14 66962
1638,,-47,1761,9,1,171,4,16 48 14 67012
1639,,-49,1762,9,1,168,4,16 48 14 67045
1640,,-49,1763,9,1,174,4,16 48 14 67078
1649,,-49,1772,9,1,171,4,16 48 14 67328
1651,,-49,1774,9,1,171,4,16 48 14 67395
1653,,-49,1776,9,1,171,4,16 48 14 67462
1658,,-49,1781,9,1,174,4,16 48 15 67562
1660,,-49,1783,9,1,171,4,16 48 15 67612
1664,,-49,1787,9,1,174,4,16 48 15 67712
1666,,-49,1789,9,1,174,4,16 48 15 67795
1668,,-49,1791,9,1,168,4,16 48 15 67862
1671,,-49,1794,9,1,171,4,16 48 15 67945
1674,,-51,1797,9,1,171,4,16 48 15 68012
1676,,-51,1799,9,1,171,4,16 48 15 68062
1679,,-51,1802,9,1,174,4,16 48 15 68128
1683,,-50,1806,9,1,171,4,16 48 15 68212
1684,,-49,1807,9,1,171,4,16 48 15 68244
1686,,-51,1809,9,1,174,4,16 48 15 68279
1689,,-50,1812,9,1,168,4,16 48 15 68345
1691,,-49,1814,9,1,171,4,16 48 15 68378
1696,,-49,1819,9,1,171,4,16 48 15 68462
1697,,-49,1820,9,1,174,4,16 48 15 68495
1702,,-49,1825,9,1,171,4,16 48 16 68612
1703,,-49,1826,9,1,168,4,16 48 16 68646
1706,,-49,1829,9,1,171,4,16 48 16 68712
1707,,-49,1830,9,1,174,4,16 48 16 68762
1711,,-49,1834,9,1,174,4,16 48 16 68879
1713,,-50,1836,9,1,174,4,16 48 16 68912
1714,,-51,1837,9,1,168,4,16 48 16 68945
1716,,-51,1839,9,1,171,4,16 48 16 68979
1720,,-51,1843,9,1,168,4,16 48 16 69162
1722,,-52,1845,9,1,174,4,16 48 16 69262
1723,,-51,1846,9,1,174,4,16 48 16 69312
1728,,-49,1851,9,1,174,4,16 48 16 69446
1730,,-49,1853,9,1,168,4,16 48 16 69512
1733,,-49,1856,9,1,171,4,16 48 17 69562
1735,,-49,1858,9,1,177,4,16 48 17 69595
1739,,-49,1862,9,1,168,4,16 48 17 69678
1744,,-49,1867,9,1,174,4,16 48 17 69828
1747,,-49,1870,10,1,171,4,16 48 20 72845
1748,,-49,1871,10,1,174,4,16 48 20 72862
1751,,-49,1874,10,1,174,4,16 48 20 72962
1753,,-49,1876,10,1,174,4,16 48 20 73028
1757,,-49,1880,10,1,174,4,16 48 20 73112
1760,,-49,1883,10,1,168,4,16 48 20 73212
1762,,-49,1885,10,1,174,4,16 48 20 73262
1767,,-49,1890,10,1,174,4,16 48 20 73362
1770,,-49,1893,10,1,174,4,16 48 20 73429
1774,,-49,1897,10,1,174,4,16 48 20 73512
1776,,-49,1899,10,1,174,4,16 48 21 73561
1779,,-49,1902,10,1,177,4,16 48 21 73628
1781,,-49,1904,10,1,171,4,16 48 21 73679
1783,,-50,1906,10,1,174,4,16 48 21 73729
1785,,-51,1908,10,1,174,4,16 48 21 73796
1789,,-51,1912,10,1,174,4,16 48 21 73878
1790,,-50,1913,10,1,174,4,16 48 21 73912
1797,,-50,1920,10,1,174,4,16 48 21 74128
1800,,-49,1923,10,1,171,4,16 48 21 74195
1802,,-50,1925,10,1,174,4,16 48 21 74229
1806,,-49,1929,10,1,168,4,16 48 21 74345
1808,,-49,1931,10,1,174,4,16 48 21 74396
1810,,-49,1933,10,1,168,4,16 48 21 74462
1813,,-49,1936,10,1,171,4,16 48 21 74529
1818,,-49,1941,10,1,174,4,16 48 22 74645
1820,,-49,1943,10,1,177,4,16 48 22 74712
1821,,-49,1944,10,1,168,4,16 48 22 74728
1822,,-49,1945,10,1,171,4,16 48 22 74762
1824,,-49,1947,10,1,168,4,16 48 22 74812
1826,,-49,1949,10,1,174,4,16 48 22 74862
1832,,-49,1955,10,1,174,4,16 48 22 75029
1836,,-49,1959,10,1,171,4,16 48 22 75112
1839,,-49,1962,10,1,174,4,16 48 22 75179
1842,,-49,1965,10,1,171,4,16 48 22 75245
1844,,-49,1967,10,1,171,4,16 48 22 75296
1847,,-50,1970,10,1,174,4,16 48 22 75395
1848,,-47,1971,1,1,174,5,16 48 48 14489
1853,,-47,1976,1,1,174,5,16 48 48 14590
1856,,-46,1979,1,1,174,5,16 48 48 14656
1859,,-49,1982,1,1,174,5,16 48 48 14756
1862,,-49,1985,1,1,171,5,16 48 48 14823
1866,,-49,1989,1,1,174,5,16 48 48 14922
1867,,-49,1990,1,1,174,5,16 48 48 14940
1870,,-49,1993,1,1,171,5,16 48 48 14990
1873,,-49,1996,1,1,168,5,16 48 48 15057
1876,,-49,1999,1,1,171,5,16 48 49 15156
1878,,-49,2001,1,1,171,5,16 48 49 15189
1882,,-49,2005,1,1,174,5,16 48 49 15290
1885,,-49,2008,1,1,171,5,16 48 49 15373
1889,,-49,2012,1,1,171,5,16 48 49 15472
1892,,-49,2015,1,1,174,5,16 48 49 15539
1894,,-49,2017,1,1,171,5,16 48 49 15589
1896,,-49,2019,1,1,168,5,16 48 49 15639
1897,,-50,2020,1,1,174,5,16 48 49 15689
1903,,-49,2026,1,1,171,5,16 48 49 15840
1906,,-49,2029,1,1,174,5,16 48 49 15956
1907,,-49,2030,1,1,171,5,16 48 49 16007
1909,,-47,2032,1,1,168,5,16 48 49 16039
1911,,-47,2034,1,1,168,5,16 48 49 16073
1914,,-47,2037,1,1,171,5,16 48 50 16123
1918,,-47,2041,1,1,174,5,16 48 50 16223
1919,,-47,2042,1,1,171,5,16 48 50 16256
1922,,-47,2045,1,1,174,5,16 48 50 16306
1924,,-47,2047,1,1,174,5,16 48 50 16340
1928,,-49,2051,1,1,171,5,16 48 50 16456
1929,,-47,2052,1,1,174,5,16 48 50 16506
1932,,-47,2055,1,1,174,5,16 48 50 16556
1934,,-47,2057,1,1,174,5,16 48 50 16605
1938,,-47,2061,1,1,171,5,16 48 50 16690
1940,,-47,2063,1,1,174,5,16 48 50 16738
1941,,-47,2064,1,1,174,5,16 48 50 16774
1944,,-49,2067,1,1,174,5,16 48 50 16824
1949,,-47,2072,1,1,174,5,16 48 50 16957
1951,,-47,2074,1,1,168,5,16 48 50 16989
1954,,-47,2077,1,1,174,5,16 48 50 17039
1959,,-49,2082,2,1,171,5,16 48 52 18573
1961,,-49,2084,2,1,174,5,16 48 52 18639
1962,,-47,2085,2,1,174,5,16 48 52 18673
1965,,-47,2088,2,1,174,5,16 48 52 18723
1970,,-49,2093,2,1,171,5,16 48 52 18856
1973,,-49,2096,2,1,171,5,16 48 52 18940
1977,,-49,2100,2,1,174,5,16 48 52 19073
1979,,-49,2102,2,1,174,5,16 48 53 19107
1983,,-49,2106,2,1,174,5,16 48 53 19224
1985,,-49,2108,2,1,171,5,16 48 53 19273
1988,,-49,2111,2,1,174,5,16 48 53 19324
1991,,-47,2114,2,1,174,5,16 48 53 19390
1994,,-49,2117,2,1,174,5,16 48 53 19456
1995,,-47,2118,2,1,168,5,16 48 53 19489
1996,,-49,2119,2,1,174,5,16 48 53 19522
1999,,-49,2122,2,1,171,5,16 48 53 19590
2000,,-49,2123,2,1,168,5,16 48 53 19623
2001,,-49,2124,2,1,171,5,16 48 53 19656
2003,,-49,2126,2,1,171,5,16 48 53 19724
2006,,-49,2129,2,1,171,5,16 48 53 19807
2008,,-49,2131,2,1,174,5,16 48 53 19839
2009,,-49,2132,2,1,174,5,16 48 53 19874
2011,,-49,2134,2,1,174,5,16 48 53 19905
2013,,-49,2136,2,1,171,5,16 48 53 19957
2015,,-47,2138,2,1,171,5,16 48 53 19989
2018,,-47,2141,2,1,174,5,16 48 53 20056
2020,,-47,2143,2,1,171,5,16 48 53 20089
2023,,-47,2146,2,1,174,5,16 48 54 20156
2026,,-47,2149,2,1,171,5,16 48 54 20223
2030,,-47,2153,2,1,174,5,16 48 54 20322
2032,,-47,2155,2,1,171,5,16 48 54 20389
2033,,-46,2156,2,1,171,5,16 48 54 20440
2036,,-47,2159,2,1,171,5,16 48 54 20524
2039,,-47,2162,2,1,171,5,16 48 54 20606
2040,,-47,2163,2,1,171,5,16 48 54 20639
2041,,-55,2251,3,1,174,5,16 49 3 29340
2042,,-55,2252,3,1,174,5,16 49 3 29373
2043,,-55,2253,3,1,174,5,16 49 3 29407
2044,,-55,2254,3,1,174,5,16 49 3 29439
2045,,-55,2255,3,1,177,5,16 49 3 29474
2047,,-55,2257,3,1,174,5,16 49 3 29540
2048,,-52,2258,3,1,174,5,16 49 3 29572
2049,,-51,2259,3,1,168,5,16 49 3 29590
2051,,-51,2261,3,1,168,5,16 49 3 29640
2053,,-51,2263,3,1,171,5,16 49 3 29707
2055,,-51,2265,3,1,171,5,16 49 3 29740
2057,,-52,2267,3,1,174,5,16 49 3 29774
2058,,-52,2268,3,1,171,5,16 49 3 29824
2059,,-52,2269,3,1,174,5,16 49 3 29857
2060,,-52,2270,3,1,171,5,16 49 3 29890
2061,,-52,2271,3,1,174,5,16 49 3 29923
2062,,-53,2272,3,1,168,5,16 49 3 29957
2063,,-53,2273,3,1,171,5,16 49 3 29990
2064,,-55,2274,3,1,171,5,16 49 3 30007
2065,,-55,2275,3,1,171,5,16 49 3 30040
2066,,-55,2276,3,1,174,5,16 49 3 30074
2067,,-55,2277,3,1,174,5,16 49 4 30108
2068,,-55,2278,3,1,174,5,16 49 4 30157
2069,,-55,2279,3,1,171,5,16 49 4 30190
2072,,-56,2282,3,1,171,5,16 49 4 30273
2078,,-57,2288,3,1,171,5,16 49 4 30474
2079,,-57,2289,3,1,171,5,16 49 4 30541
2080,,-55,2290,3,1,168,5,16 49 4 30574
2081,,-56,2291,3,1,171,5,16 49 4 30590
2082,,-56,2292,3,1,174,5,16 49 4 30607
2083,,-55,2293,3,1,174,5,16 49 4 30657
2084,,-55,2294,3,1,168,5,16 49 4 30690
2085,,-55,2295,3,1,168,5,16 49 4 30707
2086,,-53,2296,3,1,177,5,16 49 4 30741
2087,,-53,2297,3,1,168,5,16 49 4 30790
2090,,-52,2300,3,1,168,5,16 49 4 30841
2092,,-52,2302,3,1,171,5,16 49 4 30890
2093,,-52,2303,3,1,174,5,16 49 4 30924
2095,,-52,2305,3,1,174,5,16 49 4 30973
2096,,-52,2306,3,1,171,5,16 49 4 30991
2099,,-51,2309,3,1,174,5,16 49 4 31057
2100,,-52,2310,3,1,174,5,16 49 4 31074
2102,,-52,2312,3,1,168,5,16 49 5 31107
2104,,-52,2314,3,1,174,5,16 49 5 31157
2106,,-52,2316,3,1,174,5,16 49 5 31190
2108,,-52,2318,3,1,171,5,16 49 5 31241
2110,,-52,2320,3,1,171,5,16 49 5 31274
2113,,-55,2323,3,1,174,5,16 49 5 31357
2115,,-53,2325,3,1,168,5,16 49 5 31407
2116,,-55,2326,3,1,174,5,16 49 5 31424
2118,,-55,2328,3,1,174,5,16 49 5 31474
2120,,-55,2330,3,1,171,5,16 49 5 31507
2122,,-53,2332,3,1,174,5,16 49 5 31557
2125,,-55,2335,3,1,174,5,16 49 5 31606
2126,,-55,2336,3,1,171,5,16 49 5 31623
2128,,-55,2338,3,1,174,5,16 49 5 31657
2130,,-55,2340,3,1,171,5,16 49 5 31690
2132,,-53,2342,3,1,174,5,16 49 5 31724
2134,,-55,2344,3,1,168,5,16 49 5 31757
2136,,-55,2346,3,1,168,5,16 49 5 31807
2139,,-55,2349,3,1,174,5,16 49 5 31856
2140,,-55,2350,3,1,171,5,16 49 5 31890
2142,,-53,2352,4,1,174,5,16 49 8 34307
2143,,-52,2353,4,1,171,5,16 49 8 34357
2145,,-52,2355,4,1,171,5,16 49 8 34391
2147,,-52,2357,4,1,174,5,16 49 8 34424
2148,,-53,2358,4,1,174,5,16 49 8 34457
2150,,-53,2360,4,1,174,5,16 49 8 34490
2152,,-52,2362,4,1,174,5,16 49 8 34540
2154,,-52,2364,4,1,174,5,16 49 8 34573
2155,,-53,2365,4,1,171,5,16 49 8 34606
2156,,-53,2366,4,1,171,5,16 49 8 34623
2157,,-55,2367,4,1,174,5,16 49 8 34657
2158,,-55,2368,4,1,171,5,16 49 8 34691
2159,,-55,2369,4,1,174,5,16 49 8 34740
2160,,-55,2370,4,1,171,5,16 49 8 34773
2161,,-55,2371,4,1,174,5,16 49 8 34807
2162,,-55,2372,4,1,174,5,16 49 8 34840
2163,,-55,2373,4,1,171,5,16 49 8 34857
2164,,-57,2374,4,1,174,5,16 49 8 34874
2165,,-57,2375,4,1,171,5,16 49 8 34907
2166,,-57,2376,4,1,171,5,16 49 8 34940
2167,,-56,2377,4,1,174,5,16 49 8 34990
2168,,-57,2378,4,1,174,5,16 49 8 35024
2169,,-57,2379,4,1,171,5,16 49 8 35058
2170,,-56,2380,4,1,168,5,16 49 8 35090
2171,,-56,2381,4,1,174,5,16 49 9 35123
2172,,-57,2382,4,1,174,5,16 49 9 35156
2173,,-57,2383,4,1,171,5,16 49 9 35190
2174,,-57,2384,4,1,177,5,16 49 9 35239
2175,,-55,2385,4,1,171,5,16 49 9 35257
2176,,-55,2386,4,1,171,5,16 49 9 35290
2177,,-55,2387,4,1,171,5,16 49 9 35307
2178,,-55,2388,4,1,174,5,16 49 9 35340
2179,,-55,2389,4,1,171,5,16 49 9 35374
2180,,-55,2390,4,1,174,5,16 49 9 35407
2181,,-55,2391,4,1,171,5,16 49 9 35441
2182,,-55,2392,4,1,174,5,16 49 9 35474
2190,,-58,2400,4,1,171,5,16 49 9 35757
2193,,-58,2403,4,1,174,5,16 49 9 35808
2195,,-55,2405,4,1,168,5,16 49 9 35889
2196,,-55,2406,4,1,174,5,16 49 9 35923
2197,,-55,2407,4,1,174,5,16 49 9 35957
2198,,-55,2408,4,1,174,5,16 49 9 35990
2199,,-55,2409,4,1,168,5,16 49 9 36041
2200,,-55,2410,4,1,174,5,16 49 9 36074
2201,,-55,2411,4,1,168,5,16 49 10 36107
2202,,-55,2412,4,1,174,5,16 49 10 36140
2203,,-55,2413,4,1,174,5,16 49 10 36191
2204,,-56,2414,4,1,174,5,16 49 10 36223
2205,,-55,2415,5,1,171,5,16 49 11 37707
2206,,-55,2416,5,1,174,5,16 49 11 37740
2207,,-55,2417,5,1,174,5,16 49 11 37774
2208,,-55,2418,5,1,174,5,16 49 11 37807
2210,,-56,2420,5,1,171,5,16 49 11 37889
2213,,-55,2423,5,1,171,5,16 49 11 37957
2214,,-55,2424,5,1,174,5,16 49 11 37973
2217,,-55,2427,5,1,174,5,16 49 11 38041
2218,,-55,2428,5,1,171,5,16 49 11 38057
2221,,-53,2431,5,1,171,5,16 49 12 38123
2222,,-55,2432,5,1,171,5,16 49 12 38157
2224,,-55,2434,5,1,174,5,16 49 12 38190
2226,,-53,2436,5,1,171,5,16 49 12 38240
2227,,-52,2437,5,1,174,5,16 49 12 38257
2230,,-53,2440,5,1,171,5,16 49 12 38324
2231,,-52,2441,5,1,171,5,16 49 12 38341
2232,,-53,2442,5,1,171,5,16 49 12 38407
2234,,-52,2444,5,1,174,5,16 49 12 38457
2235,,-53,2445,5,1,171,5,16 49 12 38491
2236,,-53,2446,5,1,168,5,16 49 12 38507
2237,,-55,2447,5,1,171,5,16 49 12 38541
2238,,-55,2448,5,1,174,5,16 49 12 38574
2239,,-53,2449,5,1,174,5,16 49 12 38623
2240,,-53,2450,5,1,168,5,16 49 12 38658
2241,,-53,2451,5,1,171,5,16 49 12 38689
2242,,-55,2452,5,1,180,5,16 49 12 38723
2243,,-53,2453,5,1,171,5,16 49 12 38757
2244,,-53,2454,5,1,174,5,16 49 12 38790
2245,,-53,2455,5,1,174,5,16 49 12 38824
2246,,-55,2456,5,1,171,5,16 49 12 38857
2247,,-55,2457,5,1,168,5,16 49 12 38874
2248,,-53,2458,5,1,171,5,16 49 12 38907
2249,,-55,2459,5,1,171,5,16 49 12 38941
2250,,-53,2460,5,1,174,5,16 49 12 38973
2251,,-53,2461,5,1,174,5,16 49 12 39007
2252,,-55,2462,5,1,174,5,16 49 12 39041
2253,,-55,2463,5,1,171,5,16 49 12 39074
2254,,-53,2464,5,1,174,5,16 49 13 39108
2255,,-53,2465,5,1,174,5,16 49 13 39174
2256,,-55,2466,5,1,174,5,16 49 13 39207
2257,,-53,2467,5,1,171,5,16 49 13 39240
2259,,-53,2469,5,1,174,5,16 49 13 39290
2261,,-53,2471,5,1,171,5,16 49 13 39340
2262,,-53,2472,5,1,174,5,16 49 13 39373
2263,,-53,2473,5,1,171,5,16 49 13 39424
2265,,-55,2475,6,1,174,5,16 49 15 42074
2266,,-53,2476,6,1,174,5,16 49 16 42107
2267,,-53,2477,6,1,174,5,16 49 16 42158
2268,,-55,2478,6,1,171,5,16 49 16 42191
2269,,-53,2479,6,1,171,5,16 49 16 42207
2270,,-55,2480,6,1,171,5,16 49 16 42241
2272,,-52,2482,6,1,171,5,16 49 16 42307
2275,,-53,2485,6,1,171,5,16 49 16 42390
2276,,-53,2486,6,1,168,5,16 49 16 42407
2279,,-52,2489,6,1,171,5,16 49 16 42490
2281,,-52,2491,6,1,171,5,16 49 16 42523
2282,,-52,2492,6,1,171,5,16 49 16 42540
2283,,-52,2493,6,1,174,5,16 49 16 42574
2284,,-52,2494,6,1,174,5,16 49 16 42624
2285,,-52,2495,6,1,174,5,16 49 16 42658
2287,,-52,2497,6,1,171,5,16 49 16 42706
2289,,-53,2499,6,1,174,5,16 49 16 42758
2291,,-55,2501,6,1,171,5,16 49 16 42807
2293,,-55,2503,6,1,174,5,16 49 16 42841
2294,,-56,2504,6,1,174,5,16 49 16 42874
2296,,-55,2506,6,1,171,5,16 49 16 42941
2298,,-55,2508,6,1,174,5,16 49 16 42991
2299,,-55,2509,6,1,174,5,16 49 16 43040
2300,,-55,2510,6,1,174,5,16 49 16 43074
2301,,-55,2511,6,1,174,5,16 49 17 43108
2302,,-55,2512,6,1,171,5,16 49 17 43140
2303,,-55,2513,6,1,177,5,16 49 17 43173
2304,,-53,2514,6,1,171,5,16 49 17 43191
2306,,-55,2516,6,1,171,5,16 49 17 43258
2307,,-55,2517,6,1,174,5,16 49 17 43273
2308,,-55,2518,6,1,174,5,16 49 17 43308
2309,,-55,2519,6,1,171,5,16 49 17 43341
2310,,-55,2520,6,1,174,5,16 49 17 43374
2311,,-55,2521,6,1,168,5,16 49 17 43408
2312,,-55,2522,6,1,168,5,16 49 17 43441
2313,,-53,2523,6,1,174,5,16 49 17 43473
2314,,-53,2524,6,1,171,5,16 49 17 43507
2315,,-52,2525,6,1,171,5,16 49 17 43540
2318,,-52,2528,6,1,171,5,16 49 17 43623
2320,,-51,2530,6,1,174,5,16 49 17 43657
2321,,-52,2531,6,1,171,5,16 49 17 43674
2323,,-52,2533,6,1,174,5,16 49 17 43707
2325,,-53,2535,6,1,174,5,16 49 17 43758
2327,,-53,2537,6,1,171,5,16 49 17 43791
2330,,-53,2540,6,1,168,5,16 49 17 43841
2331,,-55,2541,6,1,174,5,16 49 17 43857
2334,,-55,2544,6,1,174,5,16 49 17 43908
2336,,-55,2546,6,1,174,5,16 49 17 43958
2338,,-55,2548,6,1,174,5,16 49 17 44024
2339,,-55,2549,6,1,174,5,16 49 17 44057
2341,,-55,2551,6,1,171,5,16 49 17 44091
2344,,-55,2554,6,1,174,5,16 49 18 44158
2345,,-55,2555,6,1,174,5,16 49 18 44207
2347,,-52,2557,6,1,171,5,16 49 18 44274
2350,,-53,2560,6,1,171,5,16 49 18 44324
2351,,-53,2561,6,1,174,5,16 49 18 44358
2353,,-52,2563,6,1,171,5,16 49 18 44407
2355,,-52,2565,6,1,174,5,16 49 18 44440
2359,,-52,2569,6,1,174,5,16 49 18 44540
2361,,-52,2571,6,1,177,5,16 49 18 44574
2363,,-52,2573,6,1,180,5,16 49 18 44625
2365,,-52,2575,6,1,177,5,16 49 18 44674
2367,,-52,2577,6,1,168,5,16 49 18 44708
2368,,-52,2578,6,1,168,5,16 49 18 44724
2371,,-52,2581,6,1,174,5,16 49 18 44775
2373,,-55,2583,6,1,174,5,16 49 18 44825
2376,,-55,2586,6,1,171,5,16 49 18 44874
2377,,-55,2587,6,1,174,5,16 49 18 44908
2380,,-55,2590,6,1,174,5,16 49 18 44973
2382,,-55,2592,6,1,174,5,16 49 18 45007
2383,,-55,2593,6,1,168,5,16 49 18 45040
2386,,-55,2596,6,1,174,5,16 49 18 45090
2387,,-55,2597,6,1,174,5,16 49 19 45107
2389,,-55,2599,6,1,174,5,16 49 19 45141
2391,,-52,2601,7,1,171,5,16 49 20 46807
2393,,-53,2603,7,1,174,5,16 49 20 46874
2394,,-53,2604,7,1,174,5,16 49 20 46907
2396,,-55,2606,7,1,171,5,16 49 20 46941
2399,,-52,2609,7,1,174,5,16 49 20 47007
2401,,-53,2611,7,1,171,5,16 49 20 47041
2403,,-53,2613,7,1,174,5,16 49 20 47074
2404,,-53,2614,7,1,174,5,16 49 20 47091
2407,,-53,2617,7,1,168,5,16 49 21 47158
2409,,-51,2619,7,1,171,5,16 49 21 47190
2410,,-52,2620,7,1,174,5,16 49 21 47208
2412,,-52,2622,7,1,171,5,16 49 21 47257
2414,,-52,2624,7,1,171,5,16 49 21 47307
2419,,-57,2629,7,1,168,5,16 49 21 47475
2422,,-55,2632,7,1,174,5,16 49 21 47525
2423,,-55,2633,7,1,174,5,16 49 21 47558
2426,,-55,2636,7,1,174,5,16 49 21 47624
2428,,-55,2638,7,1,174,5,16 49 21 47675
2430,,-55,2640,7,1,174,5,16 49 21 47741
2431,,-55,2641,7,1,168,5,16 49 21 47758
2433,,-57,2643,7,1,171,5,16 49 21 47807
2434,,-56,2644,7,1,171,5,16 49 21 47824
2436,,-55,2646,7,1,168,5,16 49 21 47874
2437,,-55,2647,7,1,171,5,16 49 21 47907
2440,,-53,2650,7,1,174,5,16 49 21 47974
2441,,-52,2651,7,1,174,5,16 49 21 48008
2444,,-52,2654,7,1,174,5,16 49 21 48091
2445,,-52,2655,7,1,168,5,16 49 22 48108
2446,,-52,2656,7,1,171,5,16 49 22 48140
2447,,-51,2657,7,1,171,5,16 49 22 48175
2448,,-52,2658,7,1,171,5,16 49 22 48208
2450,,-52,2660,7,1,168,5,16 49 22 48275
2452,,-51,2662,7,1,174,5,16 49 22 48308
2454,,-52,2664,7,1,171,5,16 49 22 48341
2456,,-52,2666,7,1,171,5,16 49 22 48390
2457,,-51,2667,7,1,174,5,16 49 22 48424
2460,,-51,2670,7,1,174,5,16 49 22 48490
2467,,-51,2677,7,1,174,5,16 49 22 48675
2471,,-51,2681,7,1,171,5,16 49 22 48774
2472,,-52,2682,7,1,174,5,16 49 22 48790
2476,,-51,2686,7,1,171,5,16 49 22 48875
2479,,-52,2689,7,1,171,5,16 49 22 48941
2482,,-52,2692,7,1,171,5,16 49 22 49057
2485,,-52,2695,7,1,174,5,16 49 23 49108
2487,,-51,2697,7,1,171,5,16 49 23 49158
2489,,-51,2699,7,1,174,5,16 49 23 49208
2491,,-51,2701,7,1,174,5,16 49 23 49242
2495,,-50,2705,8,1,174,5,16 49 25 51207
2496,,-50,2706,8,1,174,5,16 49 25 51223
2498,,-50,2708,8,1,174,5,16 49 25 51258
2500,,-50,2710,8,1,174,5,16 49 25 51324
2502,,-50,2712,8,1,174,5,16 49 25 51375
2503,,-51,2713,8,1,171,5,16 49 25 51408
2506,,-49,2716,8,1,174,5,16 49 25 51474
2508,,-49,2718,8,1,174,5,16 49 25 51524
2511,,-50,2721,8,1,171,5,16 49 25 51641
2515,,-50,2725,8,1,171,5,16 49 25 51725
2517,,-49,2727,8,1,174,5,16 49 25 51825
2521,,-47,2731,8,1,174,5,16 49 25 51907
2523,,-49,2733,8,1,174,5,16 49 25 51958
2526,,-49,2736,8,1,171,5,16 49 25 52041
2528,,-49,2738,8,1,174,5,16 49 25 52091
2530,,-49,2740,8,1,174,5,16 49 26 52124
2532,,-49,2742,8,1,171,5,16 49 26 52158
2536,,-49,2746,8,1,174,5,16 49 26 52241
2537,,-49,2747,8,1,174,5,16 49 26 52274
2540,,-49,2750,8,1,171,5,16 49 26 52341
2541,,-49,2751,8,1,168,5,16 49 26 52375
2543,,-49,2753,8,1,171,5,16 49 26 52441
2547,,-47,2757,8,1,174,5,16 49 26 52541
2549,,-49,2759,8,1,174,5,16 49 26 52592
2553,,-49,2763,8,1,168,5,16 49 26 52692
2556,,-49,2766,8,1,174,5,16 49 26 52774
2559,,-49,2769,8,1,171,5,16 49 26 52825
2562,,-49,2772,8,1,171,5,16 49 26 52892
2567,,-49,2777,8,1,174,5,16 49 26 53024
2570,,-49,2780,8,1,174,5,16 49 26 53091
2571,,-49,2781,8,1,174,5,16 49 27 53124
2574,,-49,2784,9,1,174,5,16 49 29 55208
2578,,-49,2788,9,1,177,5,16 49 29 55291
2582,,-49,2792,9,1,171,5,16 49 29 55392
2585,,-49,2795,9,1,174,5,16 49 29 55475
2589,,-49,2799,9,1,174,5,16 49 29 55574
2590,,-47,2800,9,1,174,5,16 49 29 55608
2592,,-47,2802,9,1,174,5,16 49 29 55641
2596,,-49,2806,9,1,174,5,16 49 29 55758
2605,,-47,2815,9,1,174,5,16 49 29 55991
2608,,-47,2818,9,1,174,5,16 49 29 56075
2610,,-49,2820,9,1,171,5,16 49 30 56125
2612,,-49,2822,9,1,174,5,16 49 30 56174
2615,,-49,2825,9,1,174,5,16 49 30 56225
2617,,-49,2827,9,1,174,5,16 49 30 56275
2619,,-49,2829,9,1,174,5,16 49 30 56324
2621,,-49,2831,9,1,174,5,16 49 30 56375
2623,,-49,2833,9,1,174,5,16 49 30 56475
2626,,-49,2836,9,1,174,5,16 49 30 56542
2627,,-49,2837,9,1,171,5,16 49 30 56575
2630,,-49,2840,9,1,171,5,16 49 30 56658
2631,,-49,2841,9,1,174,5,16 49 30 56691
2634,,-49,2844,9,1,174,5,16 49 30 56758
2637,,-49,2847,9,1,171,5,16 49 30 56824
2640,,-49,2850,9,1,174,5,16 49 30 56874
2642,,-49,2852,9,1,171,5,16 49 30 56908
2646,,-49,2856,9,1,174,5,16 49 30 56991
2648,,-49,2858,9,1,174,5,16 49 30 57042
2651,,-49,2861,9,1,174,5,16 49 30 57091
2656,,-49,2866,9,1,174,5,16 49 31 57225
2659,,-50,2869,9,1,174,5,16 49 31 57291
2662,,-49,2872,9,1,174,5,16 49 31 57391
2664,,-49,2874,9,1,174,5,16 49 31 57442
2666,,-49,2876,9,1,171,5,16 49 31 57492
2667,,-49,2877,9,1,174,5,16 49 31 57508
2670,,-49,2880,9,1,174,5,16 49 31 57558
2672,,-49,2882,9,1,174,5,16 49 31 57608
2674,,-49,2884,9,1,174,5,16 49 31 57642
2676,,-49,2886,9,1,171,5,16 49 31 57675
2677,,-50,2887,9,1,174,5,16 49 31 57692
2680,,-51,2890,9,1,171,5,16 49 31 57758
2682,,-50,2892,9,1,171,5,16 49 31 57808
2685,,-50,2895,9,1,174,5,16 49 31 57858
2686,,-51,2896,9,1,171,5,16 49 31 57874
2688,,-50,2898,9,1,171,5,16 49 31 57908
2690,,-50,2900,9,1,174,5,16 49 31 57942
2693,,-50,2903,9,1,174,5,16 49 31 58025
2694,,-50,2904,9,1,171,5,16 49 31 58041
2697,,-50,2907,9,1,174,5,16 49 31 58091
2699,,-50,2909,9,1,174,5,16 49 32 58124
2701,,-49,2911,9,1,174,5,16 49 32 58158
2703,,-50,2913,9,1,171,5,16 49 32 58191
2705,,-50,2915,9,1,171,5,16 49 32 58225
2706,,-51,2916,9,1,171,5,16 49 32 58241
2709,,-51,2919,9,1,171,5,16 49 32 58324
2711,,-50,2921,9,1,168,5,16 49 32 58392
2713,,-50,2923,9,1,174,5,16 49 32 58459
2714,,-50,2924,9,1,168,5,16 49 32 58475
2717,,-49,2927,9,1,171,5,16 49 32 58525
2719,,-49,2929,9,1,171,5,16 49 32 58558
2721,,-50,2931,9,1,174,5,16 49 32 58591
2723,,-49,2933,9,1,171,5,16 49 32 58625
2725,,-49,2935,9,1,168,5,16 49 32 58675
2726,,-50,2936,9,1,174,5,16 49 32 58692
2729,,-49,2939,9,1,174,5,16 49 32 58741
2731,,-50,2941,9,1,174,5,16 49 32 58774
2733,,-50,2943,9,1,171,5,16 49 32 58807
2734,,-50,2944,9,1,174,5,16 49 32 58825
2736,,-51,2946,9,1,174,5,16 49 32 58891
2738,,-51,2948,10,1,168,5,16 49 35 61575
2741,,-51,2951,10,1,171,5,16 49 35 61691
2742,,-49,2952,10,1,174,5,16 49 35 61725
2744,,-49,2954,10,1,171,5,16 49 35 61758
2746,,-49,2956,10,1,171,5,16 49 35 61791
2747,,-49,2957,10,1,171,5,16 49 35 61841
2749,,-49,2959,10,1,174,5,16 49 35 61891
2752,,-49,2962,10,1,174,5,16 49 35 61959
2754,,-50,2964,10,1,174,5,16 49 35 61992
2755,,-49,2965,10,1,168,5,16 49 35 62024
2759,,-51,2969,10,1,174,5,16 49 36 62125
2761,,-50,2971,10,1,174,5,16 49 36 62174
2764,,-50,2974,10,1,171,5,16 49 36 62241
2767,,-49,2977,10,1,174,5,16 49 36 62308
2773,,-51,2983,10,1,174,5,16 49 36 62458
2776,,-51,2986,10,1,174,5,16 49 36 62525
2780,,-51,2990,10,1,174,5,16 49 36 62640
2782,,-51,2992,10,1,174,5,16 49 36 62707
2786,,-50,2996,10,1,171,5,16 49 36 62792
2789,,-50,2999,10,1,168,5,16 49 36 62841
2791,,-50,3001,10,1,174,5,16 49 36 62909
2793,,-49,3003,10,1,174,5,16 49 36 62957
2795,,-50,3005,10,1,171,5,16 49 36 62991
2798,,-49,3008,10,1,171,5,16 49 36 63058
2800,,-49,3010,10,1,174,5,16 49 37 63109
2801,,-49,3011,10,1,174,5,16 49 37 63141
2803,,-49,3013,10,1,174,5,16 49 37 63174
2807,,-49,3017,10,1,171,5,16 49 37 63258
2809,,-49,3019,10,1,171,5,16 49 37 63290
2811,,-50,3021,10,1,171,5,16 49 37 63342
2814,,-50,3024,10,1,174,5,16 49 37 63392
2816,,-51,3026,10,1,171,5,16 49 37 63442
2818,,-50,3028,10,1,171,5,16 49 37 63475
2822,,-50,3032,10,1,174,5,16 49 37 63558
2826,,-50,3036,10,1,171,5,16 49 37 63675
2832,,-49,3042,10,1,174,5,16 49 37 63826
2835,,-49,3045,10,1,171,5,16 49 37 63942
2839,,-49,3049,10,1,174,5,16 49 37 64009
2842,,-46,3052,1,1,168,6,16 50 6 17934
2843,,-46,3053,1,1,174,6,16 50 6 17968
2846,,-46,3056,1,1,171,6,16 50 6 18019
2849,,-46,3059,1,1,171,6,16 50 7 18102
2857,,-47,3067,1,1,174,6,16 50 7 18319
2860,,-47,3070,1,1,174,6,16 50 7 18402
2861,,-49,3071,1,1,174,6,16 50 7 18419
2864,,-47,3074,1,1,174,6,16 50 7 18468
2868,,-47,3078,1,1,171,6,16 50 7 18551
2870,,-47,3080,1,1,174,6,16 50 7 18584
2873,,-47,3083,1,1,174,6,16 50 7 18652
2878,,-47,3088,1,1,174,6,16 50 7 18751
2879,,-47,3089,1,1,174,6,16 50 7 18767
2882,,-47,3092,1,1,174,6,16 50 7 18835
2885,,-47,3095,1,1,174,6,16 50 7 18918
2898,,-47,3108,1,1,174,6,16 50 8 19268
2901,,-47,3111,1,1,174,6,16 50 8 19368
2904,,-47,3114,1,1,171,6,16 50 8 19435
2907,,-47,3117,1,1,174,6,16 50 8 19485
2909,,-47,3119,1,1,174,6,16 50 8 19552
2911,,-47,3121,1,1,174,6,16 50 8 19585
2915,,-46,3125,1,1,174,6,16 50 8 19652
2918,,-47,3128,1,1,171,6,16 50 8 19735
2922,,-46,3132,1,1,174,6,16 50 8 19852
2923,,-47,3133,1,1,174,6,16 50 8 19885
2925,,-46,3135,1,1,174,6,16 50 8 19919
2926,,-47,3136,1,1,174,6,16 50 8 19952
2929,,-47,3139,1,1,174,6,16 50 8 20018
2932,,-47,3142,1,1,174,6,16 50 9 20069
2936,,-47,3146,1,1,171,6,16 50 9 20185
2937,,-46,3147,2,1,174,6,16 50 10 21952
2940,,-46,3150,2,1,171,6,16 50 10 22018
2941,,-46,3151,2,1,174,6,16 50 11 22052
2944,,-46,3154,2,1,174,6,16 50 11 22102
2948,,-46,3158,2,1,168,6,16 50 11 22201
2951,,-46,3161,2,1,174,6,16 50 11 22269
2954,,-46,3164,2,1,174,6,16 50 11 22335
2957,,-46,3167,2,1,171,6,16 50 11 22402
2960,,-46,3170,2,1,171,6,16 50 11 22485
2965,,-47,3175,2,1,174,6,16 50 11 22619
2967,,-47,3177,2,1,174,6,16 50 11 22652
2970,,-47,3180,2,1,174,6,16 50 11 22719
2971,,-49,3181,2,1,174,6,16 50 11 22736
2973,,-49,3183,2,1,174,6,16 50 11 22769
2974,,-49,3184,2,1,174,6,16 50 11 22803
2975,,-49,3185,2,1,171,6,16 50 11 22835
2976,,-49,3186,2,1,174,6,16 50 11 22869
2977,,-49,3187,2,1,174,6,16 50 11 22902
2978,,-49,3188,2,1,174,6,16 50 11 22918
2979,,-49,3189,2,1,174,6,16 50 11 22951
2980,,-50,3190,2,1,171,6,16 50 11 22985
2981,,-50,3191,2,1,174,6,16 50 11 23034
2982,,-50,3192,2,1,174,6,16 50 12 23085
2983,,-50,3193,2,1,168,6,16 50 12 23119
2985,,-50,3195,2,1,174,6,16 50 12 23169
2986,,-50,3196,2,1,171,6,16 50 12 23252
2988,,-49,3198,2,1,171,6,16 50 12 23302
2991,,-50,3201,2,1,168,6,16 50 12 23367
2994,,-50,3204,2,1,174,6,16 50 12 23418
2999,,-49,3209,2,1,171,6,16 50 12 23553
3001,,-49,3211,2,1,171,6,16 50 12 23602
3002,,-49,3212,2,1,174,6,16 50 12 23668
3003,,-49,3213,2,1,174,6,16 50 12 23702
3006,,-50,3216,2,1,174,6,16 50 12 23768
3008,,-49,3218,2,1,174,6,16 50 12 23802
3009,,-49,3219,2,1,174,6,16 50 12 23835
3011,,-49,3221,2,1,174,6,16 50 12 23867
3012,,-49,3222,2,1,171,6,16 50 12 23884
3013,,-49,3223,2,1,171,6,16 50 12 23918
3014,,-49,3224,2,1,171,6,16 50 12 23952
3015,,-49,3225,2,1,174,6,16 50 12 23985
3016,,-49,3226,2,1,171,6,16 50 12 24019
3017,,-49,3227,2,1,171,6,16 50 13 24052
3018,,-49,3228,2,1,174,6,16 50 13 24086
3019,,-49,3229,2,1,171,6,16 50 13 24118
3021,,-52,3312,3,1,171,6,16 50 21 32186
3023,,-52,3314,3,1,171,6,16 50 21 32238
3025,,-52,3316,3,1,171,6,16 50 21 32303
3026,,-53,3317,3,1,171,6,16 50 21 32336
3027,,-53,3318,3,1,171,6,16 50 21 32369
3028,,-55,3319,3,1,174,6,16 50 21 32403
3029,,-53,3320,3,1,171,6,16 50 21 32436
3030,,-55,3321,3,1,174,6,16 50 21 32468
3031,,-55,3322,3,1,171,6,16 50 21 32502
3032,,-55,3323,3,1,171,6,16 50 21 32536
3033,,-56,3324,3,1,177,6,16 50 21 32569
3034,,-55,3325,3,1,171,6,16 50 21 32586
3035,,-56,3326,3,1,174,6,16 50 21 32635
3036,,-57,3327,3,1,171,6,16 50 21 32653
3037,,-57,3328,3,1,171,6,16 50 21 32702
3038,,-58,3329,3,1,174,6,16 50 21 32753
3039,,-58,3330,3,1,174,6,16 50 21 32934
3040,,-57,3331,3,1,174,6,16 50 21 32969
3041,,-55,3332,3,1,171,6,16 50 21 33002
3042,,-55,3333,3,1,171,6,16 50 21 33034
3043,,-55,3334,3,1,174,6,16 50 22 33068
3044,,-56,3335,3,1,171,6,16 50 22 33103
3045,,-55,3336,3,1,174,6,16 50 22 33136
3047,,-53,3338,3,1,174,6,16 50 22 33202
3048,,-55,3339,3,1,174,6,16 50 22 33219
3050,,-53,3341,3,1,171,6,16 50 22 33252
3053,,-53,3344,3,1,174,6,16 50 22 33336
3055,,-52,3346,3,1,174,6,16 50 22 33369
3056,,-53,3347,3,1,171,6,16 50 22 33403
3058,,-53,3349,3,1,174,6,16 50 22 33452
3060,,-52,3351,3,1,174,6,16 50 22 33486
3062,,-52,3353,3,1,171,6,16 50 22 33519
3065,,-51,3356,3,1,174,6,16 50 22 33569
3066,,-52,3357,3,1,174,6,16 50 22 33585
3068,,-52,3359,3,1,171,6,16 50 22 33636
3070,,-52,3361,3,1,171,6,16 50 22 33686
3073,,-52,3364,3,1,174,6,16 50 22 33736
3075,,-52,3366,3,1,174,6,16 50 22 33786
3077,,-52,3368,3,1,174,6,16 50 22 33819
3079,,-52,3370,3,1,171,6,16 50 22 33853
3081,,-55,3372,3,1,174,6,16 50 22 33903
3082,,-55,3373,3,1,174,6,16 50 22 33952
3085,,-55,3376,3,1,174,6,16 50 22 34002
3086,,-55,3377,3,1,174,6,16 50 22 34019
3088,,-55,3379,3,1,171,6,16 50 23 34086
3092,,-52,3383,3,1,174,6,16 50 23 34184
3093,,-52,3384,3,1,171,6,16 50 23 34236
3096,,-52,3387,3,1,174,6,16 50 23 34285
3098,,-52,3389,3,1,171,6,16 50 23 34318
3099,,-52,3390,3,1,171,6,16 50 23 34352
3102,,-52,3393,3,1,174,6,16 50 23 34402
3103,,-52,3394,3,1,174,6,16 50 23 34435
3107,,-52,3398,4,1,174,6,16 50 25 36986
3109,,-51,3400,4,1,174,6,16 50 25 37019
3112,,-51,3403,4,1,174,6,16 50 26 37086
3113,,-53,3404,4,1,174,6,16 50 26 37136
3115,,-53,3406,4,1,177,6,16 50 26 37186
3117,,-55,3408,4,1,174,6,16 50 26 37236
3119,,-53,3410,4,1,171,6,16 50 26 37285
3121,,-55,3412,4,1,174,6,16 50 26 37335
3122,,-55,3413,4,1,174,6,16 50 26 37353
3123,,-55,3414,4,1,174,6,16 50 26 37386
3124,,-55,3415,4,1,171,6,16 50 26 37420
3125,,-52,3416,4,1,171,6,16 50 26 37453
3126,,-53,3417,4,1,171,6,16 50 26 37486
3127,,-53,3418,4,1,174,6,16 50 26 37520
3128,,-53,3419,4,1,168,6,16 50 26 37553
3129,,-53,3420,4,1,174,6,16 50 26 37603
3130,,-53,3421,4,1,168,6,16 50 26 37636
3131,,-55,3422,4,1,174,6,16 50 26 37669
3132,,-55,3423,4,1,171,6,16 50 26 37702
3133,,-55,3424,4,1,174,6,16 50 26 37752
3134,,-55,3425,4,1,174,6,16 50 26 37786
3135,,-55,3426,4,1,174,6,16 50 26 37802
3136,,-55,3427,4,1,168,6,16 50 26 37836
3137,,-55,3428,4,1,171,6,16 50 26 37886
3138,,-56,3429,4,1,174,6,16 50 26 37903
3139,,-56,3430,4,1,171,6,16 50 26 37936
3140,,-56,3431,4,1,174,6,16 50 26 37986
3141,,-56,3432,4,1,174,6,16 50 26 38035
3142,,-55,3433,4,1,171,6,16 50 27 38069
3143,,-55,3434,4,1,171,6,16 50 27 38086
3144,,-55,3435,4,1,171,6,16 50 27 38120
3145,,-56,3436,4,1,168,6,16 50 27 38153
3146,,-56,3437,4,1,171,6,16 50 27 38186
3147,,-56,3438,4,1,174,6,16 50 27 38219
3148,,-56,3439,4,1,174,6,16 50 27 38252
3149,,-57,3440,4,1,168,6,16 50 27 38286
3150,,-57,3441,4,1,174,6,16 50 27 38353
3151,,-57,3442,4,1,174,6,16 50 27 38386
3153,,-57,3444,4,1,177,6,16 50 27 38436
3156,,-58,3447,4,1,171,6,16 50 27 38503
3157,,-57,3448,4,1,171,6,16 50 27 38603
3160,,-58,3451,4,1,171,6,16 50 27 38669
3162,,-58,3453,4,1,171,6,16 50 27 38736
3165,,-57,3456,4,1,171,6,16 50 27 38836
3166,,-58,3457,4,1,171,6,16 50 27 38869
3168,,-58,3459,4,1,174,6,16 50 27 38919
3169,,-58,3460,4,1,180,6,16 50 27 39019
3173,,-57,3464,4,1,171,6,16 50 28 39203
3174,,-57,3465,4,1,174,6,16 50 28 39253
3176,,-57,3467,4,1,174,6,16 50 28 39319
3178,,-57,3469,4,1,171,6,16 50 28 39369
3179,,-58,3470,4,1,171,6,16 50 28 39402
3192,,-57,3483,4,1,177,6,16 50 28 39819
3193,,-58,3484,4,1,171,6,16 50 28 39870
3194,,-57,3485,4,1,168,6,16 50 28 39952
3196,,-57,3487,4,1,171,6,16 50 28 40003
3198,,-58,3489,4,1,171,6,16 50 29 40053
3204,,-55,3495,5,1,174,6,16 50 32 43086
3207,,-55,3498,5,1,180,6,16 50 32 43168
3208,,-55,3499,5,1,171,6,16 50 32 43186
3210,,-55,3501,5,1,174,6,16 50 32 43220
3212,,-55,3503,5,1,174,6,16 50 32 43270
3214,,-55,3505,5,1,174,6,16 50 32 43353
3215,,-55,3506,5,1,168,6,16 50 32 43386
3217,,-55,3508,5,1,177,6,16 50 32 43436
3218,,-55,3509,5,1,174,6,16 50 32 43453
3219,,-55,3510,5,1,168,6,16 50 32 43470
3220,,-55,3511,5,1,171,6,16 50 32 43553
3222,,-55,3513,5,1,171,6,16 50 32 43636
3223,,-55,3514,5,1,174,6,16 50 32 43669
3224,,-55,3515,5,1,174,6,16 50 32 43702
3225,,-55,3516,5,1,174,6,16 50 32 43736
3226,,-55,3517,5,1,171,6,16 50 32 43786
3227,,-55,3518,5,1,171,6,16 50 32 43820
3228,,-55,3519,5,1,171,6,16 50 32 43853
3229,,-55,3520,5,1,174,6,16 50 32 43870
3230,,-55,3521,5,1,174,6,16 50 32 43903
3231,,-55,3522,5,1,174,6,16 50 32 43953
3232,,-55,3523,5,1,171,6,16 50 32 43986
3233,,-55,3524,5,1,174,6,16 50 32 44020
3234,,-55,3525,5,1,168,6,16 50 33 44053
3235,,-55,3526,5,1,171,6,16 50 33 44069
3236,,-53,3527,5,1,171,6,16 50 33 44103
3237,,-53,3528,5,1,174,6,16 50 33 44136
3238,,-55,3529,5,1,174,6,16 50 33 44169
3239,,-55,3530,5,1,174,6,16 50 33 44202
3240,,-53,3531,5,1,174,6,16 50 33 44237
3241,,-55,3532,5,1,174,6,16 50 33 44269
3242,,-55,3533,5,1,174,6,16 50 33 44302
3243,,-55,3534,5,1,174,6,16 50 33 44336
3244,,-53,3535,5,1,171,6,16 50 33 44370
3245,,-55,3536,5,1,174,6,16 50 33 44403
3246,,-53,3537,5,1,171,6,16 50 33 44420
3247,,-55,3538,5,1,168,6,16 50 33 44452
3248,,-55,3539,5,1,171,6,16 50 33 44486
3249,,-53,3540,5,1,168,6,16 50 33 44536
3250,,-53,3541,5,1,171,6,16 50 33 44570
3251,,-55,3542,5,1,174,6,16 50 33 44603
3252,,-55,3543,5,1,171,6,16 50 33 44636
3253,,-55,3544,5,1,171,6,16 50 33 44670
3254,,-53,3545,5,1,171,6,16 50 33 44703
3255,,-55,3546,5,1,171,6,16 50 33 44737
3256,,-53,3547,5,1,171,6,16 50 33 44769
3257,,-53,3548,5,1,174,6,16 50 33 44803
3258,,-53,3549,5,1,174,6,16 50 33 44836
3259,,-52,3550,5,1,171,6,16 50 33 44853
3260,,-53,3551,5,1,174,6,16 50 33 44887
3261,,-53,3552,5,1,174,6,16 50 33 44920
3262,,-53,3553,5,1,177,6,16 50 33 44952
3263,,-53,3554,5,1,171,6,16 50 33 44986
3264,,-53,3555,5,1,171,6,16 50 33 45019
3265,,-55,3556,5,1,174,6,16 50 34 45053
3266,,-53,3557,5,1,171,6,16 50 34 45085
3267,,-53,3558,5,1,174,6,16 50 34 45119
3268,,-53,3559,5,1,171,6,16 50 34 45153
3269,,-53,3560,5,1,174,6,16 50 34 45187
3270,,-53,3561,5,1,171,6,16 50 34 45219
3271,,-53,3562,5,1,171,6,16 50 34 45253
3272,,-52,3563,5,1,171,6,16 50 34 45285
3273,,-53,3564,5,1,174,6,16 50 34 45319
3274,,-53,3565,5,1,174,6,16 50 34 45337
3275,,-53,3566,5,1,171,6,16 50 34 45386
3276,,-55,3567,5,1,171,6,16 50 34 45403
3277,,-56,3568,6,1,171,6,16 50 36 47702
3278,,-53,3569,6,1,171,6,16 50 36 47753
3279,,-53,3570,6,1,168,6,16 50 36 47769
3280,,-53,3571,6,1,168,6,16 50 36 47803
3281,,-55,3572,6,1,171,6,16 50 36 47836
3282,,-55,3573,6,1,168,6,16 50 36 47869
3283,,-55,3574,6,1,174,6,16 50 36 47903
3284,,-55,3575,6,1,171,6,16 50 36 47935
3285,,-55,3576,6,1,174,6,16 50 36 47969
3286,,-53,3577,6,1,174,6,16 50 36 48003
3287,,-53,3578,6,1,174,6,16 50 36 48019
3288,,-53,3579,6,1,174,6,16 50 37 48053
3290,,-55,3581,6,1,171,6,16 50 37 48120
3292,,-55,3583,6,1,171,6,16 50 37 48170
3293,,-55,3584,6,1,168,6,16 50 37 48187
3295,,-55,3586,6,1,168,6,16 50 37 48236
3296,,-55,3587,6,1,171,6,16 50 37 48303
3297,,-55,3588,6,1,168,6,16 50 37 48336
3298,,-55,3589,6,1,168,6,16 50 37 48370
3299,,-55,3590,6,1,171,6,16 50 37 48387
3300,,-55,3591,6,1,171,6,16 50 37 48419
3301,,-55,3592,6,1,171,6,16 50 37 48453
3302,,-55,3593,6,1,174,6,16 50 37 48487
3303,,-55,3594,6,1,174,6,16 50 37 48520
3304,,-55,3595,6,1,168,6,16 50 37 48553
3305,,-53,3596,6,1,177,6,16 50 37 48586
3306,,-53,3597,6,1,174,6,16 50 37 48620
3307,,-55,3598,6,1,174,6,16 50 37 48653
3308,,-53,3599,6,1,174,6,16 50 37 48686
3310,,-52,3601,6,1,174,6,16 50 37 48769
3313,,-50,3604,6,1,174,6,16 50 37 48836
3315,,-51,3606,6,1,168,6,16 50 37 48870
3316,,-51,3607,6,1,168,6,16 50 37 48903
3319,,-51,3610,6,1,174,6,16 50 37 48952
3320,,-51,3611,6,1,168,6,16 50 37 48970
3323,,-51,3614,6,1,174,6,16 50 38 49069
3325,,-52,3616,6,1,168,6,16 50 38 49103
3327,,-52,3618,6,1,171,6,16 50 38 49136
3328,,-52,3619,6,1,171,6,16 50 38 49168
3331,,-52,3622,6,1,174,6,16 50 38 49220
3333,,-52,3624,6,1,171,6,16 50 38 49269
3335,,-52,3626,6,1,171,6,16 50 38 49320
3337,,-53,3628,6,1,174,6,16 50 38 49369
3340,,-52,3631,6,1,174,6,16 50 38 49436
3342,,-52,3633,6,1,168,6,16 50 38 49469
3344,,-52,3635,6,1,171,6,16 50 38 49519
3346,,-52,3637,6,1,174,6,16 50 38 49553
3347,,-53,3638,6,1,174,6,16 50 38 49603
3350,,-52,3641,6,1,171,6,16 50 38 49652
3351,,-53,3642,6,1,174,6,16 50 38 49670
3353,,-53,3644,6,1,171,6,16 50 38 49703
3355,,-53,3646,6,1,171,6,16 50 38 49737
3357,,-53,3648,6,1,171,6,16 50 38 49770
3359,,-53,3650,6,1,174,6,16 50 38 49804
3361,,-53,3652,6,1,171,6,16 50 38 49836
3363,,-53,3654,6,1,171,6,16 50 38 49886
3365,,-53,3656,6,1,174,6,16 50 38 49919
3367,,-53,3658,6,1,168,6,16 50 38 49953
3369,,-52,3660,6,1,174,6,16 50 38 50003
3372,,-51,3663,6,1,174,6,16 50 39 50053
3374,,-51,3665,6,1,174,6,16 50 39 50086
3375,,-52,3666,6,1,174,6,16 50 39 50103
3378,,-51,3669,6,1,171,6,16 50 39 50170
3379,,-52,3670,6,1,174,6,16 50 39 50187
3381,,-52,3672,6,1,174,6,16 50 39 50219
3383,,-52,3674,6,1,171,6,16 50 39 50254
3385,,-52,3676,6,1,177,6,16 50 39 50320
3387,,-53,3678,6,1,174,6,16 50 39 50370
3389,,-55,3680,6,1,174,6,16 50 39 50420
3391,,-55,3682,6,1,174,6,16 50 39 50453
3393,,-53,3684,6,1,174,6,16 50 39 50486
3396,,-55,3687,6,1,171,6,16 50 39 50553
3397,,-53,3688,6,1,174,6,16 50 39 50569
3400,,-53,3691,6,1,174,6,16 50 39 50619
3401,,-53,3692,6,1,168,6,16 50 39 50636
3404,,-53,3695,6,1,168,6,16 50 39 50686
3405,,-53,3696,6,1,171,6,16 50 39 50703
3408,,-51,3699,6,1,174,6,16 50 39 50753
3410,,-51,3701,6,1,171,6,16 50 39 50803
3412,,-51,3703,6,1,171,6,16 50 39 50836
3414,,-51,3705,6,1,171,6,16 50 39 50886
3415,,-52,3706,7,1,174,6,16 50 41 52503
3417,,-51,3708,7,1,171,6,16 50 41 52553
3419,,-52,3710,7,1,171,6,16 50 41 52586
3420,,-52,3711,7,1,174,6,16 50 41 52603
3422,,-53,3713,7,1,171,6,16 50 41 52636
3423,,-52,3714,7,1,171,6,16 50 41 52670
3424,,-52,3715,7,1,171,6,16 50 41 52703
3426,,-52,3717,7,1,171,6,16 50 41 52770
3428,,-52,3719,7,1,171,6,16 50 41 52820
3431,,-52,3722,7,1,174,6,16 50 41 52903
3433,,-52,3724,7,1,171,6,16 50 41 52936
3437,,-55,3728,7,1,174,6,16 50 42 53054
3439,,-55,3730,7,1,171,6,16 50 42 53103
3440,,-55,3731,7,1,171,6,16 50 42 53136
3442,,-55,3733,7,1,174,6,16 50 42 53170
3444,,-55,3735,7,1,171,6,16 50 42 53203
3447,,-55,3738,7,1,174,6,16 50 42 53287
3448,,-55,3739,7,1,174,6,16 50 42 53303
3449,,-55,3740,7,1,174,6,16 50 42 53319
3450,,-55,3741,7,1,171,6,16 50 42 53370
3451,,-55,3742,7,1,171,6,16 50 42 53402
3453,,-53,3744,7,1,174,6,16 50 42 53470
3454,,-53,3745,7,1,174,6,16 50 42 53504
3456,,-52,3747,7,1,168,6,16 50 42 53553
3457,,-52,3748,7,1,171,6,16 50 42 53587
3458,,-52,3749,7,1,174,6,16 50 42 53619
3459,,-52,3750,7,1,171,6,16 50 42 53653
3461,,-51,3752,7,1,171,6,16 50 42 53736
3462,,-52,3753,7,1,168,6,16 50 42 53770
3464,,-52,3755,7,1,174,6,16 50 42 53819
3466,,-52,3757,7,1,174,6,16 50 42 53853
3468,,-52,3759,7,1,174,6,16 50 42 53920
3471,,-51,3762,7,1,174,6,16 50 42 53987
3473,,-52,3764,7,1,174,6,16 50 42 54037
3475,,-52,3766,7,1,174,6,16 50 43 54086
3476,,-52,3767,7,1,171,6,16 50 43 54103
3478,,-52,3769,7,1,168,6,16 50 43 54153
3481,,-51,3772,7,1,174,6,16 50 43 54237
3482,,-52,3773,7,1,171,6,16 50 43 54270
3484,,-52,3775,7,1,174,6,16 50 43 54304
3485,,-52,3776,7,1,171,6,16 50 43 54320
3487,,-52,3778,7,1,174,6,16 50 43 54370
3489,,-52,3780,7,1,171,6,16 50 43 54419
3491,,-52,3782,7,1,174,6,16 50 43 54453
3493,,-52,3784,7,1,163,6,16 50 43 54520
3495,,-52,3786,7,1,174,6,16 50 43 54569
3497,,-52,3788,7,1,174,6,16 50 43 54635
3501,,-52,3792,7,1,171,6,16 50 43 54720
3503,,-52,3794,7,1,174,6,16 50 43 54752
3504,,-52,3795,7,1,171,6,16 50 43 54770
3506,,-52,3797,7,1,171,6,16 50 43 54820
3509,,-52,3800,7,1,174,6,16 50 43 54902
3511,,-52,3802,7,1,174,6,16 50 43 54937
3512,,-52,3803,7,1,171,6,16 50 43 54970
3517,,-51,3808,7,1,168,6,16 50 44 55070
3519,,-52,3810,7,1,174,6,16 50 44 55102
3522,,-51,3813,7,1,174,6,16 50 44 55169
3524,,-52,3815,7,1,174,6,16 50 44 55220
3526,,-52,3817,7,1,174,6,16 50 44 55287
3527,,-52,3818,7,1,174,6,16 50 44 55319
3528,,-52,3819,7,1,174,6,16 50 44 55352
3530,,-52,3821,7,1,168,6,16 50 44 55420
3531,,-52,3822,7,1,168,6,16 50 44 55436
3533,,-52,3824,7,1,174,6,16 50 44 55470
3535,,-52,3826,7,1,174,6,16 50 44 55503
3537,,-52,3828,8,1,171,6,16 50 46 57504
3539,,-52,3830,8,1,177,6,16 50 46 57553
3540,,-52,3831,8,1,174,6,16 50 46 57587
3543,,-51,3834,8,1,174,6,16 50 46 57653
3544,,-52,3835,8,1,174,6,16 50 46 57685
3546,,-52,3837,8,1,171,6,16 50 46 57721
3550,,-52,3841,8,1,171,6,16 50 46 57787
3554,,-51,3845,8,1,174,6,16 50 46 57854
3556,,-50,3847,8,1,168,6,16 50 46 57937
3559,,-50,3850,8,1,174,6,16 50 47 58054
3562,,-49,3853,8,1,171,6,16 50 47 58153
3566,,-49,3857,8,1,174,6,16 50 47 58253
3567,,-49,3858,8,1,174,6,16 50 47 58303
3570,,-47,3861,8,1,168,6,16 50 47 58387
3571,,-47,3862,8,1,174,6,16 50 47 58420
3573,,-47,3864,8,1,171,6,16 50 47 58453
3577,,-47,3868,8,1,174,6,16 50 47 58554
3580,,-47,3871,8,1,171,6,16 50 47 58620
3583,,-47,3874,8,1,174,6,16 50 47 58702
3587,,-47,3878,8,1,171,6,16 50 47 58804
3589,,-49,3880,8,1,174,6,16 50 47 58853
3592,,-49,3883,8,1,171,6,16 50 47 58903
3596,,-49,3887,8,1,174,6,16 50 47 59004
3597,,-47,3888,8,1,174,6,16 50 47 59037
3600,,-49,3891,8,1,171,6,16 50 48 59087
3602,,-47,3893,8,1,174,6,16 50 48 59121
3606,,-47,3897,8,1,174,6,16 50 48 59204
3609,,-47,3900,8,1,171,6,16 50 48 59270
3610,,-47,3901,8,1,174,6,16 50 48 59304
3611,,-49,3902,8,1,174,6,16 50 48 59319
3614,,-49,3905,8,1,171,6,16 50 48 59404
3618,,-49,3909,8,1,174,6,16 50 48 59470
3620,,-49,3911,8,1,174,6,16 50 48 59503
3624,,-47,3915,9,1,174,6,16 50 51 62153
3628,,-47,3919,9,1,171,6,16 50 51 62254
3630,,-47,3921,9,1,168,6,16 50 51 62286
3632,,-47,3923,9,1,171,6,16 50 51 62337
3633,,-47,3924,9,1,174,6,16 50 51 62370
3636,,-47,3927,9,1,171,6,16 50 51 62437
3639,,-47,3930,9,1,174,6,16 50 51 62520
3642,,-49,3933,9,1,171,6,16 50 51 62587
3645,,-49,3936,9,1,174,6,16 50 51 62653
3646,,-49,3937,9,1,174,6,16 50 51 62670
3648,,-49,3939,9,1,171,6,16 50 51 62736
3650,,-49,3941,9,1,174,6,16 50 51 62770
3654,,-49,3945,9,1,171,6,16 50 51 62871
3655,,-49,3946,9,1,174,6,16 50 51 62903
3662,,-49,3953,9,1,171,6,16 50 52 63070
3665,,-49,3956,9,1,171,6,16 50 52 63120
3668,,-49,3959,9,1,174,6,16 50 52 63202
3670,,-49,3961,9,1,174,6,16 50 52 63270
3673,,-49,3964,9,1,171,6,16 50 52 63337
3676,,-49,3967,9,1,174,6,16 50 52 63404
3679,,-49,3970,9,1,174,6,16 50 52 63487
3681,,-47,3972,9,1,171,6,16 50 52 63537
3684,,-49,3975,9,1,171,6,16 50 52 63604
3685,,-49,3976,9,1,174,6,16 50 52 63652
3689,,-49,3980,9,1,174,6,16 50 52 63770
3693,,-49,3984,9,1,171,6,16 50 52 63887
3696,,-50,3987,9,1,168,6,16 50 52 64021
3698,,-50,3989,9,1,174,6,16 50 53 64070
3700,,-50,3991,9,1,174,6,16 50 53 64103
3701,,-51,3992,9,1,174,6,16 50 53 64137
3704,,-51,3995,9,1,174,6,16 50 53 64203
3708,,-49,3999,9,1,174,6,16 50 53 64287
3709,,-49,4000,9,1,174,6,16 50 53 64321
3711,,-49,4002,9,1,171,6,16 50 53 64370
3717,,-49,4008,9,1,174,6,16 50 53 64520
3719,,-49,4010,9,1,168,6,16 50 53 64570
3720,,-50,4011,9,1,171,6,16 50 53 64604
3728,,-50,4019,9,1,174,6,16 50 53 64853
3736,,-51,4027,9,1,174,6,16 50 53 65037
3740,,-51,4031,9,1,174,6,16 50 54 65103
3745,,-51,4036,9,1,171,6,16 50 54 65237
3748,,-51,4039,9,1,168,6,16 50 54 65303
3752,,-50,4043,9,1,174,6,16 50 54 65421
3753,,-51,4044,9,1,174,6,16 50 54 65454
3756,,-51,4047,9,1,174,6,16 50 54 65521
3764,,-50,4055,10,1,174,6,16 50 56 67753
3766,,-49,4057,10,1,174,6,16 50 56 67820
3769,,-50,4060,10,1,171,6,16 50 56 67903
3770,,-50,4061,10,1,174,6,16 50 56 67921
3774,,-50,4065,10,1,174,6,16 50 56 68020
3777,,-49,4068,10,1,174,6,16 50 57 68071
3781,,-49,4072,10,1,171,6,16 50 57 68170
3783,,-49,4074,10,1,171,6,16 50 57 68220
3786,,-49,4077,10,1,171,6,16 50 57 68271
3788,,-49,4079,10,1,174,6,16 50 57 68321
3791,,-49,4082,10,1,174,6,16 50 57 68404
3795,,-49,4086,10,1,168,6,16 50 57 68470
3798,,-49,4089,10,1,174,6,16 50 57 68538
3802,,-51,4093,10,1,171,6,16 50 57 68654
3803,,-51,4094,10,1,174,6,16 50 57 68687
3805,,-51,4096,10,1,171,6,16 50 57 68737
3809,,-49,4100,10,1,168,6,16 50 57 68936
3810,,-50,4101,10,1,174,6,16 50 57 68970
3812,,-49,4103,10,1,174,6,16 50 57 69021
3815,,-49,4106,10,1,171,6,16 50 58 69087
3817,,-49,4108,10,1,171,6,16 50 58 69137
3818,,-49,4109,10,1,174,6,16 50 58 69170
3822,,-49,4113,10,1,174,6,16 50 58 69287
3825,,-49,4116,10,1,174,6,16 50 58 69352
3827,,-49,4118,10,1,174,6,16 50 58 69404
3830,,-49,4121,10,1,168,6,16 50 58 69453
3831,,-49,4122,10,1,174,6,16 50 58 69504
3834,,-49,4125,10,1,171,6,16 50 58 69554
3837,,-49,4128,10,1,174,6,16 50 58 69637
3841,,-49,4132,10,1,171,6,16 50 58 69753
3842,,-49,4133,10,1,171,6,16 50 58 69787
3844,,-49,4135,10,1,174,6,16 50 58 69819
3850,,-49,4141,10,1,171,6,16 50 58 69970
4753,,-46,5095,1,1,174,9,16 55 59 26405
4756,,-46,5098,1,1,171,9,16 55 59 26489
4757,,-46,5099,1,1,174,9,16 55 59 26505
4759,,-46,5101,1,1,168,9,16 55 59 26555
4762,,-46,5104,1,1,174,9,16 55 59 26638
4764,,-47,5106,1,1,171,9,16 55 59 26822
4766,,-47,5108,1,1,174,9,16 55 59 26872
4769,,-47,5111,1,1,171,9,16 55 59 26939
4772,,-49,5114,1,1,168,9,16 56 0 27006
4774,,-49,5116,1,1,174,9,16 56 0 27038
4778,,-49,5120,1,1,171,9,16 56 0 27122
4780,,-49,5122,1,1,171,9,16 56 0 27155
4784,,-49,5126,1,1,171,9,16 56 0 27255
4787,,-47,5129,1,1,171,9,16 56 0 27339
4790,,-46,5132,1,1,168,9,16 56 0 27422
4792,,-46,5134,1,1,174,9,16 56 0 27488
4796,,-47,5138,1,1,174,9,16 56 0 27572
4798,,-47,5140,1,1,174,9,16 56 0 27672
4801,,-47,5143,1,1,174,9,16 56 0 27739
4804,,-47,5146,1,1,174,9,16 56 0 27822
4808,,-47,5150,1,1,171,9,16 56 0 27922
4812,,-47,5154,1,1,174,9,16 56 1 28022
4814,,-47,5156,1,1,174,9,16 56 1 28072
4815,,-47,5157,1,1,171,9,16 56 1 28105
4817,,-47,5159,1,1,174,9,16 56 1 28139
4821,,-47,5163,2,1,174,9,16 56 2 29506
4822,,-47,5164,2,1,174,9,16 56 2 29555
4824,,-47,5166,2,1,171,9,16 56 2 29589
4825,,-46,5167,2,1,174,9,16 56 2 29623
4828,,-46,5170,2,1,171,9,16 56 2 29672
4830,,-46,5172,2,1,174,9,16 56 2 29706
4831,,-46,5173,2,1,174,9,16 56 2 29739
4833,,-46,5175,2,1,171,9,16 56 2 29772
4835,,-46,5177,2,1,174,9,16 56 2 29806
4838,,-46,5180,2,1,171,9,16 56 2 29889
4840,,-46,5182,2,1,174,9,16 56 2 29922
4842,,-46,5184,2,1,171,9,16 56 3 29955
4843,,-47,5185,2,1,174,9,16 56 3 29972
4847,,-49,5189,2,1,174,9,16 56 3 30089
4849,,-49,5191,2,1,174,9,16 56 3 30156
4851,,-49,5193,2,1,174,9,16 56 3 30189
4854,,-49,5196,2,1,168,9,16 56 3 30255
4855,,-49,5197,2,1,174,9,16 56 3 30272
4856,,-49,5198,2,1,171,9,16 56 3 30305
4857,,-49,5199,2,1,171,9,16 56 3 30339
4858,,-49,5200,2,1,171,9,16 56 3 30356
4860,,-49,5202,2,1,171,9,16 56 3 30389
4862,,-49,5204,2,1,174,9,16 56 3 30455
4864,,-49,5206,2,1,171,9,16 56 3 30489
4871,,-49,5213,2,1,174,9,16 56 3 30705
4873,,-49,5215,2,1,174,9,16 56 3 30739
4875,,-49,5217,2,1,174,9,16 56 3 30822
4877,,-49,5219,2,1,171,9,16 56 3 30856
4879,,-49,5221,2,1,174,9,16 56 3 30905
4881,,-49,5223,2,1,168,9,16 56 3 30939
4883,,-51,5225,2,1,174,9,16 56 4 30972
4887,,-50,5229,2,1,174,9,16 56 4 31039
4888,,-50,5230,2,1,171,9,16 56 4 31089
4893,,-51,5235,2,1,174,9,16 56 4 31206
4896,,-51,5238,2,1,168,9,16 56 4 31289
4899,,-51,5241,2,1,177,9,16 56 4 31339
4900,,-51,5242,2,1,168,9,16 56 4 31356
4903,,-50,5245,2,1,174,9,16 56 4 31406
4904,,-50,5246,2,1,168,9,16 56 4 31422
4905,,-51,5247,2,1,171,9,16 56 4 31455
4907,,-51,5249,2,1,171,9,16 56 4 31505
4908,,-51,5250,2,1,171,9,16 56 4 31539
4909,,-51,5251,2,1,174,9,16 56 4 31589
4910,,-49,5252,2,1,174,9,16 56 4 31622
4911,,-50,5253,2,1,177,9,16 56 4 31639
4912,,-50,5254,2,1,174,9,16 56 4 31656
4913,,-50,5255,2,1,174,9,16 56 4 31688
4914,,-50,5256,2,1,174,9,16 56 4 31722
4915,,-50,5257,2,1,174,9,16 56 4 31755
4916,,-50,5258,2,1,171,9,16 56 4 31772
4917,,-49,5259,2,1,171,9,16 56 4 31822
4918,,-50,5260,2,1,174,9,16 56 4 31840
4919,,-51,5261,2,1,174,9,16 56 4 31888
4920,,-50,5262,2,1,174,9,16 56 4 31922
4921,,-51,5263,2,1,171,9,16 56 5 31955
4922,,-57,5319,3,1,171,9,16 56 10 37321
4924,,-56,5321,3,1,171,9,16 56 10 37373
4926,,-55,5323,3,1,174,9,16 56 10 37406
4927,,-55,5324,3,1,171,9,16 56 10 37439
4929,,-55,5326,3,1,171,9,16 56 10 37473
4930,,-56,5327,3,1,168,9,16 56 10 37490
4931,,-57,5328,3,1,174,9,16 56 10 37539
4932,,-55,5329,3,1,171,9,16 56 10 37572
4933,,-56,5330,3,1,174,9,16 56 10 37589
4934,,-56,5331,3,1,174,9,16 56 10 37622
4935,,-57,5332,3,1,171,9,16 56 10 37656
4936,,-57,5333,3,1,174,9,16 56 10 37689
4939,,-57,5336,3,1,171,9,16 56 10 37756
4940,,-57,5337,3,1,174,9,16 56 10 37789
4942,,-57,5339,3,1,171,9,16 56 11 37989
4944,,-55,5341,3,1,177,9,16 56 11 38023
4945,,-53,5342,3,1,171,9,16 56 11 38039
4946,,-53,5343,3,1,174,9,16 56 11 38072
4947,,-53,5344,3,1,168,9,16 56 11 38106
4948,,-52,5345,3,1,174,9,16 56 11 38139
4949,,-52,5346,3,1,174,9,16 56 11 38172
4950,,-52,5347,3,1,174,9,16 56 11 38206
4952,,-51,5349,3,1,171,9,16 56 11 38273
4954,,-52,5351,3,1,174,9,16 56 11 38322
4955,,-53,5352,3,1,174,9,16 56 11 38356
4956,,-53,5353,3,1,171,9,16 56 11 38389
4958,,-53,5355,3,1,174,9,16 56 11 38422
4960,,-53,5357,3,1,174,9,16 56 11 38472
4963,,-55,5360,3,1,171,9,16 56 11 38523
4964,,-52,5361,3,1,174,9,16 56 11 38555
4967,,-52,5364,3,1,171,9,16 56 11 38605
4968,,-53,5365,3,1,171,9,16 56 11 38622
4971,,-52,5368,3,1,174,9,16 56 11 38705
4973,,-55,5370,3,1,174,9,16 56 11 38739
4974,,-55,5371,3,1,171,9,16 56 11 38756
4976,,-55,5373,3,1,171,9,16 56 11 38789
4978,,-55,5375,3,1,168,9,16 56 11 38839
4981,,-55,5378,3,1,174,9,16 56 11 38889
4982,,-55,5379,3,1,174,9,16 56 11 38923
4984,,-55,5381,3,1,174,9,16 56 12 38972
4986,,-55,5383,3,1,171,9,16 56 12 39023
4988,,-55,5385,3,1,174,9,16 56 12 39089
4989,,-55,5386,3,1,171,9,16 56 12 39123
4991,,-55,5388,3,1,174,9,16 56 12 39156
4993,,-55,5390,3,1,174,9,16 56 12 39206
4996,,-55,5393,3,1,174,9,16 56 12 39256
4997,,-55,5394,3,1,174,9,16 56 12 39306
5001,,-55,5398,3,1,171,9,16 56 12 39422
5002,,-55,5399,3,1,174,9,16 56 12 39439
5004,,-55,5401,3,1,174,9,16 56 12 39472
5007,,-55,5404,3,1,168,9,16 56 12 39523
5009,,-53,5406,3,1,174,9,16 56 12 39573
5010,,-55,5407,3,1,168,9,16 56 12 39589
5013,,-55,5410,3,1,174,9,16 56 12 39639
5015,,-55,5412,3,1,174,9,16 56 12 39673
5017,,-53,5414,3,1,174,9,16 56 12 39722
5019,,-55,5416,3,1,171,9,16 56 12 39756
5021,,-53,5418,3,1,171,9,16 56 12 39806
5022,,-55,5419,3,1,168,9,16 56 12 39823
5024,,-55,5421,3,1,174,9,16 56 12 39855
5026,,-55,5423,3,1,174,9,16 56 12 39923
5028,,-52,5425,3,1,171,9,16 56 13 39990
5032,,-55,5429,4,1,174,9,16 56 15 41973
5034,,-55,5431,4,1,171,9,16 56 15 42023
5036,,-55,5433,4,1,174,9,16 56 15 42055
5038,,-55,5435,4,1,171,9,16 56 15 42089
5040,,-55,5437,4,1,171,9,16 56 15 42123
5043,,-55,5440,4,1,174,9,16 56 15 42189
5045,,-55,5442,4,1,174,9,16 56 15 42223
5046,,-55,5443,4,1,174,9,16 56 15 42240
5048,,-53,5445,4,1,174,9,16 56 15 42273
5049,,-52,5446,4,1,174,9,16 56 15 42289
5050,,-52,5447,4,1,171,9,16 56 15 42322
5051,,-52,5448,4,1,171,9,16 56 15 42356
5052,,-53,5449,4,1,171,9,16 56 15 42390
5053,,-53,5450,4,1,171,9,16 56 15 42422
5054,,-53,5451,4,1,174,9,16 56 15 42456
5055,,-53,5452,4,1,174,9,16 56 15 42490
5056,,-53,5453,4,1,180,9,16 56 15 42523
5057,,-53,5454,4,1,174,9,16 56 15 42556
5058,,-55,5455,4,1,174,9,16 56 15 42573
5059,,-55,5456,4,1,171,9,16 56 15 42606
5060,,-55,5457,4,1,168,9,16 56 15 42639
5061,,-55,5458,4,1,171,9,16 56 15 42673
5062,,-55,5459,4,1,171,9,16 56 15 42723
5063,,-55,5460,4,1,174,9,16 56 15 42756
5064,,-55,5461,4,1,174,9,16 56 15 42773
5065,,-55,5462,4,1,174,9,16 56 15 42806
5066,,-55,5463,4,1,171,9,16 56 15 42839
5067,,-55,5464,4,1,174,9,16 56 15 42873
5068,,-57,5465,4,1,171,9,16 56 15 42906
5069,,-57,5466,4,1,171,9,16 56 15 42939
5070,,-57,5467,4,1,171,9,16 56 16 42973
5071,,-57,5468,4,1,180,9,16 56 16 43006
5072,,-57,5469,4,1,174,9,16 56 16 43039
5073,,-58,5470,4,1,174,9,16 56 16 43073
5074,,-58,5471,4,1,168,9,16 56 16 43106
5075,,-58,5472,4,1,171,9,16 56 16 43139
5076,,-58,5473,4,1,174,9,16 56 16 43173
5077,,-57,5474,4,1,171,9,16 56 16 43256
5078,,-57,5475,4,1,174,9,16 56 16 43290
5079,,-58,5476,4,1,171,9,16 56 16 43323
5080,,-57,5477,4,1,174,9,16 56 16 43356
5081,,-58,5478,4,1,171,9,16 56 16 43390
5082,,-57,5479,4,1,171,9,16 56 16 43422
5083,,-57,5480,4,1,171,9,16 56 16 43456
5084,,-58,5481,4,1,171,9,16 56 16 43506
5085,,-57,5482,5,1,177,9,16 56 17 44939
5086,,-58,5483,5,1,171,9,16 56 18 44989
5087,,-59,5484,5,1,174,9,16 56 18 45022
5088,,-58,5485,5,1,174,9,16 56 18 45089
5089,,-58,5486,5,1,174,9,16 56 18 45206
5090,,-58,5487,5,1,174,9,16 56 18 45256
5091,,-57,5488,5,1,171,9,16 56 18 45273
5092,,-57,5489,5,1,171,9,16 56 18 45289
5093,,-55,5490,5,1,174,9,16 56 18 45306
5094,,-56,5491,5,1,168,9,16 56 18 45340
5095,,-55,5492,5,1,171,9,16 56 18 45389
5096,,-55,5493,5,1,171,9,16 56 18 45406
5097,,-55,5494,5,1,171,9,16 56 18 45440
5098,,-55,5495,5,1,174,9,16 56 18 45489
5099,,-53,5496,5,1,171,9,16 56 18 45522
5100,,-55,5497,5,1,174,9,16 56 18 45540
5101,,-55,5498,5,1,171,9,16 56 18 45556
5102,,-55,5499,5,1,174,9,16 56 18 45589
5103,,-55,5500,5,1,174,9,16 56 18 45623
5104,,-55,5501,5,1,171,9,16 56 18 45656
5105,,-55,5502,5,1,174,9,16 56 18 45689
5106,,-55,5503,5,1,171,9,16 56 18 45722
5107,,-55,5504,5,1,171,9,16 56 18 45756
5109,,-55,5506,5,1,171,9,16 56 18 45806
5110,,-53,5507,5,1,174,9,16 56 18 45856
5111,,-55,5508,5,1,171,9,16 56 18 45872
5112,,-55,5509,5,1,174,9,16 56 18 45906
5113,,-55,5510,5,1,174,9,16 56 19 45973
5114,,-55,5511,5,1,171,9,16 56 19 46006
5115,,-55,5512,5,1,171,9,16 56 19 46039
5116,,-56,5513,5,1,171,9,16 56 19 46073
5117,,-56,5514,5,1,171,9,16 56 19 46122
5118,,-56,5515,5,1,171,9,16 56 19 46156
5119,,-55,5516,5,1,168,9,16 56 19 46190
5120,,-56,5517,5,1,171,9,16 56 19 46223
5121,,-53,5518,5,1,174,9,16 56 19 46240
5122,,-55,5519,5,1,174,9,16 56 19 46273
5123,,-55,5520,5,1,171,9,16 56 19 46306
5124,,-55,5521,5,1,171,9,16 56 19 46339
5125,,-53,5522,5,1,174,9,16 56 19 46373
5126,,-55,5523,5,1,171,9,16 56 19 46407
5127,,-53,5524,5,1,168,9,16 56 19 46439
5128,,-55,5525,5,1,174,9,16 56 19 46473
5129,,-55,5526,5,1,168,9,16 56 19 46506
5130,,-53,5527,5,1,171,9,16 56 19 46523
5131,,-53,5528,5,1,174,9,16 56 19 46556
5132,,-55,5529,5,1,171,9,16 56 19 46590
5133,,-53,5530,5,1,174,9,16 56 19 46622
5134,,-53,5531,6,1,171,9,16 56 21 48839
5135,,-53,5532,6,1,174,9,16 56 21 48873
5136,,-55,5533,6,1,171,9,16 56 21 48906
5137,,-55,5534,6,1,171,9,16 56 21 48939
5138,,-55,5535,6,1,171,9,16 56 22 48973
5139,,-55,5536,6,1,171,9,16 56 22 49006
5140,,-55,5537,6,1,177,9,16 56 22 49040
5141,,-55,5538,6,1,174,9,16 56 22 49073
5142,,-55,5539,6,1,174,9,16 56 22 49105
5143,,-55,5540,6,1,177,9,16 56 22 49139
5144,,-55,5541,6,1,171,9,16 56 22 49173
5145,,-55,5542,6,1,171,9,16 56 22 49223
5146,,-55,5543,6,1,171,9,16 56 22 49240
5147,,-55,5544,6,1,174,9,16 56 22 49256
5148,,-55,5545,6,1,171,9,16 56 22 49289
5149,,-56,5546,6,1,171,9,16 56 22 49323
5150,,-57,5547,6,1,174,9,16 56 22 49356
5151,,-59,5548,6,1,174,9,16 56 22 49623
5152,,-58,5549,6,1,168,9,16 56 22 49656
5153,,-58,5550,6,1,171,9,16 56 22 49689
5154,,-57,5551,6,1,168,9,16 56 22 49723
5155,,-58,5552,6,1,171,9,16 56 22 49756
5156,,-57,5553,6,1,174,9,16 56 22 49790
5157,,-57,5554,6,1,174,9,16 56 22 49823
5158,,-56,5555,6,1,168,9,16 56 22 49840
5159,,-56,5556,6,1,168,9,16 56 22 49873
5160,,-56,5557,6,1,171,9,16 56 22 49907
5161,,-55,5558,6,1,171,9,16 56 22 49940
5162,,-56,5559,6,1,168,9,16 56 23 49973
5163,,-55,5560,6,1,171,9,16 56 23 50006
5164,,-55,5561,6,1,171,9,16 56 23 50040
5165,,-55,5562,6,1,171,9,16 56 23 50073
5166,,-55,5563,6,1,174,9,16 56 23 50106
5167,,-55,5564,6,1,174,9,16 56 23 50140
5168,,-55,5565,6,1,171,9,16 56 23 50173
5169,,-53,5566,6,1,171,9,16 56 23 50206
5170,,-52,5567,6,1,171,9,16 56 23 50222
5171,,-52,5568,6,1,174,9,16 56 23 50240
5172,,-52,5569,6,1,174,9,16 56 23 50273
5173,,-52,5570,6,1,171,9,16 56 23 50306
5174,,-52,5571,6,1,174,9,16 56 23 50340
5175,,-52,5572,6,1,174,9,16 56 23 50373
5177,,-51,5574,6,1,174,9,16 56 23 50440
5179,,-51,5576,6,1,171,9,16 56 23 50490
5181,,-52,5578,6,1,174,9,16 56 23 50523
5183,,-52,5580,6,1,174,9,16 56 23 50556
5186,,-52,5583,6,1,171,9,16 56 23 50623
5187,,-52,5584,6,1,174,9,16 56 23 50639
5189,,-53,5586,6,1,171,9,16 56 23 50689
5192,,-53,5589,6,1,171,9,16 56 23 50757
5193,,-55,5590,6,1,168,9,16 56 23 50773
5195,,-55,5592,6,1,174,9,16 56 23 50806
5199,,-55,5596,6,1,174,9,16 56 23 50940
5201,,-55,5598,6,1,171,9,16 56 24 50973
5204,,-55,5601,6,1,171,9,16 56 24 51023
5205,,-56,5602,6,1,174,9,16 56 24 51073
5207,,-55,5604,6,1,174,9,16 56 24 51107
5210,,-55,5607,6,1,168,9,16 56 24 51157
5211,,-55,5608,6,1,171,9,16 56 24 51190
5214,,-55,5611,6,1,174,9,16 56 24 51240
5217,,-55,5614,7,1,174,9,16 56 26 53074
5218,,-55,5615,7,1,174,9,16 56 26 53107
5220,,-55,5617,7,1,174,9,16 56 26 53156
5223,,-52,5620,7,1,174,9,16 56 26 53224
5225,,-51,5622,7,1,174,9,16 56 26 53273
5226,,-51,5623,7,1,174,9,16 56 26 53306
5228,,-52,5625,7,1,174,9,16 56 26 53340
5230,,-52,5627,7,1,171,9,16 56 26 53390
5232,,-52,5629,7,1,168,9,16 56 26 53424
5233,,-53,5630,7,1,171,9,16 56 26 53457
5234,,-55,5631,7,1,171,9,16 56 26 53507
5235,,-55,5632,7,1,174,9,16 56 26 53540
5236,,-55,5633,7,1,168,9,16 56 26 53574
5237,,-55,5634,7,1,174,9,16 56 26 53607
5239,,-57,5636,7,1,168,9,16 56 26 53656
5241,,-57,5638,7,1,171,9,16 56 26 53707
5246,,-57,5643,7,1,171,9,16 56 26 53856
5248,,-58,5645,7,1,174,9,16 56 26 53923
5251,,-58,5648,7,1,168,9,16 56 27 53990
5258,,-57,5655,7,1,171,9,16 56 27 54223
5259,,-55,5656,7,1,174,9,16 56 27 54256
5260,,-55,5657,7,1,174,9,16 56 27 54290
5261,,-55,5658,7,1,171,9,16 56 27 54323
5262,,-55,5659,7,1,174,9,16 56 27 54356
5263,,-55,5660,7,1,174,9,16 56 27 54390
5264,,-55,5661,7,1,171,9,16 56 27 54423
5265,,-53,5662,7,1,171,9,16 56 27 54456
5266,,-52,5663,7,1,171,9,16 56 27 54473
5267,,-52,5664,7,1,168,9,16 56 27 54506
5268,,-52,5665,7,1,174,9,16 56 27 54539
5269,,-52,5666,7,1,171,9,16 56 27 54573
5270,,-52,5667,7,1,171,9,16 56 27 54606
5271,,-52,5668,7,1,171,9,16 56 27 54640
5272,,-52,5669,7,1,171,9,16 56 27 54674
5273,,-52,5670,7,1,174,9,16 56 27 54706
5274,,-52,5671,7,1,171,9,16 56 27 54739
5277,,-52,5674,7,1,174,9,16 56 27 54839
5278,,-52,5675,7,1,171,9,16 56 27 54857
5279,,-52,5676,7,1,174,9,16 56 27 54890
5280,,-52,5677,7,1,174,9,16 56 27 54923
5281,,-52,5678,7,1,171,9,16 56 28 54973
5283,,-52,5680,7,1,174,9,16 56 28 55040
5286,,-52,5683,7,1,168,9,16 56 28 55089
5287,,-52,5684,7,1,171,9,16 56 28 55123
5290,,-52,5687,7,1,171,9,16 56 28 55188
5291,,-51,5688,7,1,174,9,16 56 28 55206
5293,,-52,5690,7,1,174,9,16 56 28 55257
5295,,-51,5692,7,1,174,9,16 56 28 55306
5297,,-52,5694,7,1,171,9,16 56 28 55373
5299,,-51,5696,7,1,174,9,16 56 28 55423
5300,,-51,5697,7,1,174,9,16 56 28 55457
5303,,-51,5700,7,1,171,9,16 56 28 55523
5305,,-52,5702,8,1,174,9,16 56 30 57257
5306,,-52,5703,8,1,171,9,16 56 30 57272
5309,,-52,5706,8,1,174,9,16 56 30 57323
5310,,-51,5707,8,1,174,9,16 56 30 57340
5312,,-51,5709,8,1,171,9,16 56 30 57390
5314,,-51,5711,8,1,174,9,16 56 30 57456
5315,,-50,5712,8,1,171,9,16 56 30 57490
5317,,-50,5714,8,1,171,9,16 56 30 57523
5318,,-51,5715,8,1,171,9,16 56 30 57540
5320,,-51,5717,8,1,171,9,16 56 30 57574
5323,,-51,5720,8,1,171,9,16 56 30 57640
5324,,-51,5721,8,1,174,9,16 56 30 57657
5326,,-49,5723,8,1,174,9,16 56 30 57707
5328,,-49,5725,8,1,174,9,16 56 30 57755
5330,,-49,5727,8,1,171,9,16 56 30 57790
5332,,-47,5729,8,1,171,9,16 56 30 57823
5335,,-49,5732,8,1,174,9,16 56 30 57890
5336,,-47,5733,8,1,171,9,16 56 30 57923
5339,,-49,5736,8,1,171,9,16 56 31 57990
5342,,-47,5739,8,1,174,9,16 56 31 58073
5346,,-47,5743,8,1,174,9,16 56 31 58174
5347,,-47,5744,8,1,171,9,16 56 31 58190
5350,,-47,5747,8,1,174,9,16 56 31 58257
5353,,-49,5750,8,1,174,9,16 56 31 58340
5356,,-49,5753,8,1,171,9,16 56 31 58423
5357,,-49,5754,8,1,174,9,16 56 31 58457
5362,,-49,5759,8,1,171,9,16 56 31 58607
5364,,-49,5761,8,1,174,9,16 56 31 58640
5366,,-49,5763,8,1,171,9,16 56 31 58673
5367,,-49,5764,8,1,174,9,16 56 31 58707
5369,,-49,5766,8,1,171,9,16 56 31 58757
5370,,-49,5767,8,1,174,9,16 56 31 58790
5371,,-49,5768,8,1,174,9,16 56 31 58806
5373,,-49,5770,8,1,174,9,16 56 31 58840
5375,,-49,5772,8,1,171,9,16 56 31 58907
5378,,-49,5775,8,1,174,9,16 56 32 58957
5379,,-49,5776,8,1,174,9,16 56 32 58973
5381,,-49,5778,9,1,168,9,16 56 34 60990
5384,,-49,5781,9,1,174,9,16 56 34 61056
5387,,-49,5784,9,1,171,9,16 56 34 61123
5390,,-47,5787,9,1,174,9,16 56 34 61174
5392,,-47,5789,9,1,171,9,16 56 34 61223
5395,,-49,5792,9,1,171,9,16 56 34 61290
5396,,-47,5793,9,1,171,9,16 56 34 61322
5398,,-49,5795,9,1,171,9,16 56 34 61374
5399,,-49,5796,9,1,174,9,16 56 34 61407
5402,,-49,5799,9,1,168,9,16 56 34 61457
5406,,-47,5803,9,1,174,9,16 56 34 61557
5409,,-49,5806,9,1,171,9,16 56 34 61623
5412,,-49,5809,9,1,174,9,16 56 34 61690
5413,,-49,5810,9,1,171,9,16 56 34 61724
5415,,-49,5812,9,1,171,9,16 56 34 61790
5416,,-49,5813,9,1,174,9,16 56 34 61806
5418,,-49,5815,9,1,174,9,16 56 34 61857
5419,,-49,5816,9,1,171,9,16 56 34 61873
5422,,-49,5819,9,1,174,9,16 56 34 61940
5424,,-49,5821,9,1,171,9,16 56 35 61990
5427,,-49,5824,9,1,174,9,16 56 35 62073
5431,,-49,5828,9,1,171,9,16 56 35 62140
5432,,-49,5829,9,1,171,9,16 56 35 62173
5434,,-49,5831,9,1,174,9,16 56 35 62224
5436,,-49,5833,9,1,174,9,16 56 35 62273
5440,,-49,5837,9,1,171,9,16 56 35 62356
5442,,-49,5839,9,1,174,9,16 56 35 62424
5446,,-49,5843,9,1,174,9,16 56 35 62523
5450,,-49,5847,9,1,171,9,16 56 35 62624
5454,,-49,5851,9,1,174,9,16 56 35 62723
5458,,-49,5855,9,1,174,9,16 56 35 62823
5459,,-49,5856,9,1,171,9,16 56 35 62857
5462,,-49,5859,9,1,168,9,16 56 35 62923
5466,,-49,5863,9,1,171,9,16 56 36 63007
5470,,-49,5867,9,1,174,9,16 56 36 63123
5474,,-49,5871,9,1,174,9,16 56 36 63274
5475,,-49,5872,9,1,174,9,16 56 36 63307
5477,,-49,5874,9,1,174,9,16 56 36 63340
5481,,-49,5878,9,1,174,9,16 56 36 63424
5485,,-49,5882,9,1,174,9,16 56 36 63524
5492,,-49,5889,9,1,171,9,16 56 36 63674
5496,,-49,5893,9,1,171,9,16 56 36 63756
5500,,-49,5897,9,1,174,9,16 56 36 63873
5503,,-49,5900,9,1,174,9,16 56 36 63940
5504,,-49,5901,9,1,171,9,16 56 37 63973
5507,,-49,5904,9,1,174,9,16 56 37 64041
5510,,-49,5907,9,1,171,9,16 56 37 64140
5513,,-51,5910,9,1,171,9,16 56 37 64224
5517,,-51,5914,9,1,174,9,16 56 37 64324
5518,,-51,5915,9,1,174,9,16 56 37 64357
5522,,-51,5919,9,1,174,9,16 56 37 64474
5523,,-51,5920,9,1,174,9,16 56 37 64507
5526,,-51,5923,9,1,171,9,16 56 37 64573
5528,,-51,5925,9,1,171,9,16 56 37 64624
5530,,-51,5927,9,1,171,9,16 56 37 64657
5538,,-50,5935,9,1,174,9,16 56 37 64857
5541,,-49,5938,9,1,171,9,16 56 37 64924
5547,,-49,5944,9,1,168,9,16 56 38 65073
5549,,-49,5946,9,1,171,9,16 56 38 65123
5551,,-49,5948,10,1,174,9,16 56 41 68474
5556,,-49,5953,10,1,171,9,16 56 41 68591
5560,,-49,5957,10,1,174,9,16 56 41 68673
5563,,-49,5960,10,1,171,9,16 56 41 68741
5565,,-49,5962,10,1,174,9,16 56 41 68807
5566,,-49,5963,10,1,174,9,16 56 41 68858
5572,,-47,5969,10,1,171,9,16 56 42 69007
5577,,-49,5974,10,1,177,9,16 56 42 69140
5581,,-49,5978,10,1,171,9,16 56 42 69257
5582,,-49,5979,10,1,171,9,16 56 42 69290
5586,,-49,5983,10,1,174,9,16 56 42 69374
5589,,-49,5986,10,1,171,9,16 56 42 69440
5592,,-50,5989,10,1,174,9,16 56 42 69507
5594,,-50,5991,10,1,174,9,16 56 42 69540
5598,,-50,5995,10,1,174,9,16 56 42 69624
5600,,-49,5997,10,1,171,9,16 56 42 69674
5605,,-49,6002,10,1,174,9,16 56 42 69841
5608,,-49,6005,10,1,174,9,16 56 42 69890
5612,,-49,6009,10,1,171,9,16 56 43 69974
5617,,-49,6014,10,1,174,9,16 56 43 70124
5621,,-49,6018,10,1,174,9,16 56 43 70240
5624,,-49,6021,10,1,174,9,16 56 43 70324
5627,,-50,6024,10,1,174,9,16 56 43 70390
5629,,-49,6026,10,1,171,9,16 56 43 70440
5632,,-50,6029,10,1,171,9,16 56 43 70508
5636,,-49,6033,10,1,174,9,16 56 43 70590
5637,,-49,6034,10,1,174,9,16 56 43 70624
5641,,-49,6038,10,1,171,9,16 56 43 70724
5645,,-47,6042,10,1,171,9,16 56 43 70807
5649,,-47,6046,10,1,171,9,16 56 43 70908
