, ,run,activity,time,id,RSSI,phase
62,,1,2,13 38 12 18716,4,-47,171
64,,1,2,13 38 12 18766,4,-49,174
67,,1,2,13 38 12 18816,4,-46,174
70,,1,2,13 38 12 18882,4,-49,171
72,,1,2,13 38 12 18916,4,-47,174
73,,1,2,13 38 12 18932,4,-47,174
77,,1,2,13 38 12 19031,4,-47,174
78,,1,2,13 38 12 19066,4,-47,174
82,,1,2,13 38 13 19166,4,-47,171
84,,1,2,13 38 13 19199,4,-49,174
85,,1,2,13 38 13 19216,4,-49,174
89,,1,2,13 38 13 19300,4,-47,171
90,,1,2,13 38 13 19332,4,-49,174
92,,1,2,13 38 13 19383,4,-49,171
96,,1,2,13 38 13 19482,4,-49,174
99,,1,2,13 38 13 19550,4,-49,171
102,,1,2,13 38 13 19616,4,-49,171
105,,1,2,13 38 13 19682,4,-49,171
109,,1,2,13 38 13 19782,4,-49,171
110,,1,2,13 38 13 19816,4,-49,174
113,,1,2,13 38 13 19866,4,-49,171
117,,1,2,13 38 13 19932,4,-49,174
118,,1,2,13 38 13 19965,4,-49,168
121,,1,2,13 38 13 20015,4,-50,168
124,,1,2,13 38 14 20099,4,-51,174
126,,1,2,13 38 14 20148,4,-51,171
128,,1,2,13 38 14 20183,4,-50,174
130,,1,2,13 38 14 20232,4,-50,168
133,,1,2,13 38 14 20299,4,-49,171
136,,1,2,13 38 14 20366,4,-49,171
139,,1,2,13 38 14 20466,4,-49,171
142,,1,2,13 38 14 20533,4,-49,171
143,,1,2,13 38 14 20565,4,-49,174
206,,1,4,13 38 22 28749,4,-51,174
209,,1,4,13 38 22 28816,4,-51,171
213,,1,4,13 38 22 28916,4,-52,174
216,,1,4,13 38 22 28983,4,-51,174
218,,1,4,13 38 22 29050,4,-52,174
220,,1,4,13 38 23 29083,4,-53,174
222,,1,4,13 38 23 29117,4,-52,174
223,,1,4,13 38 23 29133,4,-53,171
225,,1,4,13 38 23 29166,4,-55,171
228,,1,4,13 38 23 29250,4,-57,174
229,,1,4,13 38 23 29266,4,-56,174
232,,1,4,13 38 23 29333,4,-55,171
234,,1,4,13 38 23 29400,4,-55,174
237,,1,4,13 38 23 29466,4,-53,174
238,,1,4,13 38 23 29483,4,-52,174
241,,1,4,13 38 23 29532,4,-52,174
243,,1,4,13 38 23 29616,4,-51,171
245,,1,4,13 38 23 29649,4,-51,174
248,,1,4,13 38 23 29700,4,-51,174
249,,1,4,13 38 23 29733,4,-51,174
251,,1,4,13 38 23 29766,4,-51,171
253,,1,4,13 38 23 29816,4,-51,174
255,,1,4,13 38 23 29882,4,-50,174
258,,1,4,13 38 23 29965,4,-50,171
262,,1,4,13 38 24 30082,4,-50,171
265,,1,4,13 38 24 30149,4,-51,171
267,,1,4,13 38 24 30217,4,-52,174
272,,1,4,13 38 24 30349,4,-51,171
275,,1,4,13 38 24 30433,4,-51,174
276,,1,4,13 38 24 30483,4,-50,174
278,,1,4,13 38 24 30516,4,-50,171
454,,1,7,13 38 37 43667,4,-52,174
458,,1,7,13 38 37 43783,4,-53,174
460,,1,7,13 38 37 43851,4,-52,174
462,,1,7,13 38 37 43900,4,-52,174
470,,1,7,13 38 38 44116,4,-51,171
472,,1,7,13 38 38 44150,4,-51,174
474,,1,7,13 38 38 44184,4,-51,171
478,,1,7,13 38 38 44266,4,-50,171
480,,1,7,13 38 38 44317,4,-50,174
482,,1,7,13 38 38 44383,4,-51,174
483,,1,7,13 38 38 44433,4,-52,174
488,,1,7,13 38 38 44517,4,-51,174
490,,1,7,13 38 38 44550,4,-52,171
495,,1,7,13 38 38 44667,4,-51,174
497,,1,7,13 38 38 44717,4,-51,171
500,,1,7,13 38 38 44783,4,-53,174
503,,1,7,13 38 38 44866,4,-53,171
506,,1,7,13 38 38 44917,4,-52,174
510,,1,7,13 38 38 45001,4,-52,174
512,,1,7,13 38 38 45032,4,-51,174
514,,1,7,13 38 39 45083,4,-51,168
516,,1,7,13 38 39 45134,4,-51,174
518,,1,7,13 38 39 45182,4,-50,174
521,,1,7,13 38 39 45250,4,-49,171
524,,1,7,13 38 39 45366,4,-50,174
525,,1,7,13 38 39 45400,4,-51,171
526,,1,7,13 38 39 45434,4,-51,171
529,,1,7,13 38 39 45484,4,-51,174
531,,1,7,13 38 39 45567,4,-51,174
536,,1,7,13 38 39 45684,4,-51,174
537,,1,7,13 38 39 45717,4,-51,174
539,,1,7,13 38 39 45766,4,-51,174
543,,1,7,13 38 39 45866,4,-51,174
547,,1,7,13 38 39 45967,4,-51,174
550,,1,7,13 38 39 46034,4,-50,174
551,,1,7,13 38 39 46067,4,-51,174
698,,1,10,13 38 57 63651,4,-49,171
699,,1,10,13 38 57 63684,4,-49,174
701,,1,10,13 38 57 63735,4,-47,177
702,,1,10,13 38 57 63767,4,-47,174
704,,1,10,13 38 57 63834,4,-47,174
710,,1,10,13 38 57 63967,4,-47,171
713,,1,10,13 38 57 64034,4,-47,174
716,,1,10,13 38 58 64134,4,-47,174
718,,1,10,13 38 58 64200,4,-49,171
721,,1,10,13 38 58 64251,4,-49,174
724,,1,10,13 38 58 64351,4,-49,171
728,,1,10,13 38 58 64434,4,-49,171
734,,1,10,13 38 58 64584,4,-49,174
736,,1,10,13 38 58 64651,4,-50,171
742,,1,10,13 38 58 64784,4,-50,171
748,,1,10,13 38 58 64917,4,-49,171
749,,1,10,13 38 58 64951,4,-49,168
752,,1,10,13 38 58 65050,4,-49,171
756,,1,10,13 38 59 65183,4,-49,171
767,,1,10,13 38 59 65534,4,-49,174
772,,1,10,13 38 59 65667,4,-49,168
774,,1,10,13 38 59 65800,4,-47,174
777,,1,10,13 38 59 65918,4,-47,171
781,,1,10,13 38 59 65983,4,-47,171
926,,2,2,13 39 38 22594,4,-50,174
928,,2,2,13 39 39 22645,4,-50,174
929,,2,2,13 39 39 22660,4,-50,174
933,,2,2,13 39 39 22762,4,-49,171
938,,2,2,13 39 39 22894,4,-49,174
941,,2,2,13 39 39 22979,4,-47,171
944,,2,2,13 39 39 23078,4,-47,174
945,,2,2,13 39 39 23111,4,-46,174
947,,2,2,13 39 39 23144,4,-46,174
949,,2,2,13 39 39 23194,4,-46,174
952,,2,2,13 39 39 23244,4,-46,174
954,,2,2,13 39 39 23278,4,-47,174
957,,2,2,13 39 39 23344,4,-47,174
960,,2,2,13 39 39 23444,4,-49,174
962,,2,2,13 39 39 23494,4,-49,174
964,,2,2,13 39 39 23528,4,-49,174
967,,2,2,13 39 40 23627,4,-49,174
968,,2,2,13 39 40 23661,4,-49,174
969,,2,2,13 39 40 23694,4,-50,171
972,,2,2,13 39 40 23744,4,-50,168
975,,2,2,13 39 40 23794,4,-50,171
977,,2,2,13 39 40 23845,4,-50,171
979,,2,2,13 39 40 23877,4,-51,168
980,,2,2,13 39 40 23894,4,-50,174
982,,2,2,13 39 40 23928,4,-50,171
985,,2,2,13 39 40 23994,4,-50,171
986,,2,2,13 39 40 24027,4,-50,174
987,,2,2,13 39 40 24061,4,-49,174
989,,2,2,13 39 40 24111,4,-50,168
990,,2,2,13 39 40 24145,4,-50,174
993,,2,2,13 39 40 24194,4,-50,174
996,,2,2,13 39 40 24262,4,-50,168
998,,2,2,13 39 40 24312,4,-50,171
1001,,2,2,13 39 40 24377,4,-50,171
1009,,2,2,13 39 40 24561,4,-49,174
1012,,2,2,13 39 41 24628,4,-49,171
1016,,2,2,13 39 41 24712,4,-49,174
1082,,2,4,13 39 47 30695,4,-50,174
1085,,2,4,13 39 47 30778,4,-51,174
1087,,2,4,13 39 47 30812,4,-51,171
1088,,2,4,13 39 47 30828,4,-52,171
1091,,2,4,13 39 47 30877,4,-51,174
1093,,2,4,13 39 47 30929,4,-52,174
1095,,2,4,13 39 47 30962,4,-52,168
1096,,2,4,13 39 47 30978,4,-52,174
1097,,2,4,13 39 47 31012,4,-51,174
1101,,2,4,13 39 47 31078,4,-52,171
1104,,2,4,13 39 47 31145,4,-52,171
1106,,2,4,13 39 47 31179,4,-52,174
1107,,2,4,13 39 47 31195,4,-52,174
1110,,2,4,13 39 47 31279,4,-52,174
1111,,2,4,13 39 47 31294,4,-55,174
1112,,2,4,13 39 47 31327,4,-55,174
1113,,2,4,13 39 47 31379,4,-55,174
1115,,2,4,13 39 47 31412,4,-56,171
1117,,2,4,13 39 47 31444,4,-55,174
1118,,2,4,13 39 47 31479,4,-55,174
1119,,2,4,13 39 47 31512,4,-55,174
1120,,2,4,13 39 47 31544,4,-58,174
1121,,2,4,13 39 47 31579,4,-56,171
1122,,2,4,13 39 47 31612,4,-55,171
1123,,2,4,13 39 48 31645,4,-55,174
1124,,2,4,13 39 48 31679,4,-55,171
1125,,2,4,13 39 48 31694,4,-55,174
1126,,2,4,13 39 48 31729,4,-55,174
1127,,2,4,13 39 48 31762,4,-55,171
1128,,2,4,13 39 48 31795,4,-55,174
1129,,2,4,13 39 48 31828,4,-53,171
1130,,2,4,13 39 48 31861,4,-55,174
1131,,2,4,13 39 48 31895,4,-55,174
1132,,2,4,13 39 48 31928,4,-55,171
1133,,2,4,13 39 48 31962,4,-55,174
1135,,2,4,13 39 48 32011,4,-51,174
1137,,2,4,13 39 48 32045,4,-51,168
1138,,2,4,13 39 48 32061,4,-51,171
1140,,2,4,13 39 48 32112,4,-50,171
1142,,2,4,13 39 48 32145,4,-50,171
1144,,2,4,13 39 48 32195,4,-50,171
1147,,2,4,13 39 48 32244,4,-49,171
1149,,2,4,13 39 48 32277,4,-49,177
1151,,2,4,13 39 48 32327,4,-49,174
1153,,2,4,13 39 48 32361,4,-49,174
1156,,2,4,13 39 48 32429,4,-49,174
1158,,2,4,13 39 48 32478,4,-49,171
1163,,2,4,13 39 48 32578,4,-49,168
1164,,2,4,13 39 48 32594,4,-49,168
1168,,2,4,13 39 49 32679,4,-49,174
1170,,2,4,13 39 49 32745,4,-49,174
1174,,2,4,13 39 49 32829,4,-50,174
1175,,2,4,13 39 49 32846,4,-49,171
1331,,2,7,13 40 0 43995,4,-55,174
1334,,2,7,13 40 0 44045,4,-53,174
1336,,2,7,13 40 0 44079,4,-55,171
1341,,2,7,13 40 0 44212,4,-52,174
1346,,2,7,13 40 0 44345,4,-51,177
1348,,2,7,13 40 0 44395,4,-52,174
1349,,2,7,13 40 0 44429,4,-52,174
1351,,2,7,13 40 0 44479,4,-52,174
1357,,2,7,13 40 1 44645,4,-51,171
1358,,2,7,13 40 1 44662,4,-52,171
1360,,2,7,13 40 1 44695,4,-51,171
1361,,2,7,13 40 1 44712,4,-51,174
1363,,2,7,13 40 1 44779,4,-51,171
1366,,2,7,13 40 1 44829,4,-51,171
1367,,2,7,13 40 1 44862,4,-51,174
1370,,2,7,13 40 1 44962,4,-51,174
1371,,2,7,13 40 1 44995,4,-49,171
1373,,2,7,13 40 1 45028,4,-50,171
1374,,2,7,13 40 1 45044,4,-51,174
1377,,2,7,13 40 1 45112,4,-49,171
1378,,2,7,13 40 1 45129,4,-50,174
1380,,2,7,13 40 1 45179,4,-50,168
1383,,2,7,13 40 1 45246,4,-49,174
1385,,2,7,13 40 1 45279,4,-49,171
1386,,2,7,13 40 1 45312,4,-49,171
1388,,2,7,13 40 1 45362,4,-49,174
1390,,2,7,13 40 1 45394,4,-50,168
1393,,2,7,13 40 1 45462,4,-50,171
1397,,2,7,13 40 1 45563,4,-49,174
1398,,2,7,13 40 1 45596,4,-50,174
1401,,2,7,13 40 2 45662,4,-49,171
1402,,2,7,13 40 2 45679,4,-49,174
1551,,2,10,13 40 14 58096,4,-49,174
1553,,2,10,13 40 14 58146,4,-49,171
1557,,2,10,13 40 14 58263,4,-49,174
1560,,2,10,13 40 14 58362,4,-49,174
1566,,2,10,13 40 14 58546,4,-49,171
1568,,2,10,13 40 15 58613,4,-49,168
1571,,2,10,13 40 15 58695,4,-49,168
1573,,2,10,13 40 15 58762,4,-49,168
1576,,2,10,13 40 15 58828,4,-49,174
1578,,2,10,13 40 15 58896,4,-49,171
1579,,2,10,13 40 15 58929,4,-49,174
1585,,2,10,13 40 15 59029,4,-49,174
1588,,2,10,13 40 15 59130,4,-49,174
1590,,2,10,13 40 15 59179,4,-49,171
1592,,2,10,13 40 15 59229,4,-49,171
1594,,2,10,13 40 15 59278,4,-49,174
1599,,2,10,13 40 15 59413,4,-49,174
1601,,2,10,13 40 15 59467,4,-49,171
1604,,2,10,13 40 15 59580,4,-49,174
1609,,2,10,13 40 16 59762,4,-49,174
1611,,2,10,13 40 16 59828,4,-49,174
1614,,2,10,13 40 16 59930,4,-49,174
1617,,2,10,13 40 16 59979,4,-49,174
1623,,2,10,13 40 16 60113,4,-49,174
1624,,2,10,13 40 16 60145,4,-50,171
1628,,2,10,13 40 16 60229,4,-50,174
1630,,2,10,13 40 16 60263,4,-49,174
1633,,2,10,13 40 16 60329,4,-49,171
1636,,2,10,13 40 16 60397,4,-49,174
1638,,2,10,13 40 16 60447,4,-49,171
1644,,2,10,13 40 16 60611,4,-47,168
1778,,3,2,13 42 9 24170,4,-49,171
1780,,3,2,13 42 9 24204,4,-50,171
1784,,3,2,13 42 9 24304,4,-50,171
1786,,3,2,13 42 10 24386,4,-50,174
1790,,3,2,13 42 10 24470,4,-51,171
1792,,3,2,13 42 10 24554,4,-51,168
1799,,3,2,13 42 10 24720,4,-49,174
1800,,3,2,13 42 10 24738,4,-50,174
1802,,3,2,13 42 10 24787,4,-49,171
1804,,3,2,13 42 10 24837,4,-49,171
1807,,3,2,13 42 10 24886,4,-49,171
1810,,3,2,13 42 10 24937,4,-49,174
1813,,3,2,13 42 10 25021,4,-49,171
1814,,3,2,13 42 10 25054,4,-49,174
1816,,3,2,13 42 10 25104,4,-49,168
1818,,3,2,13 42 10 25137,4,-49,174
1821,,3,2,13 42 10 25203,4,-49,174
1825,,3,2,13 42 10 25304,4,-49,171
1827,,3,2,13 42 11 25353,4,-49,174
1829,,3,2,13 42 11 25386,4,-49,174
1831,,3,2,13 42 11 25436,4,-49,174
1834,,3,2,13 42 11 25503,4,-49,171
1837,,3,2,13 42 11 25571,4,-49,171
1839,,3,2,13 42 11 25620,4,-49,174
1841,,3,2,13 42 11 25653,4,-49,171
1842,,3,2,13 42 11 25671,4,-49,174
1849,,3,2,13 42 11 25837,4,-49,174
1854,,3,2,13 42 11 25969,4,-49,174
1932,,3,4,13 42 16 31070,4,-51,174
1935,,3,4,13 42 16 31154,4,-51,171
1938,,3,4,13 42 16 31238,4,-51,174
1943,,3,4,13 42 17 31387,4,-49,168
1944,,3,4,13 42 17 31403,4,-50,168
1947,,3,4,13 42 17 31454,4,-51,171
1950,,3,4,13 42 17 31521,4,-52,174
1953,,3,4,13 42 17 31588,4,-51,171
1956,,3,4,13 42 17 31670,4,-51,174
1957,,3,4,13 42 17 31704,4,-52,174
1960,,3,4,13 42 17 31753,4,-52,171
1962,,3,4,13 42 17 31788,4,-53,171
1966,,3,4,13 42 17 31870,4,-55,171
1968,,3,4,13 42 17 31920,4,-53,174
1971,,3,4,13 42 17 32004,4,-52,174
1975,,3,4,13 42 17 32087,4,-55,171
1977,,3,4,13 42 17 32120,4,-55,0
1981,,3,4,13 42 17 32204,4,-55,174
1984,,3,4,13 42 17 32271,4,-52,171
1986,,3,4,13 42 17 32338,4,-51,174
1988,,3,4,13 42 18 32371,4,-51,171
1990,,3,4,13 42 18 32404,4,-52,171
1991,,3,4,13 42 18 32438,4,-52,174
1994,,3,4,13 42 18 32488,4,-52,174
1995,,3,4,13 42 18 32521,4,-52,171
1997,,3,4,13 42 18 32554,4,-52,174
2000,,3,4,13 42 18 32604,4,-50,171
2001,,3,4,13 42 18 32621,4,-51,174
2004,,3,4,13 42 18 32671,4,-51,171
2006,,3,4,13 42 18 32720,4,-50,174
2007,,3,4,13 42 18 32737,4,-51,171
2010,,3,4,13 42 18 32787,4,-51,171
2011,,3,4,13 42 18 32804,4,-51,171
2014,,3,4,13 42 18 32870,4,-50,174
2016,,3,4,13 42 18 32904,4,-50,174
2018,,3,4,13 42 18 32938,4,-50,174
2019,,3,4,13 42 18 32954,4,-51,171
2022,,3,4,13 42 18 33004,4,-53,174
2025,,3,4,13 42 18 33086,4,-52,174
2026,,3,4,13 42 18 33103,4,-52,171
2028,,3,4,13 42 18 33137,4,-52,171
2030,,3,4,13 42 18 33204,4,-53,171
2032,,3,4,13 42 18 33254,4,-53,171
2034,,3,4,13 42 18 33287,4,-53,171
2200,,3,7,13 42 29 43630,4,-52,168
2203,,3,7,13 42 29 43679,4,-53,171
2204,,3,7,13 42 29 43729,4,-52,171
2209,,3,7,13 42 29 43830,4,-53,168
2211,,3,7,13 42 29 43879,4,-52,174
2213,,3,7,13 42 29 43913,4,-52,174
2217,,3,7,13 42 29 44013,4,-51,174
2218,,3,7,13 42 29 44046,4,-51,171
2223,,3,7,13 42 29 44179,4,-51,174
2224,,3,7,13 42 29 44262,4,-50,168
2227,,3,7,13 42 29 44312,4,-51,174
2230,,3,7,13 42 30 44395,4,-52,171
2234,,3,7,13 42 30 44512,4,-52,171
2236,,3,7,13 42 30 44563,4,-51,171
2238,,3,7,13 42 30 44596,4,-53,174
2239,,3,7,13 42 30 44612,4,-55,171
2241,,3,7,13 42 30 44646,4,-55,171
2242,,3,7,13 42 30 44679,4,-55,171
2243,,3,7,13 42 30 44712,4,-55,174
2244,,3,7,13 42 30 44746,4,-55,174
2245,,3,7,13 42 30 44780,4,-55,171
2246,,3,7,13 42 30 44813,4,-53,174
2247,,3,7,13 42 30 44845,4,-55,171
2248,,3,7,13 42 30 44879,4,-53,174
2250,,3,7,13 42 30 44929,4,-53,171
2251,,3,7,13 42 30 44946,4,-52,171
2254,,3,7,13 42 30 45013,4,-51,174
2256,,3,7,13 42 30 45046,4,-51,171
2257,,3,7,13 42 30 45063,4,-52,171
2264,,3,7,13 42 30 45263,4,-51,171
2265,,3,7,13 42 30 45297,4,-52,171
2420,,3,10,13 42 46 60447,4,-49,171
2421,,3,10,13 42 46 60513,4,-49,174
2428,,3,10,13 42 46 60680,4,-49,174
2430,,3,10,13 42 46 60729,4,-49,174
2431,,3,10,13 42 46 60763,4,-49,174
2433,,3,10,13 42 46 60813,4,-49,174
2435,,3,10,13 42 46 60863,4,-49,174
2437,,3,10,13 42 46 60896,4,-49,174
2441,,3,10,13 42 46 60964,4,-49,174
2442,,3,10,13 42 46 60980,4,-49,174
2445,,3,10,13 42 46 61047,4,-49,168
2447,,3,10,13 42 46 61131,4,-49,174
2450,,3,10,13 42 46 61230,4,-49,171
2452,,3,10,13 42 46 61280,4,-49,174
2454,,3,10,13 42 46 61313,4,-47,174
2458,,3,10,13 42 47 61462,4,-49,174
2461,,3,10,13 42 47 61546,4,-49,168
2464,,3,10,13 42 47 61613,4,-49,174
2469,,3,10,13 42 47 61730,4,-49,174
2471,,3,10,13 42 47 61780,4,-49,174
2474,,3,10,13 42 47 61897,4,-49,171
2476,,3,10,13 42 47 61964,4,-49,168
2482,,3,10,13 42 47 62131,4,-49,174
2483,,3,10,13 42 47 62164,4,-49,174
2485,,3,10,13 42 47 62196,4,-49,174
2489,,3,10,13 42 47 62281,4,-49,171
2490,,3,10,13 42 47 62330,4,-49,174
2496,,3,10,13 42 48 62464,4,-49,168
2498,,3,10,13 42 48 62497,4,-49,171
2502,,3,10,13 42 48 62563,4,-49,174
2505,,3,10,13 42 48 62663,4,-49,174
2508,,3,10,13 42 48 62730,4,-49,171
2512,,3,10,13 42 48 62813,4,-49,174
2516,,3,10,13 42 48 62897,4,-49,171
2518,,3,10,13 42 48 62964,4,-49,171
2520,,3,10,13 42 48 63113,4,-49,174
2523,,3,10,13 42 48 63164,4,-49,174
2524,,3,10,13 42 48 63181,4,-49,174
2526,,3,10,13 42 48 63230,4,-49,168
2668,,4,2,13 44 18 76505,4,-49,174
2670,,4,2,13 44 18 76573,4,-49,171
2674,,4,2,13 44 18 76655,4,-49,174
2676,,4,2,13 44 18 76689,4,-49,174
2679,,4,2,13 44 18 76756,4,-49,174
2682,,4,2,13 44 18 76822,4,-49,174
2684,,4,2,13 44 18 76890,4,-47,171
2685,,4,2,13 44 18 76905,4,-49,174
2688,,4,2,13 44 18 76972,4,-49,174
2692,,4,2,13 44 18 77072,4,-50,171
2693,,4,2,13 44 18 77105,4,-50,174
2697,,4,2,13 44 18 77172,4,-51,171
2699,,4,2,13 44 18 77206,4,-50,168
2702,,4,2,13 44 18 77289,4,-49,171
2705,,4,2,13 44 18 77356,4,-49,171
2709,,4,2,13 44 18 77438,4,-49,174
2710,,4,2,13 44 18 77490,4,-49,171
2713,,4,2,13 44 19 77573,4,-49,174
2717,,4,2,13 44 19 77639,4,-49,174
2719,,4,2,13 44 19 77672,4,-49,174
2722,,4,2,13 44 19 77739,4,-49,174
2724,,4,2,13 44 19 77773,4,-49,174
2728,,4,2,13 44 19 77856,4,-49,171
2730,,4,2,13 44 19 77889,4,-49,174
2731,,4,2,13 44 19 77905,4,-49,171
2734,,4,2,13 44 19 77972,4,-49,171
2735,,4,2,13 44 19 77989,4,-49,174
2738,,4,2,13 44 19 78039,4,-49,171
2739,,4,2,13 44 19 78056,4,-49,174
2745,,4,2,13 44 19 78206,4,-49,174
2747,,4,2,13 44 19 78256,4,-49,168
2750,,4,2,13 44 19 78356,4,-49,174
2751,,4,2,13 44 19 78389,4,-49,171
2820,,4,4,13 44 24 83490,4,-51,171
2822,,4,4,13 44 25 83539,4,-51,174
2825,,4,4,13 44 25 83589,4,-51,174
2828,,4,4,13 44 25 83655,4,-50,174
2834,,4,4,13 44 25 83823,4,-51,174
2835,,4,4,13 44 25 83840,4,-51,171
2839,,4,4,13 44 25 83973,4,-51,174
2842,,4,4,13 44 25 84023,4,-52,171
2843,,4,4,13 44 25 84056,4,-52,174
2846,,4,4,13 44 25 84106,4,-53,174
2849,,4,4,13 44 25 84173,4,-52,171
2851,,4,4,13 44 25 84206,4,-53,174
2853,,4,4,13 44 25 84239,4,-53,174
2856,,4,4,13 44 25 84306,4,-52,174
2858,,4,4,13 44 25 84356,4,-52,171
2860,,4,4,13 44 25 84423,4,-52,174
2862,,4,4,13 44 25 84472,4,-52,171
2863,,4,4,13 44 26 84522,4,-51,174
2864,,4,4,13 44 26 84539,4,-52,174
2866,,4,4,13 44 26 84573,4,-52,174
2869,,4,4,13 44 26 84640,4,-52,174
2871,,4,4,13 44 26 84706,4,-52,171
2872,,4,4,13 44 26 84722,4,-52,174
2874,,4,4,13 44 26 84774,4,-52,174
2878,,4,4,13 44 26 84857,4,-52,171
2882,,4,4,13 44 26 84974,4,-52,174
2886,,4,4,13 44 26 85057,4,-51,171
2887,,4,4,13 44 26 85073,4,-52,174
2891,,4,4,13 44 26 85173,4,-52,174
2893,,4,4,13 44 26 85222,4,-51,171
2895,,4,4,13 44 26 85256,4,-51,171
2899,,4,4,13 44 26 85339,4,-50,174
2902,,4,4,13 44 26 85440,4,-51,174
3051,,4,7,13 44 37 95990,4,-52,174
3053,,4,7,13 44 37 96024,4,-52,171
3057,,4,7,13 44 37 96123,4,-51,171
3061,,4,7,13 44 37 96240,4,-51,174
3064,,4,7,13 44 37 96290,4,-51,174
3066,,4,7,13 44 37 96357,4,-51,174
3068,,4,7,13 44 37 96407,4,-51,171
3070,,4,7,13 44 37 96490,4,-52,174
3074,,4,7,13 44 38 96556,4,-51,174
3077,,4,7,13 44 38 96640,4,-52,174
3079,,4,7,13 44 38 96691,4,-52,171
3081,,4,7,13 44 38 96723,4,-52,168
3083,,4,7,13 44 38 96790,4,-51,171
3084,,4,7,13 44 38 96806,4,-51,171
3085,,4,7,13 44 38 96857,4,-51,171
3091,,4,7,13 44 38 96990,4,-51,174
3093,,4,7,13 44 38 97024,4,-51,168
3096,,4,7,13 44 38 97090,4,-51,174
3098,,4,7,13 44 38 97141,4,-51,171
3099,,4,7,13 44 38 97156,4,-51,174
3102,,4,7,13 44 38 97223,4,-51,174
3110,,4,7,13 44 38 97440,4,-51,174
3111,,4,7,13 44 38 97473,4,-51,174
3114,,4,7,13 44 39 97523,4,-51,171
3116,,4,7,13 44 39 97590,4,-51,174
3122,,4,7,13 44 39 97723,4,-52,171
3125,,4,7,13 44 39 97807,4,-51,174
3129,,4,7,13 44 39 97907,4,-51,171
3280,,4,10,13 44 51 110124,4,-49,171
3282,,4,10,13 44 51 110157,4,-49,174
3285,,4,10,13 44 51 110224,4,-49,168
3289,,4,10,13 44 51 110307,4,-49,174
3291,,4,10,13 44 51 110357,4,-49,174
3295,,4,10,13 44 51 110440,4,-49,174
3296,,4,10,13 44 51 110474,4,-49,174
3299,,4,10,13 44 52 110540,4,-49,168
3306,,4,10,13 44 52 110707,4,-49,174
3309,,4,10,13 44 52 110773,4,-49,168
3311,,4,10,13 44 52 110825,4,-49,171
3312,,4,10,13 44 52 110873,4,-49,171
3314,,4,10,13 44 52 110907,4,-49,174
3316,,4,10,13 44 52 110957,4,-49,171
3317,,4,10,13 44 52 110990,4,-49,174
3323,,4,10,13 44 52 111141,4,-49,174
3327,,4,10,13 44 52 111207,4,-49,171
3332,,4,10,13 44 52 111356,4,-49,174
3333,,4,10,13 44 52 111390,4,-49,171
3336,,4,10,13 44 52 111441,4,-49,171
3337,,4,10,13 44 52 111473,4,-49,174
3340,,4,10,13 44 53 111525,4,-49,174
3342,,4,10,13 44 53 111573,4,-49,171
3343,,4,10,13 44 53 111608,4,-50,168
3346,,4,10,13 44 53 111674,4,-50,168
3347,,4,10,13 44 53 111708,4,-50,174
3350,,4,10,13 44 53 111808,4,-51,168
3352,,4,10,13 44 53 111841,4,-50,171
3356,,4,10,13 44 53 111941,4,-51,174
3357,,4,10,13 44 53 111990,4,-51,174
3359,,4,10,13 44 53 112040,4,-50,177
3361,,4,10,13 44 53 112074,4,-50,174
3363,,4,10,13 44 53 112108,4,-50,174
3365,,4,10,13 44 53 112157,4,-49,174
3367,,4,10,13 44 53 112191,4,-50,171
3369,,4,10,13 44 53 112241,4,-49,174
3371,,4,10,13 44 53 112306,4,-49,171
3374,,4,10,13 44 53 112424,4,-50,171
3375,,4,10,13 44 53 112474,4,-50,174
3378,,4,10,13 44 54 112574,4,-50,174
3379,,4,10,13 44 54 112607,4,-49,177
3383,,4,10,13 44 54 112691,4,-51,174
3384,,4,10,13 44 54 112706,4,-49,171
3386,,4,10,13 44 54 112774,4,-49,174
3387,,4,10,13 44 54 112824,4,-49,171
3392,,4,10,13 44 54 112957,4,-49,174
3398,,4,10,13 44 54 113091,4,-49,174
3407,,4,10,13 44 54 113374,4,-49,168
3590,,5,2,13 45 32 22336,4,-49,171
3591,,5,2,13 45 32 22369,4,-49,174
3594,,5,2,13 45 32 22436,4,-49,171
3596,,5,2,13 45 32 22485,4,-49,174
3598,,5,2,13 45 32 22518,4,-49,174
3602,,5,2,13 45 32 22602,4,-49,171
3604,,5,2,13 45 32 22652,4,-49,174
3610,,5,2,13 45 32 22819,4,-49,174
3612,,5,2,13 45 32 22852,4,-49,174
3613,,5,2,13 45 32 22885,4,-49,174
3616,,5,2,13 45 32 22952,4,-49,171
3621,,5,2,13 45 33 23103,4,-49,174
3623,,5,2,13 45 33 23169,4,-49,174
3625,,5,2,13 45 33 23202,4,-49,171
3628,,5,2,13 45 33 23269,4,-47,174
3629,,5,2,13 45 33 23335,4,-49,174
3630,,5,2,13 45 33 23403,4,-49,171
3633,,5,2,13 45 33 23469,4,-49,174
3634,,5,2,13 45 33 23486,4,-49,168
3638,,5,2,13 45 33 23569,4,-49,174
3642,,5,2,13 45 33 23669,4,-49,171
3645,,5,2,13 45 33 23719,4,-49,168
3647,,5,2,13 45 33 23752,4,-49,174
3649,,5,2,13 45 33 23818,4,-49,171
3651,,5,2,13 45 33 23869,4,-49,174
3653,,5,2,13 45 33 23919,4,-49,171
3656,,5,2,13 45 33 23969,4,-49,174
3658,,5,2,13 45 34 24018,4,-49,174
3659,,5,2,13 45 34 24035,4,-49,174
3661,,5,2,13 45 34 24069,4,-49,174
3664,,5,2,13 45 34 24118,4,-49,171
3668,,5,2,13 45 34 24203,4,-49,174
3669,,5,2,13 45 34 24236,4,-49,171
3670,,5,2,13 45 34 24268,4,-49,174
3673,,5,2,13 45 34 24386,4,-49,171
3674,,5,2,13 45 34 24419,4,-49,174
3677,,5,2,13 45 34 24485,4,-49,174
3680,,5,2,13 45 34 24552,4,-49,171
3682,,5,2,13 45 34 24602,4,-49,171
3684,,5,2,13 45 34 24636,4,-49,174
3686,,5,2,13 45 34 24702,4,-49,174
3761,,5,4,13 45 39 29453,4,-51,174
3765,,5,4,13 45 39 29536,4,-51,171
3768,,5,4,13 45 39 29602,4,-52,174
3773,,5,4,13 45 39 29702,4,-52,174
3775,,5,4,13 45 39 29753,4,-52,174
3777,,5,4,13 45 39 29801,4,-52,177
3780,,5,4,13 45 39 29870,4,-53,171
3782,,5,4,13 45 39 29919,4,-53,168
3784,,5,4,13 45 39 29969,4,-55,168
3785,,5,4,13 45 40 30003,4,-55,174
3787,,5,4,13 45 40 30053,4,-55,171
3789,,5,4,13 45 40 30119,4,-55,171
3791,,5,4,13 45 40 30170,4,-58,174
3793,,5,4,13 45 40 30219,4,-58,171
3796,,5,4,13 45 40 30268,4,-57,171
3798,,5,4,13 45 40 30319,4,-52,168
3799,,5,4,13 45 40 30337,4,-52,171
3801,,5,4,13 45 40 30369,4,-51,174
3803,,5,4,13 45 40 30402,4,-51,171
3804,,5,4,13 45 40 30435,4,-52,174
3805,,5,4,13 45 40 30469,4,-52,174
3806,,5,4,13 45 40 30502,4,-52,171
3807,,5,4,13 45 40 30535,4,-52,174
3808,,5,4,13 45 40 30553,4,-52,174
3809,,5,4,13 45 40 30602,4,-52,171
3810,,5,4,13 45 40 30620,4,-51,174
3811,,5,4,13 45 40 30653,4,-52,171
3812,,5,4,13 45 40 30686,4,-52,174
3813,,5,4,13 45 40 30720,4,-52,171
3814,,5,4,13 45 40 30751,4,-51,171
3817,,5,4,13 45 40 30835,4,-51,171
3819,,5,4,13 45 40 30869,4,-51,174
3821,,5,4,13 45 40 30920,4,-50,174
3823,,5,4,13 45 40 30969,4,-51,174
3825,,5,4,13 45 41 31052,4,-52,171
3827,,5,4,13 45 41 31102,4,-53,174
3829,,5,4,13 45 41 31152,4,-52,171
3830,,5,4,13 45 41 31169,4,-52,168
3832,,5,4,13 45 41 31203,4,-52,171
3835,,5,4,13 45 41 31252,4,-52,171
3837,,5,4,13 45 41 31302,4,-50,171
3839,,5,4,13 45 41 31336,4,-50,174
3841,,5,4,13 45 41 31369,4,-51,168
3843,,5,4,13 45 41 31418,4,-50,168
3844,,5,4,13 45 41 31436,4,-51,174
3847,,5,4,13 45 41 31487,4,-51,171
3849,,5,4,13 45 41 31519,4,-51,174
3850,,5,4,13 45 41 31552,4,-51,171
3853,,5,4,13 45 41 31602,4,-51,171
3854,,5,4,13 45 41 31653,4,-51,177
3857,,5,4,13 45 41 31719,4,-52,171
3859,,5,4,13 45 41 31787,4,-52,171
3861,,5,4,13 45 41 31820,4,-52,171
4031,,5,7,13 45 51 41870,4,-52,177
4032,,5,7,13 45 51 41903,4,-52,174
4036,,5,7,13 45 52 42069,4,-52,171
4040,,5,7,13 45 52 42153,4,-51,171
4043,,5,7,13 45 52 42236,4,-52,171
4049,,5,7,13 45 52 42370,4,-52,174
4053,,5,7,13 45 52 42453,4,-52,174
4058,,5,7,13 45 52 42602,4,-53,174
4059,,5,7,13 45 52 42653,4,-53,171
4061,,5,7,13 45 52 42703,4,-53,168
4063,,5,7,13 45 52 42736,4,-53,174
4066,,5,7,13 45 52 42787,4,-52,174
4067,,5,7,13 45 52 42820,4,-55,174
4069,,5,7,13 45 52 42854,4,-53,174
4071,,5,7,13 45 52 42904,4,-53,174
4074,,5,7,13 45 52 42970,4,-53,171
4076,,5,7,13 45 53 43036,4,-52,171
4077,,5,7,13 45 53 43070,4,-52,171
4080,,5,7,13 45 53 43153,4,-51,171
4082,,5,7,13 45 53 43186,4,-52,168
4084,,5,7,13 45 53 43237,4,-51,174
4086,,5,7,13 45 53 43270,4,-52,171
4088,,5,7,13 45 53 43319,4,-52,174
4089,,5,7,13 45 53 43336,4,-52,174
4091,,5,7,13 45 53 43370,4,-52,174
4094,,5,7,13 45 53 43436,4,-52,171
4095,,5,7,13 45 53 43453,4,-52,171
4097,,5,7,13 45 53 43519,4,-51,174
4098,,5,7,13 45 53 43553,4,-51,171
4099,,5,7,13 45 53 43570,4,-51,171
4100,,5,7,13 45 53 43603,4,-51,174
4101,,5,7,13 45 53 43636,4,-51,168
4103,,5,7,13 45 53 43687,4,-51,174
4104,,5,7,13 45 53 43703,4,-51,174
4108,,5,7,13 45 53 43803,4,-50,174
4109,,5,7,13 45 53 43820,4,-51,174
4111,,5,7,13 45 53 43870,4,-51,174
4113,,5,7,13 45 53 43920,4,-51,174
4115,,5,7,13 45 53 43970,4,-51,171
4116,,5,7,13 45 54 44004,4,-51,171
4118,,5,7,13 45 54 44053,4,-51,171
4120,,5,7,13 45 54 44086,4,-52,174
4122,,5,7,13 45 54 44136,4,-51,171
4123,,5,7,13 45 54 44153,4,-51,171
4125,,5,7,13 45 54 44203,4,-51,174
4127,,5,7,13 45 54 44269,4,-51,174
4128,,5,7,13 45 54 44287,4,-52,171
4130,,5,7,13 45 54 44320,4,-51,174
4132,,5,7,13 45 54 44371,4,-51,174
4135,,5,7,13 45 54 44420,4,-51,171
4136,,5,7,13 45 54 44437,4,-52,171
4138,,5,7,13 45 54 44470,4,-52,174
4140,,5,7,13 45 54 44503,4,-52,174
4142,,5,7,13 45 54 44586,4,-51,168
4144,,5,7,13 45 54 44637,4,-51,174
4333,,5,10,13 46 11 61538,4,-49,171
4337,,5,10,13 46 11 61654,4,-49,168
4340,,5,10,13 46 11 61720,4,-49,174
4344,,5,10,13 46 11 61787,4,-49,174
4349,,5,10,13 46 11 61903,4,-49,168
4351,,5,10,13 46 11 61970,4,-49,174
4354,,5,10,13 46 12 62055,4,-49,171
4357,,5,10,13 46 12 62121,4,-49,174
4359,,5,10,13 46 12 62170,4,-49,174
4362,,5,10,13 46 12 62237,4,-49,174
4363,,5,10,13 46 12 62271,4,-49,174
4365,,5,10,13 46 12 62304,4,-49,174
4370,,5,10,13 46 12 62437,4,-49,168
4373,,5,10,13 46 12 62487,4,-49,171
4378,,5,10,13 46 12 62621,4,-49,171
4381,,5,10,13 46 12 62721,4,-47,174
4382,,5,10,13 46 12 62754,4,-49,171
4388,,5,10,13 46 12 62937,4,-49,171
4390,,5,10,13 46 13 62988,4,-49,171
4392,,5,10,13 46 13 63038,4,-49,171
4393,,5,10,13 46 13 63070,4,-49,171
4395,,5,10,13 46 13 63121,4,-49,171
4399,,5,10,13 46 13 63204,4,-49,171
4401,,5,10,13 46 13 63254,4,-49,171
4402,,5,10,13 46 13 63270,4,-49,171
4405,,5,10,13 46 13 63338,4,-49,171
4406,,5,10,13 46 13 63354,4,-49,174
4409,,5,10,13 46 13 63438,4,-49,174
4410,,5,10,13 46 13 63470,4,-49,174
4413,,5,10,13 46 13 63537,4,-49,174
4419,,5,10,13 46 13 63671,4,-49,171
4421,,5,10,13 46 13 63737,4,-49,174
4424,,5,10,13 46 13 63821,4,-49,174
4430,,5,10,13 46 14 63987,4,-49,174
4432,,5,10,13 46 14 64037,4,-49,174
4433,,5,10,13 46 14 64054,4,-49,174
4435,,5,10,13 46 14 64170,4,-50,171
4615,,6,2,13 59 24 30526,4,-47,174
4619,,6,2,13 59 24 30643,4,-49,174
4621,,6,2,13 59 24 30692,4,-49,174
4625,,6,2,13 59 24 30776,4,-49,174
4626,,6,2,13 59 24 30810,4,-49,171
4630,,6,2,13 59 24 30893,4,-49,171
4632,,6,2,13 59 24 30925,4,-49,171
4635,,6,2,13 59 24 30993,4,-49,174
4638,,6,2,13 59 24 31042,4,-49,174
4644,,6,2,13 59 24 31193,4,-49,171
4651,,6,2,13 59 24 31375,4,-49,171
4653,,6,2,13 59 24 31410,4,-49,174
4655,,6,2,13 59 25 31459,4,-47,174
4662,,6,2,13 59 25 31643,4,-47,171
4665,,6,2,13 59 25 31743,4,-47,171
4672,,6,2,13 59 25 31909,4,-49,171
4677,,6,2,13 59 25 31993,4,-49,174
4679,,6,2,13 59 25 32026,4,-49,174
4682,,6,2,13 59 25 32093,4,-49,171
4683,,6,2,13 59 25 32126,4,-49,171
4686,,6,2,13 59 25 32193,4,-47,171
4687,,6,2,13 59 25 32209,4,-49,174
4691,,6,2,13 59 25 32309,4,-49,168
4694,,6,2,13 59 25 32376,4,-49,171
4697,,6,2,13 59 26 32460,4,-49,171
4701,,6,2,13 59 26 32559,4,-49,171
4704,,6,2,13 59 26 32609,4,-49,174
4707,,6,2,13 59 26 32693,4,-49,171
4709,,6,2,13 59 26 32726,4,-49,174
4802,,6,4,13 59 31 37576,4,-49,171
4805,,6,4,13 59 31 37643,4,-49,171
4808,,6,4,13 59 31 37692,4,-49,171
4812,,6,4,13 59 31 37775,4,-49,171
4813,,6,4,13 59 31 37792,4,-50,168
4816,,6,4,13 59 31 37876,4,-49,174
4822,,6,4,13 59 31 38059,4,-49,168
4823,,6,4,13 59 31 38075,4,-50,174
4827,,6,4,13 59 31 38160,4,-50,174
4828,,6,4,13 59 31 38176,4,-51,168
4830,,6,4,13 59 31 38210,4,-52,174
4833,,6,4,13 59 31 38276,4,-52,168
4834,,6,4,13 59 31 38326,4,-53,171
4836,,6,4,13 59 31 38360,4,-52,174
4839,,6,4,13 59 32 38443,4,-50,171
4840,,6,4,13 59 32 38459,4,-51,171
4842,,6,4,13 59 32 38527,4,-52,171
4845,,6,4,13 59 32 38575,4,-50,174
4847,,6,4,13 59 32 38609,4,-51,174
4849,,6,4,13 59 32 38675,4,-49,171
4850,,6,4,13 59 32 38693,4,-51,174
4852,,6,4,13 59 32 38726,4,-50,171
4855,,6,4,13 59 32 38808,4,-49,171
4858,,6,4,13 59 32 38908,4,-51,168
4859,,6,4,13 59 32 38942,4,-51,171
4861,,6,4,13 59 32 39008,4,-50,171
4863,,6,4,13 59 32 39041,4,-50,171
4866,,6,4,13 59 32 39108,4,-49,174
4867,,6,4,13 59 32 39126,4,-49,168
4869,,6,4,13 59 32 39160,4,-51,171
4873,,6,4,13 59 32 39243,4,-50,174
4876,,6,4,13 59 32 39310,4,-49,168
4878,,6,4,13 59 32 39359,4,-49,171
4881,,6,4,13 59 33 39426,4,-49,171
4885,,6,4,13 59 33 39509,4,-49,171
4888,,6,4,13 59 33 39576,4,-47,171
4889,,6,4,13 59 33 39593,4,-49,171
4891,,6,4,13 59 33 39642,4,-49,174
4894,,6,4,13 59 33 39727,4,-49,174
4896,,6,4,13 59 33 39776,4,-47,174
4897,,6,4,13 59 33 39793,4,-49,171
4900,,6,4,13 59 33 39843,4,-49,174
4901,,6,4,13 59 33 39860,4,-49,171
4903,,6,4,13 59 33 39910,4,-49,171
4906,,6,4,13 59 33 39993,4,-49,171
4907,,6,4,13 59 33 40010,4,-49,174
4910,,6,4,13 59 33 40076,4,-49,174
4911,,6,4,13 59 33 40093,4,-49,171
5135,,6,7,13 59 43 49610,4,-51,171
5138,,6,7,13 59 43 49693,4,-51,174
5141,,6,7,13 59 43 49760,4,-52,174
5144,,6,7,13 59 43 49842,4,-52,174
5151,,6,7,13 59 43 49960,4,-51,174
5154,,6,7,13 59 43 50026,4,-51,174
5157,,6,7,13 59 43 50094,4,-51,171
5158,,6,7,13 59 43 50110,4,-51,174
5162,,6,7,13 59 43 50177,4,-51,171
5164,,6,7,13 59 43 50210,4,-51,174
5169,,6,7,13 59 43 50327,4,-51,171
5173,,6,7,13 59 43 50410,4,-51,174
5180,,6,7,13 59 44 50525,4,-51,174
5181,,6,7,13 59 44 50560,4,-51,168
5185,,6,7,13 59 44 50627,4,-51,174
5190,,6,7,13 59 44 50726,4,-51,174
5191,,6,7,13 59 44 50743,4,-51,171
5192,,6,7,13 59 44 50776,4,-51,174
5196,,6,7,13 59 44 50875,4,-51,174
5198,,6,7,13 59 44 50960,4,-51,174
5200,,6,7,13 59 44 51011,4,-51,174
5203,,6,7,13 59 44 51076,4,-51,171
5205,,6,7,13 59 44 51125,4,-51,174
5207,,6,7,13 59 44 51160,4,-50,174
5209,,6,7,13 59 44 51227,4,-49,174
5211,,6,7,13 59 44 51260,4,-49,171
5212,,6,7,13 59 44 51277,4,-49,174
5214,,6,7,13 59 44 51310,4,-49,171
5216,,6,7,13 59 44 51377,4,-49,174
5218,,6,7,13 59 45 51460,4,-49,171
5219,,6,7,13 59 45 51492,4,-49,174
5223,,6,7,13 59 45 51577,4,-49,171
5225,,6,7,13 59 45 51627,4,-49,171
5229,,6,7,13 59 45 51710,4,-49,174
5231,,6,7,13 59 45 51760,4,-50,174
5234,,6,7,13 59 45 51810,4,-49,174
5235,,6,7,13 59 45 51827,4,-49,174
5239,,6,7,13 59 45 51944,4,-49,174
5240,,6,7,13 59 45 51977,4,-49,174
5242,,6,7,13 59 45 52010,4,-49,174
5245,,6,7,13 59 45 52093,4,-49,174
5250,,6,7,13 59 45 52192,4,-49,174
5252,,6,7,13 59 45 52260,4,-47,174
5456,,6,10,13 59 54 61260,4,-49,174
5458,,6,10,13 59 54 61311,4,-47,174
5459,,6,10,13 59 54 61328,4,-49,174
5462,,6,10,13 59 54 61410,4,-47,171
5464,,6,10,13 59 55 61443,4,-47,174
5468,,6,10,13 59 55 61527,4,-47,168
5470,,6,10,13 59 55 61576,4,-47,174
5474,,6,10,13 59 55 61660,4,-46,174
5479,,6,10,13 59 55 61760,4,-47,171
5480,,6,10,13 59 55 61793,4,-47,171
5481,,6,10,13 59 55 61826,4,-47,174
5483,,6,10,13 59 55 61860,4,-49,171
5486,,6,10,13 59 55 61926,4,-49,168
5489,,6,10,13 59 55 61993,4,-47,171
5492,,6,10,13 59 55 62077,4,-47,171
5495,,6,10,13 59 55 62144,4,-47,174
5496,,6,10,13 59 55 62178,4,-47,171
5499,,6,10,13 59 55 62226,4,-47,174
5501,,6,10,13 59 55 62293,4,-47,174
5503,,6,10,13 59 55 62344,4,-47,174
5505,,6,10,13 59 55 62393,4,-46,171
5507,,6,10,13 59 56 62427,4,-47,174
5511,,6,10,13 59 56 62510,4,-47,174
5514,,6,10,13 59 56 62577,4,-47,171
5518,,6,10,13 59 56 62660,4,-47,171
5519,,6,10,13 59 56 62677,4,-49,171
5523,,6,10,13 59 56 62760,4,-46,171
5524,,6,10,13 59 56 62777,4,-46,174
5526,,6,10,13 59 56 62860,4,-46,171
5529,,6,10,13 59 56 62926,4,-49,174
5532,,6,10,13 59 56 62977,4,-49,174
5535,,6,10,13 59 56 63043,4,-47,171
5538,,6,10,13 59 56 63111,4,-47,174
5541,,6,10,13 59 56 63161,4,-49,168
5545,,6,10,13 59 56 63244,4,-49,174
5548,,6,10,13 59 56 63327,4,-47,174
5550,,6,10,13 59 56 63393,4,-49,174
5552,,6,10,13 59 57 63427,4,-50,168
5553,,6,10,13 59 57 63460,4,-49,171
5555,,6,10,13 59 57 63494,4,-49,174
5557,,6,10,13 59 57 63544,4,-49,174
5559,,6,10,13 59 57 63609,4,-49,174
5562,,6,10,13 59 57 63660,4,-47,171
5564,,6,10,13 59 57 63709,4,-47,174
5566,,6,10,13 59 57 63743,4,-49,174
5571,,6,10,13 59 57 63844,4,-47,174
5572,,6,10,13 59 57 63859,4,-49,171
6994,,8,2,14 8 42 27868,4,-49,174
6996,,8,2,14 8 42 27901,4,-47,171
6999,,8,2,14 8 42 27967,4,-49,171
7001,,8,2,14 8 42 28001,4,-49,168
7005,,8,2,14 8 42 28083,4,-49,174
7008,,8,2,14 8 42 28134,4,-49,174
7012,,8,2,14 8 42 28217,4,-51,171
7015,,8,2,14 8 42 28284,4,-50,171
7019,,8,2,14 8 42 28368,4,-49,174
7020,,8,2,14 8 42 28383,4,-49,171
7025,,8,2,14 8 42 28500,4,-49,174
7027,,8,2,14 8 43 28551,4,-50,171
7030,,8,2,14 8 43 28634,4,-49,174
7032,,8,2,14 8 43 28683,4,-49,174
7035,,8,2,14 8 43 28735,4,-49,171
7036,,8,2,14 8 43 28767,4,-49,174
7042,,8,2,14 8 43 28884,4,-49,174
7043,,8,2,14 8 43 28901,4,-49,174
7046,,8,2,14 8 43 28985,4,-49,174
7049,,8,2,14 8 43 29067,4,-47,174
7054,,8,2,14 8 43 29151,4,-49,171
7056,,8,2,14 8 43 29184,4,-49,174
7060,,8,2,14 8 43 29268,4,-49,174
7063,,8,2,14 8 43 29350,4,-47,171
7066,,8,2,14 8 43 29401,4,-49,171
7068,,8,2,14 8 43 29450,4,-49,174
7072,,8,2,14 8 44 29534,4,-49,174
7074,,8,2,14 8 44 29584,4,-49,171
7076,,8,2,14 8 44 29618,4,-49,174
7080,,8,2,14 8 44 29700,4,-47,168
7180,,8,4,14 8 50 35901,4,-51,174
7183,,8,4,14 8 50 35968,4,-51,168
7185,,8,4,14 8 50 36001,4,-52,174
7189,,8,4,14 8 50 36085,4,-52,174
7191,,8,4,14 8 50 36118,4,-55,174
7193,,8,4,14 8 50 36168,4,-55,174
7195,,8,4,14 8 50 36218,4,-56,171
7197,,8,4,14 8 50 36285,4,-58,174
7201,,8,4,14 8 51 36583,4,-55,171
7202,,8,4,14 8 51 36601,4,-56,168
7203,,8,4,14 8 51 36666,4,-55,171
7204,,8,4,14 8 51 36700,4,-55,171
7206,,8,4,14 8 51 36751,4,-52,174
7207,,8,4,14 8 51 36768,4,-52,174
7208,,8,4,14 8 51 36835,4,-52,174
7209,,8,4,14 8 51 36867,4,-52,168
7210,,8,4,14 8 51 36901,4,-52,171
7211,,8,4,14 8 51 36934,4,-52,171
7212,,8,4,14 8 51 36968,4,-51,174
7213,,8,4,14 8 51 37000,4,-51,174
7214,,8,4,14 8 51 37034,4,-51,171
7215,,8,4,14 8 51 37068,4,-51,171
7216,,8,4,14 8 51 37085,4,-52,177
7217,,8,4,14 8 51 37118,4,-52,171
7218,,8,4,14 8 51 37151,4,-51,171
7219,,8,4,14 8 51 37184,4,-51,174
7221,,8,4,14 8 51 37235,4,-51,171
7222,,8,4,14 8 51 37268,4,-51,171
7224,,8,4,14 8 51 37318,4,-51,174
7227,,8,4,14 8 51 37400,4,-51,171
7228,,8,4,14 8 51 37434,4,-51,174
7230,,8,4,14 8 51 37467,4,-52,174
7232,,8,4,14 8 52 37518,4,-52,174
7235,,8,4,14 8 52 37584,4,-52,174
7237,,8,4,14 8 52 37634,4,-52,174
7241,,8,4,14 8 52 37734,4,-49,174
7244,,8,4,14 8 52 37801,4,-51,174
7246,,8,4,14 8 52 37851,4,-51,171
7250,,8,4,14 8 52 37934,4,-51,171
7252,,8,4,14 8 52 37968,4,-51,174
7439,,8,7,14 9 2 48185,4,-52,174
7441,,8,7,14 9 2 48218,4,-52,174
7444,,8,7,14 9 2 48268,4,-52,174
7450,,8,7,14 9 2 48384,4,-52,168
7451,,8,7,14 9 2 48434,4,-52,174
7454,,8,7,14 9 3 48517,4,-51,174
7457,,8,7,14 9 3 48602,4,-51,174
7462,,8,7,14 9 3 48701,4,-51,174
7465,,8,7,14 9 3 48751,4,-52,171
7471,,8,7,14 9 3 48901,4,-52,174
7475,,8,7,14 9 3 49001,4,-52,0
7476,,8,7,14 9 3 49019,4,-52,171
7477,,8,7,14 9 3 49035,4,-52,168
7480,,8,7,14 9 3 49102,4,-51,171
7481,,8,7,14 9 3 49135,4,-51,171
7484,,8,7,14 9 3 49201,4,-51,174
7485,,8,7,14 9 3 49218,4,-51,171
7487,,8,7,14 9 3 49268,4,-51,171
7489,,8,7,14 9 3 49335,4,-51,174
7490,,8,7,14 9 3 49368,4,-51,174
7491,,8,7,14 9 3 49401,4,-51,171
7493,,8,7,14 9 3 49434,4,-50,174
7495,,8,7,14 9 3 49484,4,-50,171
7497,,8,7,14 9 4 49552,4,-50,171
7500,,8,7,14 9 4 49618,4,-49,168
7502,,8,7,14 9 4 49668,4,-50,174
7503,,8,7,14 9 4 49701,4,-49,174
7506,,8,7,14 9 4 49767,4,-49,174
7507,,8,7,14 9 4 49802,4,-49,171
7510,,8,7,14 9 4 49885,4,-49,171
7511,,8,7,14 9 4 49902,4,-49,171
7515,,8,7,14 9 4 49985,4,-49,171
7516,,8,7,14 9 4 50018,4,-49,174
7517,,8,7,14 9 4 50035,4,-51,171
7521,,8,7,14 9 4 50135,4,-51,174
7522,,8,7,14 9 4 50168,4,-51,174
7525,,8,7,14 9 4 50235,4,-51,174
7530,,8,7,14 9 4 50351,4,-51,174
7532,,8,7,14 9 4 50384,4,-51,171
7534,,8,7,14 9 4 50434,4,-49,174
7538,,8,7,14 9 4 50502,4,-50,168
7540,,8,7,14 9 5 50550,4,-51,171
7542,,8,7,14 9 5 50618,4,-51,174
7543,,8,7,14 9 5 50651,4,-51,174
7547,,8,7,14 9 5 50717,4,-49,171
7550,,8,7,14 9 5 50784,4,-51,171
7553,,8,7,14 9 5 50851,4,-51,171
7556,,8,7,14 9 5 50951,4,-51,168
7560,,8,7,14 9 5 51035,4,-52,174
7563,,8,7,14 9 5 51118,4,-52,174
7566,,8,7,14 9 5 51185,4,-51,174
7777,,8,10,14 9 17 63319,4,-49,174
7779,,8,10,14 9 17 63368,4,-49,171
7780,,8,10,14 9 17 63401,4,-49,174
7784,,8,10,14 9 17 63485,4,-49,171
7785,,8,10,14 9 17 63501,4,-49,174
7787,,8,10,14 9 18 63568,4,-49,174
7789,,8,10,14 9 18 63635,4,-47,171
7791,,8,10,14 9 18 63684,4,-49,174
7794,,8,10,14 9 18 63752,4,-49,174
7795,,8,10,14 9 18 63768,4,-49,174
7798,,8,10,14 9 18 63852,4,-49,171
7800,,8,10,14 9 18 63902,4,-49,168
7802,,8,10,14 9 18 63952,4,-49,174
7803,,8,10,14 9 18 63969,4,-46,174
7807,,8,10,14 9 18 64052,4,-46,174
7811,,8,10,14 9 18 64118,4,-46,171
7812,,8,10,14 9 18 64135,4,-47,174
7815,,8,10,14 9 18 64202,4,-47,174
7819,,8,10,14 9 18 64285,4,-47,171
7822,,8,10,14 9 18 64335,4,-47,171
7825,,8,10,14 9 18 64402,4,-49,174
7828,,8,10,14 9 18 64469,4,-49,171
7832,,8,10,14 9 19 64569,4,-49,171
7834,,8,10,14 9 19 64619,4,-47,174
7840,,8,10,14 9 19 64719,4,-49,174
7842,,8,10,14 9 19 64752,4,-49,168
7847,,8,10,14 9 19 64835,4,-49,171
7850,,8,10,14 9 19 64902,4,-49,174
7854,,8,10,14 9 19 64986,4,-49,174
7856,,8,10,14 9 19 65052,4,-49,174
7859,,8,10,14 9 19 65135,4,-49,171
7861,,8,10,14 9 19 65185,4,-49,171
7863,,8,10,14 9 19 65219,4,-49,171
7867,,8,10,14 9 19 65334,4,-49,174
7871,,8,10,14 9 19 65435,4,-50,174
7873,,8,10,14 9 19 65486,4,-50,171
7877,,8,10,14 9 20 65569,4,-50,171
7878,,8,10,14 9 20 65602,4,-51,174
7885,,8,10,14 9 20 65769,4,-50,171
7889,,8,10,14 9 20 65869,4,-49,174
7892,,8,10,14 9 20 65919,4,-49,171
7894,,8,10,14 9 20 65968,4,-49,174
7897,,8,10,14 9 20 66018,4,-47,171
7901,,8,10,14 9 20 66085,4,-47,171
7905,,8,10,14 9 20 66169,4,-47,168
7910,,8,10,14 9 20 66285,4,-47,171
7911,,8,10,14 9 20 66335,4,-47,174
7913,,8,10,14 9 20 66369,4,-47,171
7917,,8,10,14 9 20 66452,4,-47,174
7923,,8,10,14 9 21 66586,4,-47,174
8106,,9,2,14 15 30 28192,4,-49,171
8110,,9,2,14 15 30 28259,4,-50,171
8113,,9,2,14 15 30 28342,4,-49,174
8115,,9,2,14 15 30 28374,4,-50,171
8117,,9,2,14 15 30 28408,4,-51,174
8119,,9,2,14 15 30 28458,4,-51,174
8121,,9,2,14 15 30 28507,4,-51,174
8124,,9,2,14 15 30 28592,4,-51,174
8125,,9,2,14 15 30 28609,4,-51,174
8127,,9,2,14 15 30 28674,4,-51,171
8130,,9,2,14 15 30 28725,4,-51,171
8132,,9,2,14 15 30 28775,4,-50,174
8134,,9,2,14 15 30 28841,4,-50,174
8137,,9,2,14 15 30 28892,4,-50,174
8140,,9,2,14 15 30 28941,4,-49,174
8142,,9,2,14 15 30 28974,4,-49,168
8145,,9,2,14 15 30 29024,4,-49,174
8148,,9,2,14 15 31 29091,4,-49,174
8152,,9,2,14 15 31 29175,4,-49,174
8156,,9,2,14 15 31 29275,4,-47,171
8157,,9,2,14 15 31 29309,4,-49,171
8158,,9,2,14 15 31 29325,4,-49,174
8159,,9,2,14 15 31 29358,4,-49,174
8163,,9,2,14 15 31 29442,4,-49,174
8165,,9,2,14 15 31 29490,4,-49,174
8167,,9,2,14 15 31 29542,4,-49,174
8171,,9,2,14 15 31 29625,4,-49,171
8173,,9,2,14 15 31 29675,4,-49,168
8176,,9,2,14 15 31 29742,4,-49,168
8180,,9,2,14 15 31 29841,4,-49,168
8184,,9,2,14 15 31 29940,4,-49,171
8185,,9,2,14 15 31 29959,4,-49,171
8188,,9,2,14 15 31 30009,4,-49,171
8192,,9,2,14 15 32 30091,4,-49,174
8195,,9,2,14 15 32 30175,4,-49,171
8197,,9,2,14 15 32 30226,4,-49,174
8287,,9,4,14 15 39 37758,4,-49,174
8290,,9,4,14 15 39 37826,4,-47,171
8293,,9,4,14 15 39 37875,4,-49,174
8294,,9,4,14 15 39 37893,4,-50,174
8299,,9,4,14 15 39 37975,4,-51,174
8304,,9,4,14 15 40 38091,4,-51,171
8306,,9,4,14 15 40 38124,4,-52,171
8311,,9,4,14 15 40 38242,4,-55,174
8313,,9,4,14 15 40 38274,4,-53,174
8316,,9,4,14 15 40 38342,4,-53,168
8317,,9,4,14 15 40 38375,4,-55,171
8319,,9,4,14 15 40 38426,4,-55,174
8322,,9,4,14 15 40 38509,4,-50,171
8323,,9,4,14 15 40 38542,4,-50,171
8326,,9,4,14 15 40 38625,4,-49,174
8327,,9,4,14 15 40 38659,4,-49,171
8329,,9,4,14 15 40 38709,4,-50,174
8332,,9,4,14 15 40 38791,4,-49,171
8333,,9,4,14 15 40 38807,4,-49,174
8335,,9,4,14 15 40 38859,4,-50,171
8338,,9,4,14 15 40 38942,4,-49,174
8340,,9,4,14 15 40 38975,4,-50,174
8344,,9,4,14 15 41 39076,4,-49,171
8346,,9,4,14 15 41 39108,4,-49,171
8349,,9,4,14 15 41 39159,4,-49,171
8352,,9,4,14 15 41 39242,4,-52,171
8355,,9,4,14 15 41 39309,4,-52,174
8359,,9,4,14 15 41 39391,4,-52,174
8361,,9,4,14 15 41 39441,4,-52,171
8363,,9,4,14 15 41 39492,4,-52,174
8364,,9,4,14 15 41 39542,4,-52,171
8366,,9,4,14 15 41 39592,4,-52,174
8370,,9,4,14 15 41 39675,4,-52,174
8550,,9,7,14 15 52 50276,4,-52,174
8551,,9,7,14 15 52 50309,4,-51,174
8553,,9,7,14 15 52 50359,4,-51,171
8555,,9,7,14 15 52 50409,4,-51,168
8557,,9,7,14 15 52 50475,4,-51,171
8562,,9,7,14 15 52 50559,4,-51,174
8568,,9,7,14 15 52 50676,4,-50,174
8570,,9,7,14 15 52 50725,4,-49,171
8573,,9,7,14 15 52 50792,4,-50,171
8574,,9,7,14 15 52 50809,4,-49,171
8575,,9,7,14 15 52 50859,4,-51,171
8579,,9,7,14 15 52 50958,4,-50,171
8581,,9,7,14 15 52 51009,4,-51,174
8586,,9,7,14 15 53 51109,4,-51,174
8590,,9,7,14 15 53 51192,4,-49,174
8592,,9,7,14 15 53 51226,4,-49,174
8594,,9,7,14 15 53 51260,4,-49,171
8597,,9,7,14 15 53 51326,4,-49,174
8598,,9,7,14 15 53 51342,4,-49,174
8600,,9,7,14 15 53 51393,4,-50,174
8601,,9,7,14 15 53 51426,4,-50,174
8604,,9,7,14 15 53 51493,4,-49,174
8605,,9,7,14 15 53 51508,4,-49,174
8608,,9,7,14 15 53 51558,4,-49,174
8612,,9,7,14 15 53 51642,4,-50,174
8617,,9,7,14 15 53 51759,4,-49,174
8620,,9,7,14 15 53 51826,4,-49,174
8622,,9,7,14 15 53 51860,4,-51,174
8625,,9,7,14 15 53 51926,4,-50,174
8629,,9,7,14 15 53 52009,4,-50,174
8634,,9,7,14 15 54 52109,4,-50,174
8827,,9,10,14 16 10 68677,4,-49,174
8829,,9,10,14 16 10 68727,4,-49,171
8833,,9,10,14 16 10 68810,4,-49,174
8835,,9,10,14 16 10 68859,4,-49,168
8839,,9,10,14 16 10 68943,4,-49,171
8843,,9,10,14 16 10 69010,4,-49,174
8847,,9,10,14 16 11 69092,4,-47,174
8849,,9,10,14 16 11 69127,4,-49,174
8853,,9,10,14 16 11 69227,4,-47,171
8856,,9,10,14 16 11 69293,4,-47,174
8857,,9,10,14 16 11 69326,4,-49,174
8860,,9,10,14 16 11 69377,4,-49,171
8861,,9,10,14 16 11 69393,4,-49,177
8864,,9,10,14 16 11 69443,4,-49,174
8866,,9,10,14 16 11 69492,4,-49,174
8868,,9,10,14 16 11 69527,4,-49,171
8869,,9,10,14 16 11 69544,4,-49,171
8871,,9,10,14 16 11 69610,4,-49,174
8873,,9,10,14 16 11 69659,4,-50,174
8875,,9,10,14 16 11 69694,4,-49,174
8877,,9,10,14 16 11 69727,4,-49,171
8881,,9,10,14 16 11 69793,4,-49,171
8884,,9,10,14 16 11 69860,4,-49,174
8886,,9,10,14 16 11 69910,4,-49,168
8890,,9,10,14 16 11 70010,4,-47,171
8895,,9,10,14 16 12 70093,4,-49,174
8896,,9,10,14 16 12 70110,4,-51,174
8901,,9,10,14 16 12 70227,4,-49,174
8904,,9,10,14 16 12 70276,4,-50,171
8905,,9,10,14 16 12 70309,4,-50,174
8908,,9,10,14 16 12 70393,4,-49,171
8911,,9,10,14 16 12 70443,4,-50,168
8912,,9,10,14 16 12 70476,4,-50,174
8915,,9,10,14 16 12 70527,4,-51,174
8918,,9,10,14 16 12 70609,4,-50,174
8923,,9,10,14 16 12 70725,4,-49,171
8926,,9,10,14 16 12 70777,4,-49,174
8930,,9,10,14 16 12 70844,4,-49,174
8934,,9,10,14 16 12 70910,4,-49,177
8941,,9,10,14 16 13 71077,4,-49,171
8943,,9,10,14 16 13 71110,4,-50,171
8947,,9,10,14 16 13 71175,4,-49,171
8950,,9,10,14 16 13 71227,4,-49,174
8956,,9,10,14 16 13 71393,4,-49,171
8958,,9,10,14 16 13 71443,4,-49,171
8959,,9,10,14 16 13 71477,4,-49,171
8962,,9,10,14 16 13 71544,4,-46,174
8965,,9,10,14 16 13 71593,4,-49,171
9161,,10,2,14 18 35 24385,4,-49,177
9162,,10,2,14 18 35 24418,4,-49,174
9165,,10,2,14 18 35 24485,4,-50,174
9167,,10,2,14 18 35 24534,4,-51,171
9169,,10,2,14 18 35 24585,4,-51,174
9171,,10,2,14 18 35 24634,4,-51,174
9173,,10,2,14 18 35 24685,4,-51,171
9174,,10,2,14 18 35 24718,4,-51,174
9177,,10,2,14 18 35 24785,4,-50,171
9178,,10,2,14 18 35 24801,4,-51,168
9181,,10,2,14 18 35 24885,4,-49,171
9183,,10,2,14 18 35 24918,4,-50,171
9185,,10,2,14 18 35 24951,4,-49,174
9189,,10,2,14 18 35 25019,4,-49,174
9191,,10,2,14 18 35 25052,4,-47,171
9193,,10,2,14 18 36 25101,4,-49,171
9196,,10,2,14 18 36 25185,4,-49,174
9199,,10,2,14 18 36 25234,4,-49,174
9203,,10,2,14 18 36 25318,4,-47,174
9205,,10,2,14 18 36 25368,4,-49,171
9208,,10,2,14 18 36 25417,4,-49,171
9212,,10,2,14 18 36 25502,4,-49,174
9214,,10,2,14 18 36 25568,4,-47,174
9218,,10,2,14 18 36 25668,4,-47,168
9219,,10,2,14 18 36 25702,4,-47,174
9221,,10,2,14 18 36 25750,4,-47,174
9225,,10,2,14 18 36 25835,4,-47,174
9228,,10,2,14 18 36 25902,4,-47,174
9231,,10,2,14 18 36 25951,4,-49,174
9234,,10,2,14 18 36 26035,4,-47,171
9237,,10,2,14 18 36 26085,4,-49,171
9240,,10,2,14 18 37 26168,4,-47,174
9244,,10,2,14 18 37 26235,4,-47,171
9247,,10,2,14 18 37 26285,4,-49,174
9249,,10,2,14 18 37 26335,4,-49,174
9341,,10,4,14 18 43 32302,4,-47,171
9344,,10,4,14 18 43 32352,4,-49,174
9348,,10,4,14 18 43 32434,4,-49,171
9353,,10,4,14 18 43 32535,4,-47,174
9356,,10,4,14 18 43 32601,4,-49,174
9361,,10,4,14 18 43 32685,4,-49,174
9365,,10,4,14 18 43 32768,4,-51,174
9368,,10,4,14 18 43 32819,4,-51,171
9374,,10,4,14 18 43 32934,4,-52,174
9376,,10,4,14 18 43 32985,4,-51,174
9377,,10,4,14 18 43 33002,4,-52,174
9378,,10,4,14 18 43 33035,4,-52,177
9379,,10,4,14 18 43 33068,4,-53,174
9381,,10,4,14 18 44 33117,4,-51,171
9382,,10,4,14 18 44 33151,4,-52,171
9383,,10,4,14 18 44 33185,4,-52,174
9385,,10,4,14 18 44 33235,4,-52,171
9386,,10,4,14 18 44 33268,4,-51,174
9389,,10,4,14 18 44 33334,4,-51,174
9390,,10,4,14 18 44 33368,4,-50,171
9391,,10,4,14 18 44 33402,4,-51,174
9393,,10,4,14 18 44 33451,4,-50,174
9394,,10,4,14 18 44 33485,4,-51,174
9395,,10,4,14 18 44 33518,4,-52,174
9396,,10,4,14 18 44 33551,4,-51,168
9397,,10,4,14 18 44 33584,4,-52,174
9399,,10,4,14 18 44 33635,4,-51,174
9402,,10,4,14 18 44 33701,4,-51,171
9404,,10,4,14 18 44 33768,4,-49,174
9406,,10,4,14 18 44 33802,4,-51,168
9411,,10,4,14 18 44 33902,4,-51,171
9413,,10,4,14 18 44 33951,4,-52,171
9418,,10,4,14 18 44 34051,4,-51,174
9420,,10,4,14 18 44 34085,4,-51,171
9422,,10,4,14 18 45 34135,4,-49,174
9425,,10,4,14 18 45 34185,4,-49,174
9427,,10,4,14 18 45 34234,4,-49,171
9428,,10,4,14 18 45 34252,4,-49,174
9431,,10,4,14 18 45 34301,4,-49,174
9433,,10,4,14 18 45 34351,4,-49,171
9434,,10,4,14 18 45 34368,4,-49,174
9608,,10,7,14 18 54 43101,4,-49,171
9609,,10,7,14 18 54 43134,4,-50,171
9612,,10,7,14 18 54 43185,4,-51,174
9613,,10,7,14 18 54 43219,4,-50,174
9615,,10,7,14 18 54 43251,4,-51,171
9618,,10,7,14 18 54 43319,4,-50,174
9620,,10,7,14 18 54 43369,4,-51,171
9621,,10,7,14 18 54 43385,4,-51,174
9624,,10,7,14 18 54 43451,4,-52,171
9626,,10,7,14 18 54 43501,4,-53,174
9629,,10,7,14 18 54 43585,4,-52,174
9632,,10,7,14 18 54 43636,4,-51,174
9635,,10,7,14 18 54 43701,4,-49,171
9638,,10,7,14 18 54 43785,4,-51,174
9640,,10,7,14 18 54 43818,4,-50,174
9644,,10,7,14 18 54 43902,4,-49,174
9648,,10,7,14 18 54 43984,4,-49,174
9651,,10,7,14 18 54 44036,4,-51,171
9653,,10,7,14 18 54 44085,4,-51,174
9657,,10,7,14 18 55 44169,4,-50,174
9659,,10,7,14 18 55 44202,4,-51,174
9660,,10,7,14 18 55 44235,4,-51,174
9663,,10,7,14 18 55 44318,4,-50,174
9664,,10,7,14 18 55 44335,4,-51,174
9665,,10,7,14 18 55 44352,4,-51,174
9666,,10,7,14 18 55 44385,4,-52,171
9667,,10,7,14 18 55 44435,4,-51,174
9668,,10,7,14 18 55 44453,4,-51,174
9669,,10,7,14 18 55 44486,4,-52,174
9672,,10,7,14 18 55 44535,4,-51,171
9673,,10,7,14 18 55 44552,4,-52,171
9676,,10,7,14 18 55 44652,4,-49,174
9677,,10,7,14 18 55 44668,4,-50,171
9680,,10,7,14 18 55 44736,4,-49,174
9681,,10,7,14 18 55 44752,4,-49,174
9685,,10,7,14 18 55 44852,4,-47,171
9688,,10,7,14 18 55 44918,4,-49,174
9690,,10,7,14 18 55 44969,4,-49,177
9693,,10,7,14 18 55 45035,4,-49,174
9694,,10,7,14 18 55 45068,4,-50,174
9698,,10,7,14 18 56 45152,4,-49,171
9701,,10,7,14 18 56 45219,4,-49,171
9882,,10,10,14 19 5 54869,4,-47,174
9884,,10,10,14 19 5 54903,4,-47,174
9887,,10,10,14 19 5 54969,4,-47,174
9889,,10,10,14 19 5 55019,4,-47,174
9894,,10,10,14 19 6 55135,4,-46,174
9897,,10,10,14 19 6 55185,4,-47,171
9905,,10,10,14 19 6 55386,4,-49,171
9908,,10,10,14 19 6 55436,4,-49,174
9912,,10,10,14 19 6 55535,4,-49,168
9915,,10,10,14 19 6 55619,4,-49,174
9916,,10,10,14 19 6 55636,4,-49,171
9918,,10,10,14 19 6 55686,4,-49,171
9922,,10,10,14 19 6 55769,4,-49,171
9924,,10,10,14 19 6 55820,4,-49,174
9925,,10,10,14 19 6 55835,4,-49,171
9928,,10,10,14 19 6 55902,4,-49,174
9929,,10,10,14 19 6 55936,4,-49,174
9932,,10,10,14 19 6 56019,4,-50,171
9933,,10,10,14 19 6 56053,4,-50,174
9936,,10,10,14 19 7 56119,4,-50,174
9940,,10,10,14 19 7 56203,4,-49,171
9942,,10,10,14 19 7 56253,4,-49,174
9947,,10,10,14 19 7 56368,4,-49,174
9948,,10,10,14 19 7 56385,4,-49,171
9952,,10,10,14 19 7 56470,4,-49,174
9953,,10,10,14 19 7 56502,4,-49,171
9956,,10,10,14 19 7 56552,4,-49,174
9957,,10,10,14 19 7 56586,4,-50,171
9960,,10,10,14 19 7 56652,4,-50,174
9964,,10,10,14 19 7 56735,4,-51,174
9967,,10,10,14 19 7 56819,4,-49,174
9971,,10,10,14 19 7 56919,4,-49,174
9975,,10,10,14 19 7 57002,4,-47,171
