time,id,id_num,RSSI,phase,activity
05:35.5,e2001d8712401320d4a0,2,-61,"174
",1
05:36.1,e2001d8712401320d4a0,2,-57,"174
",1
05:36.2,e2001d8712401320d4a0,2,-55,"171
",1
05:36.3,e2001d8712401320d4a0,2,-57,"174
",1
05:36.6,e2001d8712401320d4a0,2,-55,"174
",1
05:36.6,e2001d8712401320d4a0,2,-57,"171
",1
05:37.3,e2001d8712401320d4a0,2,-58,"171
",1
05:37.3,e2001d8712401320d4a0,2,-55,"171
",1
05:37.7,e2001d8712401320d4a0,2,-55,"174
",1
05:37.9,e2001d8712401320d4a0,2,-57,"174
",1
05:38.4,e2001d8712401320d4a0,2,-57,"174
",1
05:38.9,e2001d8712401320d4a0,2,-56,"171
",1
05:39.5,e2001d8712401320d4a0,2,-57,"168
",1
05:39.5,e2001d8712401320d4a0,2,-53,"171
",1
05:40.0,e2001d8712401320d4a0,2,-55,"174
",1
05:41.8,e2001d8712401320d4a0,2,-57,"168
",1
05:41.9,e2001d8712401320d4a0,2,-55,"171
",1
05:42.3,e2001d8712401320d4a0,2,-55,"174
",1
05:42.3,e2001d8712401320d4a0,2,-57,"168
",1
07:35.1,e2001d8712401320d4a0,2,-58,"171
",5
07:35.2,e2001d8712401320d4a0,2,-57,"174
",5
07:35.2,e2001d8712401320d4a0,2,-56,"174
",5
07:35.2,e2001d8712401320d4a0,2,-55,"171
",5
07:35.3,e2001d8712401320d4a0,2,-52,"177
",5
07:35.4,e2001d8712401320d4a0,2,-52,"174
",5
07:35.5,e2001d8712401320d4a0,2,-52,"177
",5
07:35.5,e2001d8712401320d4a0,2,-55,"174
",5
07:35.7,e2001d8712401320d4a0,2,-55,"174
",5
07:35.8,e2001d8712401320d4a0,2,-55,"174
",5
07:35.8,e2001d8712401320d4a0,2,-55,"174
",5
07:35.9,e2001d8712401320d4a0,2,-55,"174
",5
07:36.0,e2001d8712401320d4a0,2,-55,"168
",5
07:36.8,e2001d8712401320d4a0,2,-52,"171
",5
07:36.2,e2001d8712401320d4a0,2,-55,"171
",5
07:36.2,e2001d8712401320d4a0,2,-53,"171
",5
07:36.4,e2001d8712401320d4a0,2,-58,"174
",5
07:36.5,e2001d8712401320d4a0,2,-57,"171
",5
07:36.6,e2001d8712401320d4a0,2,-56,"171
",5
07:36.6,e2001d8712401320d4a0,2,-57,"174
",5
07:36.6,e2001d8712401320d4a0,2,-53,"174
",5
07:36.7,e2001d8712401320d4a0,2,-55,"168
",5
07:36.7,e2001d8712401320d4a0,2,-56,"174
",5
07:36.7,e2001d8712401320d4a0,2,-57,"171
",5
07:36.8,e2001d8712401320d4a0,2,-57,"174
",5
07:38.0,e2001d8712401320d4a0,2,-58,"171
",5
07:38.2,e2001d8712401320d4a0,2,-55,"168
",5
07:38.7,e2001d8712401320d4a0,2,-55,"171
",5
07:38.1,e2001d8712401320d4a0,2,-55,"174
",5
07:38.1,e2001d8712401320d4a0,2,-52,"171
",5
07:38.2,e2001d8712401320d4a0,2,-52,"171
",5
07:38.2,e2001d8712401320d4a0,2,-53,"168
",5
07:38.3,e2001d8712401320d4a0,2,-53,"174
",5
07:38.4,e2001d8712401320d4a0,2,-52,"174
",5
07:38.4,e2001d8712401320d4a0,2,-52,"171
",5
07:38.6,e2001d8712401320d4a0,2,-52,"168
",5
07:38.8,e2001d8712401320d4a0,2,-56,"168
",5
07:38.8,e2001d8712401320d4a0,2,-57,"171
",5
07:38.9,e2001d8712401320d4a0,2,-56,"174
",5
07:38.9,e2001d8712401320d4a0,2,-55,"171
",5
07:39.3,e2001d8712401320d4a0,2,-55,"174
",5
07:39.5,e2001d8712401320d4a0,2,-55,"174
",5
07:39.6,e2001d8712401320d4a0,2,-56,"174
",5
07:39.6,e2001d8712401320d4a0,2,-58,"174
",5
07:40.8,e2001d8712401320d4a0,2,-58,"174
",5
07:40.8,e2001d8712401320d4a0,2,-57,"174
",5
07:40.9,e2001d8712401320d4a0,2,-57,"171
",5
07:41.0,e2001d8712401320d4a0,2,-58,"171
",5
07:41.2,e2001d8712401320d4a0,2,-55,"174
",5
07:41.4,e2001d8712401320d4a0,2,-53,"171
",5
07:41.5,e2001d8712401320d4a0,2,-55,"171
",5
07:41.5,e2001d8712401320d4a0,2,-55,"171
",5
07:41.5,e2001d8712401320d4a0,2,-55,"171
",5
07:41.8,e2001d8712401320d4a0,2,-55,"168
",5
07:41.9,e2001d8712401320d4a0,2,-56,"171
",5
07:42.3,e2001d8712401320d4a0,2,-57,"168
",5
07:42.8,e2001d8712401320d4a0,2,-55,"174
",5
07:42.2,e2001d8712401320d4a0,2,-53,"171
",5
07:42.3,e2001d8712401320d4a0,2,-55,"171
",5
07:42.3,e2001d8712401320d4a0,2,-56,"171
",5
07:42.4,e2001d8712401320d4a0,2,-58,"174
",5
07:42.4,e2001d8712401320d4a0,2,-58,"171
",5
07:42.4,e2001d8712401320d4a0,2,-58,"171
",5
07:42.5,e2001d8712401320d4a0,2,-59,"174
",5
07:43.8,e2001d8712401320d4a0,2,-55,"174
",5
07:43.1,e2001d8712401320d4a0,2,-55,"174
",5
07:43.2,e2001d8712401320d4a0,2,-55,"171
",5
07:43.2,e2001d8712401320d4a0,2,-55,"174
",5
07:43.2,e2001d8712401320d4a0,2,-53,"171
",5
07:43.3,e2001d8712401320d4a0,2,-53,"174
",5
07:43.4,e2001d8712401320d4a0,2,-52,"171
",5
07:43.4,e2001d8712401320d4a0,2,-52,"171
",5
07:43.5,e2001d8712401320d4a0,2,-52,"171
",5
07:43.5,e2001d8712401320d4a0,2,-52,"174
",5
07:43.5,e2001d8712401320d4a0,2,-51,"171
",5
07:43.6,e2001d8712401320d4a0,2,-51,"174
",5
07:43.7,e2001d8712401320d4a0,2,-55,"171
",5
07:43.7,e2001d8712401320d4a0,2,-56,"171
",5
07:43.8,e2001d8712401320d4a0,2,-57,"174
",5
07:43.9,e2001d8712401320d4a0,2,-57,"174
",5
07:44.8,e2001d8712401320d4a0,2,-52,"171
",5
07:44.2,e2001d8712401320d4a0,2,-52,"171
",5
07:44.5,e2001d8712401320d4a0,2,-52,"168
",5
07:44.5,e2001d8712401320d4a0,2,-53,"174
",5
07:44.5,e2001d8712401320d4a0,2,-55,"171
",5
07:44.6,e2001d8712401320d4a0,2,-53,"171
",5
07:44.6,e2001d8712401320d4a0,2,-55,"174
",5
07:44.8,e2001d8712401320d4a0,2,-55,"174
",5
07:44.9,e2001d8712401320d4a0,2,-55,"174
",5
07:45.5,e2001d8712401320d4a0,2,-53,"174
",5
07:45.8,e2001d8712401320d4a0,2,-53,"174
",5
07:45.1,e2001d8712401320d4a0,2,-55,"171
",5
07:45.2,e2001d8712401320d4a0,2,-55,"171
",5
07:45.2,e2001d8712401320d4a0,2,-55,"171
",5
07:45.2,e2001d8712401320d4a0,2,-55,"171
",5
07:45.3,e2001d8712401320d4a0,2,-58,"171
",5
07:46.0,e2001d8712401320d4a0,2,-57,"174
",5
07:46.3,e2001d8712401320d4a0,2,-56,"174
",5
07:46.5,e2001d8712401320d4a0,2,-55,"171
",5
07:46.8,e2001d8712401320d4a0,2,-55,"168
",5
07:46.1,e2001d8712401320d4a0,2,-55,"171
",5
07:46.2,e2001d8712401320d4a0,2,-55,"174
",5
07:46.2,e2001d8712401320d4a0,2,-55,"171
",5
07:46.2,e2001d8712401320d4a0,2,-56,"177
",5
07:46.3,e2001d8712401320d4a0,2,-56,"174
",5
07:46.4,e2001d8712401320d4a0,2,-57,"171
",5
07:46.4,e2001d8712401320d4a0,2,-56,"174
",5
07:46.7,e2001d8712401320d4a0,2,-57,"168
",5
07:46.8,e2001d8712401320d4a0,2,-56,"174
",5
07:46.8,e2001d8712401320d4a0,2,-56,"171
",5
07:46.9,e2001d8712401320d4a0,2,-57,"171
",5
07:46.9,e2001d8712401320d4a0,2,-56,"174
",5
07:47.1,e2001d8712401320d4a0,2,-52,"174
",5
07:47.2,e2001d8712401320d4a0,2,-52,"171
",5
07:47.2,e2001d8712401320d4a0,2,-52,"174
",5
07:47.3,e2001d8712401320d4a0,2,-57,"171
",5
07:47.3,e2001d8712401320d4a0,2,-56,"174
",5
07:47.5,e2001d8712401320d4a0,2,-52,"171
",5
07:47.6,e2001d8712401320d4a0,2,-52,"171
",5
07:47.6,e2001d8712401320d4a0,2,-56,"165
",5
07:47.7,e2001d8712401320d4a0,2,-57,"174
",5
07:47.7,e2001d8712401320d4a0,2,-56,"174
",5
07:47.7,e2001d8712401320d4a0,2,-57,"174
",5
07:47.8,e2001d8712401320d4a0,2,-57,"177
",5
07:47.8,e2001d8712401320d4a0,2,-58,"174
",5
07:48.0,e2001d8712401320d4a0,2,-57,"174
",5
07:48.2,e2001d8712401320d4a0,2,-56,"174
",5
07:48.8,e2001d8712401320d4a0,2,-56,"171
",5
07:48.3,e2001d8712401320d4a0,2,-57,"174
",5
07:48.4,e2001d8712401320d4a0,2,-55,"174
",5
07:48.4,e2001d8712401320d4a0,2,-55,"174
",5
07:48.4,e2001d8712401320d4a0,2,-55,"174
",5
07:48.5,e2001d8712401320d4a0,2,-55,"174
",5
07:48.5,e2001d8712401320d4a0,2,-55,"174
",5
07:48.5,e2001d8712401320d4a0,2,-53,"171
",5
07:48.6,e2001d8712401320d4a0,2,-53,"174
",5
07:48.6,e2001d8712401320d4a0,2,-57,"171
",5
07:48.7,e2001d8712401320d4a0,2,-56,"174
",5
07:48.7,e2001d8712401320d4a0,2,-57,"171
",5
07:48.8,e2001d8712401320d4a0,2,-57,"171
",5
07:48.8,e2001d8712401320d4a0,2,-56,"171
",5
07:48.9,e2001d8712401320d4a0,2,-57,"177
",5
07:49.1,e2001d8712401320d4a0,2,-57,"174
",5
07:49.2,e2001d8712401320d4a0,2,-57,"168
",5
07:49.4,e2001d8712401320d4a0,2,-52,"174
",5
07:49.5,e2001d8712401320d4a0,2,-52,"171
",5
07:49.5,e2001d8712401320d4a0,2,-52,"171
",5
07:49.5,e2001d8712401320d4a0,2,-53,"171
",5
07:49.6,e2001d8712401320d4a0,2,-52,"174
",5
07:50.7,e2001d8712401320d4a0,2,-52,"174
",5
07:50.4,e2001d8712401320d4a0,2,-51,"171
",5
07:50.4,e2001d8712401320d4a0,2,-52,"174
",5
07:50.5,e2001d8712401320d4a0,2,-52,"174
",5
07:50.5,e2001d8712401320d4a0,2,-52,"174
",5
07:50.6,e2001d8712401320d4a0,2,-52,"174
",5
07:50.6,e2001d8712401320d4a0,2,-53,"174
",5
07:50.7,e2001d8712401320d4a0,2,-55,"168
",5
07:50.7,e2001d8712401320d4a0,2,-56,"168
",5
07:50.7,e2001d8712401320d4a0,2,-57,"171
",5
07:50.8,e2001d8712401320d4a0,2,-57,"174
",5
07:50.8,e2001d8712401320d4a0,2,-57,"171
",5
07:50.9,e2001d8712401320d4a0,2,-58,"171
",5
07:51.2,e2001d8712401320d4a0,2,-57,"174
",5
07:51.1,e2001d8712401320d4a0,2,-55,"174
",5
07:51.2,e2001d8712401320d4a0,2,-55,"174
",5
07:51.2,e2001d8712401320d4a0,2,-58,"171
",5
07:51.3,e2001d8712401320d4a0,2,-58,"171
",5
07:51.3,e2001d8712401320d4a0,2,-58,"171
",5
07:51.3,e2001d8712401320d4a0,2,-58,"171
",5
07:51.4,e2001d8712401320d4a0,2,-57,"174
",5
07:51.4,e2001d8712401320d4a0,2,-57,"171
",5
07:51.5,e2001d8712401320d4a0,2,-57,"0
",5
07:51.5,e2001d8712401320d4a0,2,-56,"171
",5
07:51.6,e2001d8712401320d4a0,2,-52,"171
",5
07:52.4,e2001d8712401320d4a0,2,-55,"171
",5
07:52.4,e2001d8712401320d4a0,2,-55,"171
",5
07:52.5,e2001d8712401320d4a0,2,-55,"171
",5
07:52.6,e2001d8712401320d4a0,2,-55,"174
",5
07:52.9,e2001d8712401320d4a0,2,-53,"177
",5
07:52.9,e2001d8712401320d4a0,2,-52,"171
",5
07:52.9,e2001d8712401320d4a0,2,-53,"174
",5
07:54.2,e2001d8712401320d4a0,2,-57,"171
",5
07:54.2,e2001d8712401320d4a0,2,-58,"171
",5
07:54.2,e2001d8712401320d4a0,2,-58,"174
",5
07:54.3,e2001d8712401320d4a0,2,-58,"171
",5
07:54.4,e2001d8712401320d4a0,2,-56,"171
",5
07:54.6,e2001d8712401320d4a0,2,-55,"171
",5
07:54.7,e2001d8712401320d4a0,2,-53,"174
",5
07:54.8,e2001d8712401320d4a0,2,-52,"171
",5
07:54.9,e2001d8712401320d4a0,2,-53,"174
",5
07:54.9,e2001d8712401320d4a0,2,-52,"168
",5
07:55.3,e2001d8712401320d4a0,2,-56,"168
",5
07:55.3,e2001d8712401320d4a0,2,-57,"174
",5
07:55.4,e2001d8712401320d4a0,2,-57,"174
",5
07:55.4,e2001d8712401320d4a0,2,-58,"171
",5
07:55.6,e2001d8712401320d4a0,2,-55,"171
",5
07:55.6,e2001d8712401320d4a0,2,-57,"171
",5
07:55.6,e2001d8712401320d4a0,2,-57,"174
",5
07:56.8,e2001d8712401320d4a0,2,-58,"168
",5
07:56.8,e2001d8712401320d4a0,2,-57,"174
",5
07:56.9,e2001d8712401320d4a0,2,-57,"171
",5
07:57.3,e2001d8712401320d4a0,2,-58,"174
",5
07:57.4,e2001d8712401320d4a0,2,-57,"168
",5
07:57.6,e2001d8712401320d4a0,2,-53,"174
",5
07:57.7,e2001d8712401320d4a0,2,-52,"174
",5
07:57.7,e2001d8712401320d4a0,2,-52,"174
",5
07:57.8,e2001d8712401320d4a0,2,-53,"174
",5
07:58.5,e2001d8712401320d4a0,2,-57,"171
",5
07:58.1,e2001d8712401320d4a0,2,-55,"168
",5
07:58.3,e2001d8712401320d4a0,2,-55,"171
",5
07:58.3,e2001d8712401320d4a0,2,-55,"168
",5
07:58.3,e2001d8712401320d4a0,2,-55,"171
",5
07:58.4,e2001d8712401320d4a0,2,-55,"174
",5
07:58.4,e2001d8712401320d4a0,2,-55,"174
",5
07:58.5,e2001d8712401320d4a0,2,-55,"174
",5
07:58.5,e2001d8712401320d4a0,2,-55,"177
",5
07:59.2,e2001d8712401320d4a0,2,-58,"163
",5
07:59.2,e2001d8712401320d4a0,2,-58,"171
",5
07:59.3,e2001d8712401320d4a0,2,-57,"174
",5
07:59.3,e2001d8712401320d4a0,2,-57,"171
",5
07:59.4,e2001d8712401320d4a0,2,-57,"168
",5
07:59.4,e2001d8712401320d4a0,2,-56,"168
",5
07:59.5,e2001d8712401320d4a0,2,-57,"171
",5
07:59.5,e2001d8712401320d4a0,2,-56,"171
",5
07:59.6,e2001d8712401320d4a0,2,-55,"174
",5
07:59.7,e2001d8712401320d4a0,2,-55,"174
",5
07:59.7,e2001d8712401320d4a0,2,-52,"174
",5
08:00.5,e2001d8712401320d4a0,2,-51,"171
",5
08:00.1,e2001d8712401320d4a0,2,-52,"171
",5
08:00.2,e2001d8712401320d4a0,2,-51,"174
",5
08:00.4,e2001d8712401320d4a0,2,-55,"174
",5
08:00.8,e2001d8712401320d4a0,2,-55,"177
",5
08:01.0,e2001d8712401320d4a0,2,-52,"174
",5
08:01.2,e2001d8712401320d4a0,2,-53,"168
",5
08:01.7,e2001d8712401320d4a0,2,-53,"171
",5
08:01.1,e2001d8712401320d4a0,2,-55,"177
",5
08:01.1,e2001d8712401320d4a0,2,-55,"168
",5
08:01.2,e2001d8712401320d4a0,2,-56,"174
",5
08:01.2,e2001d8712401320d4a0,2,-55,"171
",5
08:01.2,e2001d8712401320d4a0,2,-57,"165
",5
08:01.3,e2001d8712401320d4a0,2,-57,"174
",5
08:01.3,e2001d8712401320d4a0,2,-58,"174
",5
08:01.6,e2001d8712401320d4a0,2,-55,"174
",5
08:01.6,e2001d8712401320d4a0,2,-55,"168
",5
08:01.7,e2001d8712401320d4a0,2,-55,"174
",5
08:01.7,e2001d8712401320d4a0,2,-55,"174
",5
08:01.7,e2001d8712401320d4a0,2,-55,"171
",5
08:01.8,e2001d8712401320d4a0,2,-55,"168
",5
08:01.8,e2001d8712401320d4a0,2,-55,"174
",5
08:01.8,e2001d8712401320d4a0,2,-55,"168
",5
08:01.9,e2001d8712401320d4a0,2,-55,"171
",5
08:02.0,e2001d8712401320d4a0,2,-55,"171
",5
08:02.2,e2001d8712401320d4a0,2,-55,"174
",5
08:02.7,e2001d8712401320d4a0,2,-55,"174
",5
08:02.1,e2001d8712401320d4a0,2,-55,"174
",5
08:02.3,e2001d8712401320d4a0,2,-58,"174
",5
08:03.3,e2001d8712401320d4a0,2,-55,"174
",5
08:03.3,e2001d8712401320d4a0,2,-57,"168
",5
08:03.5,e2001d8712401320d4a0,2,-58,"165
",5
08:03.5,e2001d8712401320d4a0,2,-53,"168
",5
08:03.6,e2001d8712401320d4a0,2,-52,"171
",5
08:03.6,e2001d8712401320d4a0,2,-52,"174
",5
08:03.7,e2001d8712401320d4a0,2,-52,"171
",5
08:03.7,e2001d8712401320d4a0,2,-52,"171
",5
08:03.7,e2001d8712401320d4a0,2,-52,"171
",5
08:03.8,e2001d8712401320d4a0,2,-52,"171
",5
08:03.8,e2001d8712401320d4a0,2,-52,"168
",5
08:03.9,e2001d8712401320d4a0,2,-52,"171
",5
08:03.9,e2001d8712401320d4a0,2,-53,"174
",5
08:04.0,e2001d8712401320d4a0,2,-55,"174
",5
08:04.0,e2001d8712401320d4a0,2,-55,"168
",5
08:04.3,e2001d8712401320d4a0,2,-55,"171
",5
08:04.7,e2001d8712401320d4a0,2,-55,"171
",5
08:04.1,e2001d8712401320d4a0,2,-55,"171
",5
08:04.5,e2001d8712401320d4a0,2,-55,"174
",5
08:04.6,e2001d8712401320d4a0,2,-55,"171
",5
08:04.6,e2001d8712401320d4a0,2,-55,"174
",5
08:04.7,e2001d8712401320d4a0,2,-55,"171
",5
08:04.7,e2001d8712401320d4a0,2,-55,"171
",5
08:04.7,e2001d8712401320d4a0,2,-55,"171
",5
08:04.8,e2001d8712401320d4a0,2,-55,"171
",5
08:04.8,e2001d8712401320d4a0,2,-55,"171
",5
08:04.8,e2001d8712401320d4a0,2,-55,"174
",5
08:04.9,e2001d8712401320d4a0,2,-52,"168
",5
08:05.0,e2001d8712401320d4a0,2,-52,"174
",5
08:05.0,e2001d8712401320d4a0,2,-52,"171
",5
08:05.5,e2001d8712401320d4a0,2,-52,"174
",5
08:05.1,e2001d8712401320d4a0,2,-56,"177
",5
08:05.2,e2001d8712401320d4a0,2,-55,"168
",5
08:05.5,e2001d8712401320d4a0,2,-55,"174
",5
08:05.5,e2001d8712401320d4a0,2,-55,"174
",5
08:05.7,e2001d8712401320d4a0,2,-55,"171
",5
08:05.8,e2001d8712401320d4a0,2,-55,"171
",5
08:05.8,e2001d8712401320d4a0,2,-55,"168
",5
08:06.2,e2001d8712401320d4a0,2,-59,"171
",5
08:06.3,e2001d8712401320d4a0,2,-57,"165
",5
08:06.5,e2001d8712401320d4a0,2,-56,"168
",5
08:06.6,e2001d8712401320d4a0,2,-52,"171
",5
08:06.6,e2001d8712401320d4a0,2,-52,"174
",5
08:06.7,e2001d8712401320d4a0,2,-53,"174
",5
08:06.7,e2001d8712401320d4a0,2,-53,"168
",5
08:06.7,e2001d8712401320d4a0,2,-53,"174
",5
08:06.8,e2001d8712401320d4a0,2,-52,"174
",5
08:06.8,e2001d8712401320d4a0,2,-53,"174
",5
08:06.8,e2001d8712401320d4a0,2,-53,"171
",5
08:06.9,e2001d8712401320d4a0,2,-53,"171
",5
08:07.0,e2001d8712401320d4a0,2,-53,"171
",5
08:07.0,e2001d8712401320d4a0,2,-55,"174
",5
08:07.0,e2001d8712401320d4a0,2,-53,"171
",5
08:07.7,e2001d8712401320d4a0,2,-53,"168
",5
08:07.1,e2001d8712401320d4a0,2,-53,"174
",5
08:07.2,e2001d8712401320d4a0,2,-55,"174
",5
08:07.2,e2001d8712401320d4a0,2,-55,"174
",5
08:07.3,e2001d8712401320d4a0,2,-55,"177
",5
08:07.3,e2001d8712401320d4a0,2,-55,"171
",5
08:07.3,e2001d8712401320d4a0,2,-55,"174
",5
08:07.4,e2001d8712401320d4a0,2,-55,"171
",5
08:07.4,e2001d8712401320d4a0,2,-55,"171
",5
08:07.4,e2001d8712401320d4a0,2,-55,"171
",5
08:07.5,e2001d8712401320d4a0,2,-55,"171
",5
08:07.5,e2001d8712401320d4a0,2,-55,"171
",5
08:07.6,e2001d8712401320d4a0,2,-55,"171
",5
08:07.6,e2001d8712401320d4a0,2,-55,"168
",5
08:07.7,e2001d8712401320d4a0,2,-55,"171
",5
08:07.8,e2001d8712401320d4a0,2,-55,"174
",5
08:07.9,e2001d8712401320d4a0,2,-57,"171
",5
08:08.3,e2001d8712401320d4a0,2,-55,"174
",5
08:08.1,e2001d8712401320d4a0,2,-56,"168
",5
08:08.5,e2001d8712401320d4a0,2,-56,"171
",5
08:08.6,e2001d8712401320d4a0,2,-52,"174
",5
08:08.6,e2001d8712401320d4a0,2,-52,"0
",5
08:08.7,e2001d8712401320d4a0,2,-51,"174
",5
08:08.8,e2001d8712401320d4a0,2,-51,"174
",5
08:09.2,e2001d8712401320d4a0,2,-53,"174
",5
08:09.3,e2001d8712401320d4a0,2,-55,"174
",5
08:09.3,e2001d8712401320d4a0,2,-55,"168
",5
08:09.3,e2001d8712401320d4a0,2,-55,"168
",5
08:09.4,e2001d8712401320d4a0,2,-55,"174
",5
08:09.4,e2001d8712401320d4a0,2,-56,"171
",5
08:09.5,e2001d8712401320d4a0,2,-55,"171
",5
08:10.2,e2001d8712401320d4a0,2,-58,"177
",5
08:10.5,e2001d8712401320d4a0,2,-58,"177
",5
08:10.2,e2001d8712401320d4a0,2,-58,"171
",5
08:10.3,e2001d8712401320d4a0,2,-58,"174
",5
08:10.3,e2001d8712401320d4a0,2,-58,"171
",5
08:10.4,e2001d8712401320d4a0,2,-58,"174
",5
08:10.6,e2001d8712401320d4a0,2,-56,"171
",5
08:10.8,e2001d8712401320d4a0,2,-55,"174
",5
08:10.9,e2001d8712401320d4a0,2,-51,"171
",5
08:11.5,e2001d8712401320d4a0,2,-52,"174
",5
08:11.3,e2001d8712401320d4a0,2,-51,"174
",5
08:11.3,e2001d8712401320d4a0,2,-51,"171
",5
08:11.4,e2001d8712401320d4a0,2,-51,"174
",5
08:11.8,e2001d8712401320d4a0,2,-55,"171
",5
08:11.9,e2001d8712401320d4a0,2,-56,"174
",5
08:12.1,e2001d8712401320d4a0,2,-55,"168
",5
08:12.1,e2001d8712401320d4a0,2,-55,"171
",5
08:12.2,e2001d8712401320d4a0,2,-55,"174
",5
08:12.2,e2001d8712401320d4a0,2,-55,"174
",5
08:12.3,e2001d8712401320d4a0,2,-55,"171
",5
08:12.3,e2001d8712401320d4a0,2,-55,"171
",5
08:12.3,e2001d8712401320d4a0,2,-57,"174
",5
08:12.4,e2001d8712401320d4a0,2,-56,"174
",5
08:12.4,e2001d8712401320d4a0,2,-57,"174
",5
08:12.5,e2001d8712401320d4a0,2,-57,"0
",5
08:12.9,e2001d8712401320d4a0,2,-58,"171
",5
08:12.9,e2001d8712401320d4a0,2,-57,"174
",5
08:12.9,e2001d8712401320d4a0,2,-58,"171
",5
08:13.0,e2001d8712401320d4a0,2,-57,"174
",5
08:13.3,e2001d8712401320d4a0,2,-57,"171
",5
08:13.1,e2001d8712401320d4a0,2,-55,"168
",5
08:13.1,e2001d8712401320d4a0,2,-55,"174
",5
08:13.2,e2001d8712401320d4a0,2,-55,"174
",5
08:13.2,e2001d8712401320d4a0,2,-55,"171
",5
08:13.4,e2001d8712401320d4a0,2,-57,"168
",5
08:13.6,e2001d8712401320d4a0,2,-56,"171
",5
08:13.8,e2001d8712401320d4a0,2,-55,"174
",5
08:13.9,e2001d8712401320d4a0,2,-55,"174
",5
08:14.0,e2001d8712401320d4a0,2,-55,"171
",5
08:14.2,e2001d8712401320d4a0,2,-55,"171
",5
08:14.2,e2001d8712401320d4a0,2,-56,"174
",5
08:14.3,e2001d8712401320d4a0,2,-53,"171
",5
08:14.4,e2001d8712401320d4a0,2,-52,"174
",5
08:14.4,e2001d8712401320d4a0,2,-53,"174
",5
08:14.5,e2001d8712401320d4a0,2,-55,"171
",5
08:14.5,e2001d8712401320d4a0,2,-55,"171
",5
08:14.5,e2001d8712401320d4a0,2,-55,"174
",5
08:14.6,e2001d8712401320d4a0,2,-55,"174
",5
08:14.6,e2001d8712401320d4a0,2,-56,"171
",5
08:14.6,e2001d8712401320d4a0,2,-57,"174
",5
08:15.5,e2001d8712401320d4a0,2,-58,"171
",5
08:15.5,e2001d8712401320d4a0,2,-57,"171
",5
08:15.6,e2001d8712401320d4a0,2,-58,"171
",5
08:15.6,e2001d8712401320d4a0,2,-59,"0
",5
08:15.7,e2001d8712401320d4a0,2,-58,"171
",5
08:15.7,e2001d8712401320d4a0,2,-57,"174
",5
08:15.7,e2001d8712401320d4a0,2,-57,"171
",5
08:15.8,e2001d8712401320d4a0,2,-57,"168
",5
08:15.9,e2001d8712401320d4a0,2,-58,"171
",5
08:15.9,e2001d8712401320d4a0,2,-56,"174
",5
08:16.0,e2001d8712401320d4a0,2,-55,"171
",5
08:16.3,e2001d8712401320d4a0,2,-55,"171
",5
08:16.2,e2001d8712401320d4a0,2,-51,"171
",5
08:16.2,e2001d8712401320d4a0,2,-51,"174
",5
08:16.4,e2001d8712401320d4a0,2,-51,"174
",5
08:16.5,e2001d8712401320d4a0,2,-52,"171
",5
08:16.5,e2001d8712401320d4a0,2,-53,"174
",5
08:16.7,e2001d8712401320d4a0,2,-53,"174
",5
08:16.9,e2001d8712401320d4a0,2,-58,"174
",5
08:17.7,e2001d8712401320d4a0,2,-57,"171
",5
08:17.1,e2001d8712401320d4a0,2,-57,"171
",5
08:18.1,e2001d8712401320d4a0,2,-55,"171
",5
08:18.1,e2001d8712401320d4a0,2,-55,"168
",5
08:18.3,e2001d8712401320d4a0,2,-55,"171
",5
08:18.4,e2001d8712401320d4a0,2,-56,"171
",5
08:18.0,e2001d8712401320d4a0,2,-55,"171
",5
08:18.1,e2001d8712401320d4a0,2,-55,"174
",5
08:18.1,e2001d8712401320d4a0,2,-55,"174
",5
08:19.3,e2001d8712401320d4a0,2,-55,"174
",5
08:19.8,e2001d8712401320d4a0,2,-52,"171
",5
08:19.1,e2001d8712401320d4a0,2,-52,"174
",5
08:19.3,e2001d8712401320d4a0,2,-55,"174
",5
08:19.4,e2001d8712401320d4a0,2,-55,"171
",5
08:19.5,e2001d8712401320d4a0,2,-58,"174
",5
08:19.5,e2001d8712401320d4a0,2,-57,"171
",5
08:19.6,e2001d8712401320d4a0,2,-57,"174
",5
08:19.6,e2001d8712401320d4a0,2,-59,"174
",5
08:19.7,e2001d8712401320d4a0,2,-58,"171
",5
08:20.5,e2001d8712401320d4a0,2,-58,"174
",5
08:20.6,e2001d8712401320d4a0,2,-57,"171
",5
08:20.6,e2001d8712401320d4a0,2,-57,"174
",5
08:20.6,e2001d8712401320d4a0,2,-56,"171
",5
08:20.7,e2001d8712401320d4a0,2,-55,"168
",5
08:20.7,e2001d8712401320d4a0,2,-55,"174
",5
08:20.7,e2001d8712401320d4a0,2,-55,"171
",5
08:20.9,e2001d8712401320d4a0,2,-58,"174
",5
08:21.2,e2001d8712401320d4a0,2,-53,"171
",5
08:21.2,e2001d8712401320d4a0,2,-55,"171
",5
08:21.3,e2001d8712401320d4a0,2,-52,"174
",5
08:21.3,e2001d8712401320d4a0,2,-52,"171
",5
08:21.4,e2001d8712401320d4a0,2,-51,"174
",5
08:21.5,e2001d8712401320d4a0,2,-52,"171
",5
08:21.6,e2001d8712401320d4a0,2,-52,"174
",5
08:21.6,e2001d8712401320d4a0,2,-52,"174
",5
08:21.7,e2001d8712401320d4a0,2,-53,"171
",5
08:21.9,e2001d8712401320d4a0,2,-55,"171
",5
08:22.2,e2001d8712401320d4a0,2,-57,"174
",5
08:22.7,e2001d8712401320d4a0,2,-52,"174
",5
08:23.6,e2001d8712401320d4a0,2,-49,"174
",5
08:44.0,e2001d8712401320d4a0,2,-58,"174
",6
08:56.2,e2001d8712401320d4a0,2,-58,"171
",7
08:56.2,e2001d8712401320d4a0,2,-57,"171
",7
08:56.3,e2001d8712401320d4a0,2,-57,"171
",7
08:56.3,e2001d8712401320d4a0,2,-57,"171
",7
08:56.4,e2001d8712401320d4a0,2,-57,"171
",7
08:56.4,e2001d8712401320d4a0,2,-58,"174
",7
08:56.5,e2001d8712401320d4a0,2,-58,"171
",7
08:56.5,e2001d8712401320d4a0,2,-57,"168
",7
08:56.7,e2001d8712401320d4a0,2,-58,"171
",7
08:56.7,e2001d8712401320d4a0,2,-57,"174
",7
08:56.8,e2001d8712401320d4a0,2,-56,"171
",7
08:56.9,e2001d8712401320d4a0,2,-58,"171
",7
08:59.5,e2001d8712401320d4a0,2,-58,"171
",7
08:59.6,e2001d8712401320d4a0,2,-57,"171
",7
08:59.7,e2001d8712401320d4a0,2,-58,"174
",7
09:13.4,e2001d8712401320d4a0,2,-57,"174
",7
09:16.3,e2001d8712401320d4a0,2,-55,"171
",1
09:20.0,e2001d8712401320d4a0,2,-56,"174
",1
09:22.4,e2001d8712401320d4a0,2,-57,"168
",1
10:51.3,e2001d8712401320d4a0,2,-59,"171
",4
10:51.4,e2001d8712401320d4a0,2,-55,"174
",4
10:51.6,e2001d8712401320d4a0,2,-53,"174
",4
10:51.7,e2001d8712401320d4a0,2,-53,"171
",4
10:51.7,e2001d8712401320d4a0,2,-52,"171
",4
10:51.8,e2001d8712401320d4a0,2,-55,"171
",4
10:51.9,e2001d8712401320d4a0,2,-55,"174
",4
10:51.9,e2001d8712401320d4a0,2,-55,"174
",4
10:51.9,e2001d8712401320d4a0,2,-55,"174
",4
10:52.0,e2001d8712401320d4a0,2,-55,"174
",4
10:52.1,e2001d8712401320d4a0,2,-51,"171
",4
10:52.2,e2001d8712401320d4a0,2,-52,"174
",4
10:52.4,e2001d8712401320d4a0,2,-52,"174
",4
10:52.4,e2001d8712401320d4a0,2,-52,"174
",4
10:52.6,e2001d8712401320d4a0,2,-52,"171
",4
10:52.7,e2001d8712401320d4a0,2,-52,"171
",4
10:52.8,e2001d8712401320d4a0,2,-55,"171
",4
10:52.8,e2001d8712401320d4a0,2,-53,"171
",4
10:52.9,e2001d8712401320d4a0,2,-53,"171
",4
10:53.0,e2001d8712401320d4a0,2,-53,"174
",4
10:53.7,e2001d8712401320d4a0,2,-53,"174
",4
10:53.1,e2001d8712401320d4a0,2,-52,"174
",4
10:53.2,e2001d8712401320d4a0,2,-52,"171
",4
10:53.3,e2001d8712401320d4a0,2,-53,"171
",4
10:53.5,e2001d8712401320d4a0,2,-53,"174
",4
10:53.6,e2001d8712401320d4a0,2,-55,"171
",4
10:53.7,e2001d8712401320d4a0,2,-55,"174
",4
10:53.9,e2001d8712401320d4a0,2,-53,"171
",4
10:54.0,e2001d8712401320d4a0,2,-53,"171
",4
10:54.0,e2001d8712401320d4a0,2,-53,"171
",4
10:54.2,e2001d8712401320d4a0,2,-51,"174
",4
11:01.5,e2001d8712401320d4a0,2,-58,"171
",5
11:01.6,e2001d8712401320d4a0,2,-57,"174
",5
11:01.6,e2001d8712401320d4a0,2,-58,"174
",5
11:01.6,e2001d8712401320d4a0,2,-57,"171
",5
11:01.7,e2001d8712401320d4a0,2,-58,"168
",5
11:01.7,e2001d8712401320d4a0,2,-55,"174
",5
11:01.8,e2001d8712401320d4a0,2,-53,"174
",5
11:01.9,e2001d8712401320d4a0,2,-55,"171
",5
11:01.9,e2001d8712401320d4a0,2,-55,"171
",5
11:02.0,e2001d8712401320d4a0,2,-52,"174
",5
11:02.5,e2001d8712401320d4a0,2,-55,"174
",5
11:03.0,e2001d8712401320d4a0,2,-55,"174
",5
11:02.2,e2001d8712401320d4a0,2,-52,"174
",5
11:02.2,e2001d8712401320d4a0,2,-52,"171
",5
11:02.3,e2001d8712401320d4a0,2,-51,"174
",5
11:02.3,e2001d8712401320d4a0,2,-51,"171
",5
11:02.3,e2001d8712401320d4a0,2,-55,"171
",5
11:02.4,e2001d8712401320d4a0,2,-55,"174
",5
11:02.5,e2001d8712401320d4a0,2,-55,"174
",5
11:02.6,e2001d8712401320d4a0,2,-53,"174
",5
11:02.7,e2001d8712401320d4a0,2,-55,"171
",5
11:02.7,e2001d8712401320d4a0,2,-52,"168
",5
11:02.8,e2001d8712401320d4a0,2,-55,"171
",5
11:02.8,e2001d8712401320d4a0,2,-55,"174
",5
11:03.0,e2001d8712401320d4a0,2,-55,"174
",5
11:03.2,e2001d8712401320d4a0,2,-53,"174
",5
11:03.3,e2001d8712401320d4a0,2,-52,"174
",5
11:03.1,e2001d8712401320d4a0,2,-51,"174
",5
11:03.2,e2001d8712401320d4a0,2,-53,"171
",5
11:03.3,e2001d8712401320d4a0,2,-53,"174
",5
11:03.3,e2001d8712401320d4a0,2,-53,"174
",5
11:03.3,e2001d8712401320d4a0,2,-55,"174
",5
11:03.4,e2001d8712401320d4a0,2,-55,"171
",5
11:03.4,e2001d8712401320d4a0,2,-56,"171
",5
11:03.5,e2001d8712401320d4a0,2,-57,"174
",5
11:03.5,e2001d8712401320d4a0,2,-58,"171
",5
11:03.7,e2001d8712401320d4a0,2,-56,"171
",5
11:03.8,e2001d8712401320d4a0,2,-57,"171
",5
11:03.9,e2001d8712401320d4a0,2,-56,"171
",5
11:04.0,e2001d8712401320d4a0,2,-56,"174
",5
11:04.3,e2001d8712401320d4a0,2,-58,"174
",5
11:04.5,e2001d8712401320d4a0,2,-58,"174
",5
11:04.8,e2001d8712401320d4a0,2,-58,"174
",5
11:04.1,e2001d8712401320d4a0,2,-58,"171
",5
11:04.2,e2001d8712401320d4a0,2,-58,"171
",5
11:04.2,e2001d8712401320d4a0,2,-57,"168
",5
11:04.3,e2001d8712401320d4a0,2,-57,"171
",5
11:04.3,e2001d8712401320d4a0,2,-55,"174
",5
11:04.3,e2001d8712401320d4a0,2,-55,"174
",5
11:04.4,e2001d8712401320d4a0,2,-57,"171
",5
11:04.4,e2001d8712401320d4a0,2,-58,"174
",5
11:04.5,e2001d8712401320d4a0,2,-57,"171
",5
11:04.5,e2001d8712401320d4a0,2,-53,"174
",5
11:04.6,e2001d8712401320d4a0,2,-53,"174
",5
11:04.6,e2001d8712401320d4a0,2,-55,"171
",5
11:04.7,e2001d8712401320d4a0,2,-55,"174
",5
11:04.8,e2001d8712401320d4a0,2,-55,"171
",5
11:04.9,e2001d8712401320d4a0,2,-55,"171
",5
11:04.9,e2001d8712401320d4a0,2,-53,"171
",5
11:05.0,e2001d8712401320d4a0,2,-55,"174
",5
11:05.0,e2001d8712401320d4a0,2,-53,"174
",5
11:05.0,e2001d8712401320d4a0,2,-55,"174
",5
11:05.7,e2001d8712401320d4a0,2,-55,"171
",5
11:05.1,e2001d8712401320d4a0,2,-55,"174
",5
11:05.2,e2001d8712401320d4a0,2,-55,"174
",5
11:05.2,e2001d8712401320d4a0,2,-55,"171
",5
11:05.2,e2001d8712401320d4a0,2,-55,"171
",5
11:05.3,e2001d8712401320d4a0,2,-56,"168
",5
11:05.4,e2001d8712401320d4a0,2,-57,"171
",5
11:05.5,e2001d8712401320d4a0,2,-58,"177
",5
11:05.5,e2001d8712401320d4a0,2,-55,"171
",5
11:05.5,e2001d8712401320d4a0,2,-55,"168
",5
11:05.6,e2001d8712401320d4a0,2,-55,"174
",5
11:05.6,e2001d8712401320d4a0,2,-55,"171
",5
11:05.8,e2001d8712401320d4a0,2,-53,"174
",5
11:05.8,e2001d8712401320d4a0,2,-55,"171
",5
11:06.0,e2001d8712401320d4a0,2,-56,"171
",5
11:06.7,e2001d8712401320d4a0,2,-57,"171
",5
11:06.7,e2001d8712401320d4a0,2,-57,"174
",5
11:06.8,e2001d8712401320d4a0,2,-56,"171
",5
11:06.8,e2001d8712401320d4a0,2,-56,"174
",5
11:06.9,e2001d8712401320d4a0,2,-55,"171
",5
11:07.3,e2001d8712401320d4a0,2,-53,"171
",5
11:07.1,e2001d8712401320d4a0,2,-53,"171
",5
11:07.2,e2001d8712401320d4a0,2,-53,"171
",5
11:07.3,e2001d8712401320d4a0,2,-53,"171
",5
11:07.3,e2001d8712401320d4a0,2,-52,"174
",5
11:07.3,e2001d8712401320d4a0,2,-55,"177
",5
11:07.4,e2001d8712401320d4a0,2,-53,"171
",5
11:07.4,e2001d8712401320d4a0,2,-53,"171
",5
11:07.5,e2001d8712401320d4a0,2,-52,"174
",5
11:07.5,e2001d8712401320d4a0,2,-52,"174
",5
11:07.5,e2001d8712401320d4a0,2,-52,"174
",5
11:07.6,e2001d8712401320d4a0,2,-53,"174
",5
11:07.7,e2001d8712401320d4a0,2,-53,"171
",5
11:07.8,e2001d8712401320d4a0,2,-52,"174
",5
11:07.8,e2001d8712401320d4a0,2,-53,"171
",5
11:07.9,e2001d8712401320d4a0,2,-55,"174
",5
11:07.9,e2001d8712401320d4a0,2,-52,"171
",5
11:08.0,e2001d8712401320d4a0,2,-53,"174
",5
11:08.5,e2001d8712401320d4a0,2,-55,"174
",5
11:08.1,e2001d8712401320d4a0,2,-55,"174
",5
11:08.1,e2001d8712401320d4a0,2,-53,"171
",5
11:08.3,e2001d8712401320d4a0,2,-52,"171
",5
11:08.4,e2001d8712401320d4a0,2,-58,"171
",5
11:08.4,e2001d8712401320d4a0,2,-57,"171
",5
11:08.5,e2001d8712401320d4a0,2,-57,"174
",5
11:08.5,e2001d8712401320d4a0,2,-57,"171
",5
11:08.6,e2001d8712401320d4a0,2,-58,"168
",5
11:08.6,e2001d8712401320d4a0,2,-58,"171
",5
11:08.6,e2001d8712401320d4a0,2,-55,"174
",5
11:08.7,e2001d8712401320d4a0,2,-55,"171
",5
11:08.7,e2001d8712401320d4a0,2,-55,"168
",5
11:08.8,e2001d8712401320d4a0,2,-55,"171
",5
11:09.0,e2001d8712401320d4a0,2,-55,"171
",5
11:09.0,e2001d8712401320d4a0,2,-55,"171
",5
11:09.3,e2001d8712401320d4a0,2,-55,"174
",5
11:09.8,e2001d8712401320d4a0,2,-55,"174
",5
11:09.2,e2001d8712401320d4a0,2,-55,"168
",5
11:09.3,e2001d8712401320d4a0,2,-53,"171
",5
11:09.3,e2001d8712401320d4a0,2,-55,"174
",5
11:09.4,e2001d8712401320d4a0,2,-55,"174
",5
11:09.4,e2001d8712401320d4a0,2,-53,"174
",5
11:09.5,e2001d8712401320d4a0,2,-55,"174
",5
11:09.5,e2001d8712401320d4a0,2,-55,"171
",5
11:09.5,e2001d8712401320d4a0,2,-55,"174
",5
11:09.6,e2001d8712401320d4a0,2,-55,"171
",5
11:09.7,e2001d8712401320d4a0,2,-53,"171
",5
11:09.7,e2001d8712401320d4a0,2,-52,"171
",5
11:09.8,e2001d8712401320d4a0,2,-52,"171
",5
11:09.9,e2001d8712401320d4a0,2,-55,"171
",5
11:10.2,e2001d8712401320d4a0,2,-53,"174
",5
11:10.2,e2001d8712401320d4a0,2,-55,"168
",5
11:10.3,e2001d8712401320d4a0,2,-53,"174
",5
11:10.3,e2001d8712401320d4a0,2,-53,"171
",5
11:10.4,e2001d8712401320d4a0,2,-53,"174
",5
11:10.4,e2001d8712401320d4a0,2,-52,"171
",5
11:10.5,e2001d8712401320d4a0,2,-52,"171
",5
11:10.5,e2001d8712401320d4a0,2,-53,"171
",5
11:10.6,e2001d8712401320d4a0,2,-55,"171
",5
11:10.6,e2001d8712401320d4a0,2,-55,"174
",5
11:10.7,e2001d8712401320d4a0,2,-55,"171
",5
11:10.8,e2001d8712401320d4a0,2,-52,"174
",5
11:10.9,e2001d8712401320d4a0,2,-51,"171
",5
11:11.5,e2001d8712401320d4a0,2,-55,"168
",5
11:11.7,e2001d8712401320d4a0,2,-56,"174
",5
11:12.0,e2001d8712401320d4a0,2,-57,"171
",5
11:11.1,e2001d8712401320d4a0,2,-57,"168
",5
11:12.0,e2001d8712401320d4a0,2,-61,"171
",5
11:12.5,e2001d8712401320d4a0,2,-59,"168
",5
11:12.1,e2001d8712401320d4a0,2,-58,"174
",5
11:12.2,e2001d8712401320d4a0,2,-59,"171
",5
11:12.3,e2001d8712401320d4a0,2,-61,"168
",5
11:12.4,e2001d8712401320d4a0,2,-53,"171
",5
11:12.5,e2001d8712401320d4a0,2,-55,"171
",5
11:12.5,e2001d8712401320d4a0,2,-55,"171
",5
11:12.5,e2001d8712401320d4a0,2,-53,"174
",5
11:12.6,e2001d8712401320d4a0,2,-56,"174
",5
11:12.6,e2001d8712401320d4a0,2,-56,"171
",5
11:12.7,e2001d8712401320d4a0,2,-55,"171
",5
11:12.8,e2001d8712401320d4a0,2,-55,"171
",5
11:12.9,e2001d8712401320d4a0,2,-52,"174
",5
11:12.9,e2001d8712401320d4a0,2,-52,"174
",5
11:13.0,e2001d8712401320d4a0,2,-51,"171
",5
11:13.5,e2001d8712401320d4a0,2,-51,"168
",5
11:13.1,e2001d8712401320d4a0,2,-51,"171
",5
11:13.5,e2001d8712401320d4a0,2,-52,"171
",5
11:13.5,e2001d8712401320d4a0,2,-51,"171
",5
11:13.6,e2001d8712401320d4a0,2,-51,"177
",5
11:13.7,e2001d8712401320d4a0,2,-51,"171
",5
11:13.7,e2001d8712401320d4a0,2,-52,"171
",5
11:13.8,e2001d8712401320d4a0,2,-52,"174
",5
11:13.8,e2001d8712401320d4a0,2,-52,"168
",5
11:13.8,e2001d8712401320d4a0,2,-52,"174
",5
11:13.9,e2001d8712401320d4a0,2,-56,"174
",5
11:13.9,e2001d8712401320d4a0,2,-57,"171
",5
11:14.0,e2001d8712401320d4a0,2,-57,"168
",5
11:14.0,e2001d8712401320d4a0,2,-57,"171
",5
11:14.2,e2001d8712401320d4a0,2,-58,"171
",5
11:14.2,e2001d8712401320d4a0,2,-56,"174
",5
11:14.3,e2001d8712401320d4a0,2,-56,"171
",5
11:14.4,e2001d8712401320d4a0,2,-55,"174
",5
11:14.4,e2001d8712401320d4a0,2,-55,"171
",5
11:14.6,e2001d8712401320d4a0,2,-55,"174
",5
11:14.6,e2001d8712401320d4a0,2,-56,"171
",5
11:14.7,e2001d8712401320d4a0,2,-55,"171
",5
11:14.7,e2001d8712401320d4a0,2,-56,"171
",5
11:14.7,e2001d8712401320d4a0,2,-55,"168
",5
11:14.8,e2001d8712401320d4a0,2,-55,"174
",5
11:14.8,e2001d8712401320d4a0,2,-55,"174
",5
11:14.8,e2001d8712401320d4a0,2,-56,"174
",5
11:15.0,e2001d8712401320d4a0,2,-57,"168
",5
11:15.7,e2001d8712401320d4a0,2,-55,"171
",5
11:15.2,e2001d8712401320d4a0,2,-52,"171
",5
11:15.2,e2001d8712401320d4a0,2,-52,"174
",5
11:15.3,e2001d8712401320d4a0,2,-53,"168
",5
11:15.7,e2001d8712401320d4a0,2,-52,"171
",5
11:15.8,e2001d8712401320d4a0,2,-53,"174
",5
11:15.8,e2001d8712401320d4a0,2,-52,"174
",5
11:15.9,e2001d8712401320d4a0,2,-52,"174
",5
11:16.0,e2001d8712401320d4a0,2,-53,"174
",5
11:16.0,e2001d8712401320d4a0,2,-53,"168
",5
11:16.5,e2001d8712401320d4a0,2,-55,"174
",5
11:16.8,e2001d8712401320d4a0,2,-57,"174
",5
11:16.1,e2001d8712401320d4a0,2,-57,"171
",5
11:16.2,e2001d8712401320d4a0,2,-55,"171
",5
11:16.2,e2001d8712401320d4a0,2,-55,"168
",5
11:16.3,e2001d8712401320d4a0,2,-55,"171
",5
11:16.3,e2001d8712401320d4a0,2,-51,"174
",5
11:16.3,e2001d8712401320d4a0,2,-51,"174
",5
11:16.4,e2001d8712401320d4a0,2,-53,"171
",5
11:16.5,e2001d8712401320d4a0,2,-53,"171
",5
11:16.5,e2001d8712401320d4a0,2,-55,"171
",5
11:16.6,e2001d8712401320d4a0,2,-55,"171
",5
11:16.7,e2001d8712401320d4a0,2,-57,"174
",5
11:16.7,e2001d8712401320d4a0,2,-57,"171
",5
11:16.8,e2001d8712401320d4a0,2,-57,"174
",5
11:16.8,e2001d8712401320d4a0,2,-57,"174
",5
11:16.8,e2001d8712401320d4a0,2,-57,"174
",5
11:16.9,e2001d8712401320d4a0,2,-57,"171
",5
11:16.9,e2001d8712401320d4a0,2,-56,"171
",5
11:16.9,e2001d8712401320d4a0,2,-57,"171
",5
11:17.0,e2001d8712401320d4a0,2,-57,"174
",5
11:17.0,e2001d8712401320d4a0,2,-57,"174
",5
11:17.5,e2001d8712401320d4a0,2,-57,"171
",5
11:17.1,e2001d8712401320d4a0,2,-57,"171
",5
11:17.1,e2001d8712401320d4a0,2,-57,"171
",5
11:17.2,e2001d8712401320d4a0,2,-57,"174
",5
11:17.2,e2001d8712401320d4a0,2,-58,"171
",5
11:17.4,e2001d8712401320d4a0,2,-57,"168
",5
11:17.4,e2001d8712401320d4a0,2,-57,"174
",5
11:17.5,e2001d8712401320d4a0,2,-57,"171
",5
11:17.5,e2001d8712401320d4a0,2,-57,"174
",5
11:17.5,e2001d8712401320d4a0,2,-57,"171
",5
11:17.6,e2001d8712401320d4a0,2,-57,"171
",5
11:17.6,e2001d8712401320d4a0,2,-58,"171
",5
11:17.7,e2001d8712401320d4a0,2,-58,"168
",5
11:17.7,e2001d8712401320d4a0,2,-55,"168
",5
11:17.9,e2001d8712401320d4a0,2,-52,"171
",5
11:17.9,e2001d8712401320d4a0,2,-53,"177
",5
11:18.0,e2001d8712401320d4a0,2,-55,"171
",5
11:18.0,e2001d8712401320d4a0,2,-55,"171
",5
11:18.1,e2001d8712401320d4a0,2,-53,"174
",5
11:18.3,e2001d8712401320d4a0,2,-49,"171
",5
11:18.0,e2001d8712401320d4a0,2,-49,"168
",5
11:18.1,e2001d8712401320d4a0,2,-49,"171
",5
11:18.1,e2001d8712401320d4a0,2,-50,"171
",5
11:18.1,e2001d8712401320d4a0,2,-50,"174
",5
11:18.1,e2001d8712401320d4a0,2,-55,"174
",5
11:19.3,e2001d8712401320d4a0,2,-52,"171
",5
11:19.1,e2001d8712401320d4a0,2,-52,"174
",5
11:19.2,e2001d8712401320d4a0,2,-51,"171
",5
11:19.3,e2001d8712401320d4a0,2,-52,"171
",5
11:19.3,e2001d8712401320d4a0,2,-52,"174
",5
11:19.4,e2001d8712401320d4a0,2,-52,"174
",5
11:19.4,e2001d8712401320d4a0,2,-52,"171
",5
11:19.5,e2001d8712401320d4a0,2,-52,"171
",5
11:19.5,e2001d8712401320d4a0,2,-52,"171
",5
11:19.5,e2001d8712401320d4a0,2,-52,"174
",5
11:19.6,e2001d8712401320d4a0,2,-52,"171
",5
11:19.7,e2001d8712401320d4a0,2,-53,"174
",5
11:19.8,e2001d8712401320d4a0,2,-52,"171
",5
11:19.9,e2001d8712401320d4a0,2,-55,"174
",5
11:19.9,e2001d8712401320d4a0,2,-55,"168
",5
11:19.9,e2001d8712401320d4a0,2,-55,"174
",5
11:20.0,e2001d8712401320d4a0,2,-55,"168
",5
11:20.3,e2001d8712401320d4a0,2,-55,"168
",5
11:20.5,e2001d8712401320d4a0,2,-55,"171
",5
11:20.8,e2001d8712401320d4a0,2,-55,"171
",5
11:20.1,e2001d8712401320d4a0,2,-53,"174
",5
11:20.2,e2001d8712401320d4a0,2,-53,"171
",5
11:20.2,e2001d8712401320d4a0,2,-53,"174
",5
11:20.2,e2001d8712401320d4a0,2,-51,"171
",5
11:20.3,e2001d8712401320d4a0,2,-51,"174
",5
11:20.3,e2001d8712401320d4a0,2,-50,"171
",5
11:20.6,e2001d8712401320d4a0,2,-52,"174
",5
11:20.7,e2001d8712401320d4a0,2,-52,"168
",5
11:20.8,e2001d8712401320d4a0,2,-51,"174
",5
11:20.9,e2001d8712401320d4a0,2,-51,"174
",5
11:21.0,e2001d8712401320d4a0,2,-52,"174
",5
11:21.2,e2001d8712401320d4a0,2,-52,"171
",5
11:21.5,e2001d8712401320d4a0,2,-52,"174
",5
11:21.1,e2001d8712401320d4a0,2,-52,"171
",5
11:21.1,e2001d8712401320d4a0,2,-51,"174
",5
11:21.2,e2001d8712401320d4a0,2,-51,"171
",5
11:21.3,e2001d8712401320d4a0,2,-50,"174
",5
11:21.4,e2001d8712401320d4a0,2,-51,"174
",5
11:21.5,e2001d8712401320d4a0,2,-53,"171
",5
11:21.6,e2001d8712401320d4a0,2,-52,"171
",5
11:21.6,e2001d8712401320d4a0,2,-53,"171
",5
11:21.7,e2001d8712401320d4a0,2,-52,"174
",5
11:21.7,e2001d8712401320d4a0,2,-52,"171
",5
11:21.9,e2001d8712401320d4a0,2,-53,"177
",5
11:21.9,e2001d8712401320d4a0,2,-52,"174
",5
11:21.9,e2001d8712401320d4a0,2,-52,"171
",5
11:22.0,e2001d8712401320d4a0,2,-52,"171
",5
11:22.2,e2001d8712401320d4a0,2,-52,"171
",5
11:22.5,e2001d8712401320d4a0,2,-52,"174
",5
11:22.8,e2001d8712401320d4a0,2,-52,"171
",5
11:22.1,e2001d8712401320d4a0,2,-52,"171
",5
11:22.2,e2001d8712401320d4a0,2,-51,"171
",5
11:22.2,e2001d8712401320d4a0,2,-49,"174
",5
11:22.2,e2001d8712401320d4a0,2,-49,"174
",5
11:22.3,e2001d8712401320d4a0,2,-49,"171
",5
11:22.3,e2001d8712401320d4a0,2,-49,"174
",5
11:22.4,e2001d8712401320d4a0,2,-49,"171
",5
11:22.4,e2001d8712401320d4a0,2,-49,"171
",5
11:22.5,e2001d8712401320d4a0,2,-49,"174
",5
11:22.5,e2001d8712401320d4a0,2,-49,"174
",5
11:22.5,e2001d8712401320d4a0,2,-49,"174
",5
11:22.5,e2001d8712401320d4a0,2,-49,"168
",5
11:22.6,e2001d8712401320d4a0,2,-49,"174
",5
11:22.6,e2001d8712401320d4a0,2,-49,"168
",5
11:22.6,e2001d8712401320d4a0,2,-49,"174
",5
11:22.6,e2001d8712401320d4a0,2,-49,"168
",5
11:22.8,e2001d8712401320d4a0,2,-49,"171
",5
11:22.8,e2001d8712401320d4a0,2,-50,"168
",5
11:22.9,e2001d8712401320d4a0,2,-52,"171
",5
11:23.0,e2001d8712401320d4a0,2,-52,"174
",5
11:23.8,e2001d8712401320d4a0,2,-55,"171
",5
11:23.1,e2001d8712401320d4a0,2,-53,"171
",5
11:23.2,e2001d8712401320d4a0,2,-55,"168
",5
11:23.4,e2001d8712401320d4a0,2,-49,"174
",5
11:23.4,e2001d8712401320d4a0,2,-49,"171
",5
11:23.5,e2001d8712401320d4a0,2,-49,"171
",5
11:23.6,e2001d8712401320d4a0,2,-51,"174
",5
11:23.7,e2001d8712401320d4a0,2,-51,"174
",5
11:23.7,e2001d8712401320d4a0,2,-51,"174
",5
11:23.8,e2001d8712401320d4a0,2,-50,"174
",5
11:24.3,e2001d8712401320d4a0,2,-52,"171
",5
11:24.4,e2001d8712401320d4a0,2,-52,"174
",5
11:24.6,e2001d8712401320d4a0,2,-51,"171
",5
11:24.7,e2001d8712401320d4a0,2,-51,"174
",5
11:24.7,e2001d8712401320d4a0,2,-52,"171
",5
11:24.8,e2001d8712401320d4a0,2,-52,"174
",5
11:24.8,e2001d8712401320d4a0,2,-55,"168
",5
11:24.8,e2001d8712401320d4a0,2,-55,"168
",5
11:24.8,e2001d8712401320d4a0,2,-55,"174
",5
11:24.9,e2001d8712401320d4a0,2,-55,"171
",5
11:25.0,e2001d8712401320d4a0,2,-55,"174
",5
11:25.0,e2001d8712401320d4a0,2,-55,"171
",5
11:25.2,e2001d8712401320d4a0,2,-55,"174
",5
11:25.5,e2001d8712401320d4a0,2,-55,"168
",5
11:25.8,e2001d8712401320d4a0,2,-55,"174
",5
11:25.2,e2001d8712401320d4a0,2,-55,"171
",5
11:25.2,e2001d8712401320d4a0,2,-51,"171
",5
11:25.3,e2001d8712401320d4a0,2,-51,"171
",5
11:25.3,e2001d8712401320d4a0,2,-51,"174
",5
11:25.4,e2001d8712401320d4a0,2,-51,"174
",5
11:25.4,e2001d8712401320d4a0,2,-51,"171
",5
11:25.4,e2001d8712401320d4a0,2,-50,"174
",5
11:25.5,e2001d8712401320d4a0,2,-50,"174
",5
11:25.5,e2001d8712401320d4a0,2,-50,"171
",5
11:25.5,e2001d8712401320d4a0,2,-50,"171
",5
11:25.6,e2001d8712401320d4a0,2,-50,"171
",5
11:25.6,e2001d8712401320d4a0,2,-49,"168
",5
11:25.7,e2001d8712401320d4a0,2,-49,"174
",5
11:25.7,e2001d8712401320d4a0,2,-49,"171
",5
11:25.8,e2001d8712401320d4a0,2,-49,"174
",5
11:26.3,e2001d8712401320d4a0,2,-52,"174
",5
11:26.1,e2001d8712401320d4a0,2,-51,"168
",5
11:26.5,e2001d8712401320d4a0,2,-51,"174
",5
11:26.5,e2001d8712401320d4a0,2,-51,"174
",5
11:26.6,e2001d8712401320d4a0,2,-51,"171
",5
11:26.6,e2001d8712401320d4a0,2,-51,"174
",5
11:26.7,e2001d8712401320d4a0,2,-51,"171
",5
11:26.7,e2001d8712401320d4a0,2,-51,"171
",5
11:26.8,e2001d8712401320d4a0,2,-53,"171
",5
11:26.9,e2001d8712401320d4a0,2,-53,"174
",5
11:26.9,e2001d8712401320d4a0,2,-53,"171
",5
11:27.0,e2001d8712401320d4a0,2,-53,"171
",5
11:27.2,e2001d8712401320d4a0,2,-53,"0
",5
11:27.2,e2001d8712401320d4a0,2,-51,"171
",5
11:27.2,e2001d8712401320d4a0,2,-51,"171
",5
11:27.3,e2001d8712401320d4a0,2,-51,"174
",5
11:27.3,e2001d8712401320d4a0,2,-51,"174
",5
11:27.3,e2001d8712401320d4a0,2,-51,"174
",5
11:27.4,e2001d8712401320d4a0,2,-51,"174
",5
11:27.4,e2001d8712401320d4a0,2,-51,"168
",5
11:27.5,e2001d8712401320d4a0,2,-51,"174
",5
11:27.5,e2001d8712401320d4a0,2,-51,"174
",5
11:27.5,e2001d8712401320d4a0,2,-51,"174
",5
11:27.6,e2001d8712401320d4a0,2,-55,"177
",5
11:27.6,e2001d8712401320d4a0,2,-53,"174
",5
11:27.7,e2001d8712401320d4a0,2,-55,"171
",5
11:27.7,e2001d8712401320d4a0,2,-53,"171
",5
11:27.8,e2001d8712401320d4a0,2,-55,"177
",5
11:27.9,e2001d8712401320d4a0,2,-52,"174
",5
11:27.9,e2001d8712401320d4a0,2,-52,"174
",5
11:27.9,e2001d8712401320d4a0,2,-52,"174
",5
11:28.0,e2001d8712401320d4a0,2,-52,"174
",5
11:28.0,e2001d8712401320d4a0,2,-52,"174
",5
11:28.5,e2001d8712401320d4a0,2,-52,"174
",5
11:28.7,e2001d8712401320d4a0,2,-52,"174
",5
11:28.1,e2001d8712401320d4a0,2,-52,"174
",5
11:28.4,e2001d8712401320d4a0,2,-55,"168
",5
11:28.5,e2001d8712401320d4a0,2,-55,"174
",5
11:28.6,e2001d8712401320d4a0,2,-52,"174
",5
11:28.6,e2001d8712401320d4a0,2,-51,"168
",5
11:28.7,e2001d8712401320d4a0,2,-49,"174
",5
11:28.9,e2001d8712401320d4a0,2,-52,"174
",5
11:28.9,e2001d8712401320d4a0,2,-51,"174
",5
11:29.0,e2001d8712401320d4a0,2,-52,"171
",5
11:29.0,e2001d8712401320d4a0,2,-52,"171
",5
11:29.5,e2001d8712401320d4a0,2,-52,"171
",5
11:29.1,e2001d8712401320d4a0,2,-52,"174
",5
11:29.2,e2001d8712401320d4a0,2,-52,"171
",5
11:29.3,e2001d8712401320d4a0,2,-52,"171
",5
11:29.4,e2001d8712401320d4a0,2,-52,"174
",5
11:29.4,e2001d8712401320d4a0,2,-50,"174
",5
11:29.5,e2001d8712401320d4a0,2,-49,"174
",5
11:29.7,e2001d8712401320d4a0,2,-52,"174
",5
11:29.8,e2001d8712401320d4a0,2,-52,"168
",5
11:29.9,e2001d8712401320d4a0,2,-51,"174
",5
11:29.9,e2001d8712401320d4a0,2,-52,"174
",5
11:29.9,e2001d8712401320d4a0,2,-52,"168
",5
11:30.0,e2001d8712401320d4a0,2,-51,"168
",5
11:30.0,e2001d8712401320d4a0,2,-52,"174
",5
11:30.5,e2001d8712401320d4a0,2,-52,"174
",5
11:30.2,e2001d8712401320d4a0,2,-52,"174
",5
11:30.3,e2001d8712401320d4a0,2,-52,"168
",5
11:30.3,e2001d8712401320d4a0,2,-52,"174
",5
11:30.5,e2001d8712401320d4a0,2,-55,"168
",5
11:30.6,e2001d8712401320d4a0,2,-55,"171
",5
11:30.7,e2001d8712401320d4a0,2,-55,"171
",5
11:30.7,e2001d8712401320d4a0,2,-55,"177
",5
11:30.8,e2001d8712401320d4a0,2,-53,"171
",5
11:30.8,e2001d8712401320d4a0,2,-50,"168
",5
11:31.8,e2001d8712401320d4a0,2,-51,"174
",5
11:31.1,e2001d8712401320d4a0,2,-51,"174
",5
11:31.2,e2001d8712401320d4a0,2,-51,"174
",5
11:31.4,e2001d8712401320d4a0,2,-49,"174
",5
11:32.1,e2001d8712401320d4a0,2,-49,"174
",5
11:32.3,e2001d8712401320d4a0,2,-53,"171
",5
11:32.3,e2001d8712401320d4a0,2,-53,"171
",5
11:32.4,e2001d8712401320d4a0,2,-53,"171
",5
11:32.4,e2001d8712401320d4a0,2,-53,"171
",5
11:32.4,e2001d8712401320d4a0,2,-53,"174
",5
11:32.5,e2001d8712401320d4a0,2,-52,"171
",5
11:32.6,e2001d8712401320d4a0,2,-55,"168
",5
11:32.8,e2001d8712401320d4a0,2,-55,"171
",5
11:32.8,e2001d8712401320d4a0,2,-53,"168
",5
11:32.9,e2001d8712401320d4a0,2,-52,"171
",5
11:32.9,e2001d8712401320d4a0,2,-52,"168
",5
11:33.0,e2001d8712401320d4a0,2,-52,"171
",5
11:33.0,e2001d8712401320d4a0,2,-53,"174
",5
11:33.2,e2001d8712401320d4a0,2,-52,"171
",5
11:33.5,e2001d8712401320d4a0,2,-52,"174
",5
11:33.8,e2001d8712401320d4a0,2,-53,"171
",5
11:33.1,e2001d8712401320d4a0,2,-53,"177
",5
11:33.2,e2001d8712401320d4a0,2,-55,"174
",5
11:33.3,e2001d8712401320d4a0,2,-55,"174
",5
11:33.3,e2001d8712401320d4a0,2,-53,"171
",5
11:33.3,e2001d8712401320d4a0,2,-53,"171
",5
11:33.4,e2001d8712401320d4a0,2,-53,"168
",5
11:33.4,e2001d8712401320d4a0,2,-55,"168
",5
11:33.5,e2001d8712401320d4a0,2,-55,"174
",5
11:33.8,e2001d8712401320d4a0,2,-51,"168
",5
11:33.8,e2001d8712401320d4a0,2,-52,"171
",5
11:33.8,e2001d8712401320d4a0,2,-55,"174
",5
11:33.9,e2001d8712401320d4a0,2,-52,"171
",5
11:33.9,e2001d8712401320d4a0,2,-51,"174
",5
11:34.0,e2001d8712401320d4a0,2,-51,"174
",5
11:34.5,e2001d8712401320d4a0,2,-50,"171
",5
11:34.1,e2001d8712401320d4a0,2,-50,"171
",5
11:34.2,e2001d8712401320d4a0,2,-51,"174
",5
11:34.2,e2001d8712401320d4a0,2,-51,"174
",5
11:34.3,e2001d8712401320d4a0,2,-51,"174
",5
11:34.3,e2001d8712401320d4a0,2,-50,"171
",5
11:34.3,e2001d8712401320d4a0,2,-51,"171
",5
11:34.4,e2001d8712401320d4a0,2,-50,"174
",5
11:34.6,e2001d8712401320d4a0,2,-50,"171
",5
11:34.7,e2001d8712401320d4a0,2,-51,"171
",5
11:34.7,e2001d8712401320d4a0,2,-51,"174
",5
11:34.8,e2001d8712401320d4a0,2,-49,"174
",5
11:34.9,e2001d8712401320d4a0,2,-49,"174
",5
11:35.0,e2001d8712401320d4a0,2,-49,"171
",5
11:35.3,e2001d8712401320d4a0,2,-49,"174
",5
11:35.8,e2001d8712401320d4a0,2,-49,"171
",5
11:35.2,e2001d8712401320d4a0,2,-49,"174
",5
11:35.3,e2001d8712401320d4a0,2,-49,"174
",5
11:35.3,e2001d8712401320d4a0,2,-49,"171
",5
11:35.4,e2001d8712401320d4a0,2,-50,"174
",5
11:35.4,e2001d8712401320d4a0,2,-50,"171
",5
11:35.5,e2001d8712401320d4a0,2,-50,"174
",5
11:35.6,e2001d8712401320d4a0,2,-52,"174
",5
11:35.6,e2001d8712401320d4a0,2,-52,"174
",5
11:35.7,e2001d8712401320d4a0,2,-52,"171
",5
11:35.7,e2001d8712401320d4a0,2,-52,"171
",5
11:35.7,e2001d8712401320d4a0,2,-52,"174
",5
11:35.8,e2001d8712401320d4a0,2,-51,"174
",5
11:35.8,e2001d8712401320d4a0,2,-51,"171
",5
11:35.9,e2001d8712401320d4a0,2,-51,"174
",5
11:35.9,e2001d8712401320d4a0,2,-51,"171
",5
11:36.0,e2001d8712401320d4a0,2,-51,"174
",5
11:36.2,e2001d8712401320d4a0,2,-51,"174
",5
11:36.5,e2001d8712401320d4a0,2,-51,"171
",5
11:36.2,e2001d8712401320d4a0,2,-50,"174
",5
11:36.3,e2001d8712401320d4a0,2,-51,"174
",5
11:36.3,e2001d8712401320d4a0,2,-50,"174
",5
11:36.4,e2001d8712401320d4a0,2,-50,"171
",5
11:36.4,e2001d8712401320d4a0,2,-50,"174
",5
11:36.6,e2001d8712401320d4a0,2,-50,"171
",5
11:36.6,e2001d8712401320d4a0,2,-49,"171
",5
11:36.7,e2001d8712401320d4a0,2,-50,"171
",5
11:36.7,e2001d8712401320d4a0,2,-49,"174
",5
11:36.8,e2001d8712401320d4a0,2,-49,"174
",5
11:36.9,e2001d8712401320d4a0,2,-49,"174
",5
11:36.9,e2001d8712401320d4a0,2,-49,"174
",5
11:36.9,e2001d8712401320d4a0,2,-49,"174
",5
11:37.5,e2001d8712401320d4a0,2,-49,"171
",5
11:37.1,e2001d8712401320d4a0,2,-49,"168
",5
11:37.2,e2001d8712401320d4a0,2,-51,"171
",5
11:37.3,e2001d8712401320d4a0,2,-52,"174
",5
11:37.3,e2001d8712401320d4a0,2,-51,"171
",5
11:37.4,e2001d8712401320d4a0,2,-51,"174
",5
11:37.4,e2001d8712401320d4a0,2,-50,"174
",5
11:37.5,e2001d8712401320d4a0,2,-49,"171
",5
11:37.6,e2001d8712401320d4a0,2,-51,"174
",5
11:37.7,e2001d8712401320d4a0,2,-55,"174
",5
11:37.7,e2001d8712401320d4a0,2,-53,"171
",5
11:37.8,e2001d8712401320d4a0,2,-51,"171
",5
11:37.8,e2001d8712401320d4a0,2,-51,"174
",5
11:37.8,e2001d8712401320d4a0,2,-51,"171
",5
11:37.9,e2001d8712401320d4a0,2,-51,"171
",5
11:37.9,e2001d8712401320d4a0,2,-51,"171
",5
11:38.0,e2001d8712401320d4a0,2,-51,"171
",5
11:38.0,e2001d8712401320d4a0,2,-51,"174
",5
11:38.5,e2001d8712401320d4a0,2,-51,"174
",5
11:38.8,e2001d8712401320d4a0,2,-52,"171
",5
11:38.1,e2001d8712401320d4a0,2,-55,"171
",5
11:38.2,e2001d8712401320d4a0,2,-55,"174
",5
11:38.2,e2001d8712401320d4a0,2,-53,"171
",5
11:38.2,e2001d8712401320d4a0,2,-53,"171
",5
11:38.3,e2001d8712401320d4a0,2,-53,"174
",5
11:38.3,e2001d8712401320d4a0,2,-53,"174
",5
11:38.4,e2001d8712401320d4a0,2,-53,"171
",5
11:38.4,e2001d8712401320d4a0,2,-53,"168
",5
11:38.4,e2001d8712401320d4a0,2,-53,"177
",5
11:38.5,e2001d8712401320d4a0,2,-53,"174
",5
11:38.5,e2001d8712401320d4a0,2,-55,"174
",5
11:38.5,e2001d8712401320d4a0,2,-55,"177
",5
11:38.6,e2001d8712401320d4a0,2,-55,"168
",5
11:38.6,e2001d8712401320d4a0,2,-55,"171
",5
11:38.6,e2001d8712401320d4a0,2,-55,"177
",5
11:38.7,e2001d8712401320d4a0,2,-55,"171
",5
11:38.7,e2001d8712401320d4a0,2,-55,"174
",5
11:38.9,e2001d8712401320d4a0,2,-50,"174
",5
11:38.9,e2001d8712401320d4a0,2,-51,"174
",5
11:39.2,e2001d8712401320d4a0,2,-49,"174
",5
11:39.1,e2001d8712401320d4a0,2,-50,"174
",5
11:39.2,e2001d8712401320d4a0,2,-49,"171
",5
11:39.2,e2001d8712401320d4a0,2,-49,"174
",5
11:39.3,e2001d8712401320d4a0,2,-49,"171
",5
11:39.5,e2001d8712401320d4a0,2,-49,"171
",5
11:39.6,e2001d8712401320d4a0,2,-50,"174
",5
11:39.7,e2001d8712401320d4a0,2,-50,"171
",5
11:39.7,e2001d8712401320d4a0,2,-49,"168
",5
11:39.9,e2001d8712401320d4a0,2,-49,"171
",5
11:40.0,e2001d8712401320d4a0,2,-49,"171
",5
11:40.1,e2001d8712401320d4a0,2,-49,"171
",5
11:40.2,e2001d8712401320d4a0,2,-49,"171
",5
11:40.5,e2001d8712401320d4a0,2,-49,"171
",5
11:40.5,e2001d8712401320d4a0,2,-53,"174
",5
11:40.6,e2001d8712401320d4a0,2,-53,"174
",5
11:40.7,e2001d8712401320d4a0,2,-53,"174
",5
11:40.7,e2001d8712401320d4a0,2,-53,"174
",5
11:40.7,e2001d8712401320d4a0,2,-53,"171
",5
11:40.8,e2001d8712401320d4a0,2,-53,"174
",5
11:40.8,e2001d8712401320d4a0,2,-52,"174
",5
11:40.9,e2001d8712401320d4a0,2,-52,"174
",5
11:40.9,e2001d8712401320d4a0,2,-52,"171
",5
11:40.9,e2001d8712401320d4a0,2,-52,"171
",5
11:41.0,e2001d8712401320d4a0,2,-52,"171
",5
11:41.0,e2001d8712401320d4a0,2,-52,"168
",5
11:41.3,e2001d8712401320d4a0,2,-52,"174
",5
11:41.1,e2001d8712401320d4a0,2,-51,"171
",5
11:41.2,e2001d8712401320d4a0,2,-51,"171
",5
11:41.2,e2001d8712401320d4a0,2,-51,"171
",5
11:41.3,e2001d8712401320d4a0,2,-51,"174
",5
11:41.3,e2001d8712401320d4a0,2,-51,"174
",5
11:41.3,e2001d8712401320d4a0,2,-50,"174
",5
11:41.4,e2001d8712401320d4a0,2,-49,"174
",5
11:41.5,e2001d8712401320d4a0,2,-49,"174
",5
11:41.9,e2001d8712401320d4a0,2,-46,"174
",5
11:42.3,e2001d8712401320d4a0,2,-47,"174
",5
11:42.4,e2001d8712401320d4a0,2,-49,"171
",5
11:42.4,e2001d8712401320d4a0,2,-49,"171
",5
11:42.6,e2001d8712401320d4a0,2,-49,"174
",5
11:42.6,e2001d8712401320d4a0,2,-47,"174
",5
11:42.6,e2001d8712401320d4a0,2,-49,"174
",5
11:42.9,e2001d8712401320d4a0,2,-49,"168
",5
11:42.9,e2001d8712401320d4a0,2,-49,"174
",5
11:43.7,e2001d8712401320d4a0,2,-49,"171
",5
11:43.2,e2001d8712401320d4a0,2,-52,"168
",5
11:43.3,e2001d8712401320d4a0,2,-52,"171
",5
11:43.3,e2001d8712401320d4a0,2,-53,"171
",5
11:43.3,e2001d8712401320d4a0,2,-53,"168
",5
11:43.4,e2001d8712401320d4a0,2,-53,"168
",5
11:43.4,e2001d8712401320d4a0,2,-53,"171
",5
11:43.4,e2001d8712401320d4a0,2,-52,"174
",5
11:43.5,e2001d8712401320d4a0,2,-52,"174
",5
11:43.5,e2001d8712401320d4a0,2,-52,"168
",5
11:43.6,e2001d8712401320d4a0,2,-52,"174
",5
11:43.6,e2001d8712401320d4a0,2,-52,"174
",5
11:43.6,e2001d8712401320d4a0,2,-52,"171
",5
11:43.7,e2001d8712401320d4a0,2,-50,"171
",5
11:43.8,e2001d8712401320d4a0,2,-50,"174
",5
11:43.8,e2001d8712401320d4a0,2,-50,"171
",5
11:43.8,e2001d8712401320d4a0,2,-50,"174
",5
11:43.9,e2001d8712401320d4a0,2,-51,"174
",5
11:43.9,e2001d8712401320d4a0,2,-50,"171
",5
11:44.0,e2001d8712401320d4a0,2,-51,"174
",5
11:44.3,e2001d8712401320d4a0,2,-50,"177
",5
11:44.1,e2001d8712401320d4a0,2,-52,"174
",5
11:44.2,e2001d8712401320d4a0,2,-52,"171
",5
11:44.3,e2001d8712401320d4a0,2,-52,"174
",5
11:44.3,e2001d8712401320d4a0,2,-51,"171
",5
11:44.4,e2001d8712401320d4a0,2,-51,"174
",5
11:44.8,e2001d8712401320d4a0,2,-51,"168
",5
11:44.8,e2001d8712401320d4a0,2,-51,"174
",5
11:44.9,e2001d8712401320d4a0,2,-51,"171
",5
11:44.9,e2001d8712401320d4a0,2,-51,"171
",5
11:45.0,e2001d8712401320d4a0,2,-51,"171
",5
11:45.2,e2001d8712401320d4a0,2,-51,"174
",5
11:45.7,e2001d8712401320d4a0,2,-49,"168
",5
11:45.3,e2001d8712401320d4a0,2,-49,"174
",5
11:45.3,e2001d8712401320d4a0,2,-47,"171
",5
11:45.4,e2001d8712401320d4a0,2,-46,"174
",5
11:45.5,e2001d8712401320d4a0,2,-49,"174
",5
11:45.6,e2001d8712401320d4a0,2,-51,"174
",5
11:45.7,e2001d8712401320d4a0,2,-50,"171
",5
11:45.8,e2001d8712401320d4a0,2,-49,"171
",5
11:46.7,e2001d8712401320d4a0,2,-49,"174
",5
11:46.1,e2001d8712401320d4a0,2,-49,"174
",5
11:46.2,e2001d8712401320d4a0,2,-50,"171
",5
11:46.3,e2001d8712401320d4a0,2,-49,"174
",5
11:46.4,e2001d8712401320d4a0,2,-49,"174
",5
11:46.4,e2001d8712401320d4a0,2,-49,"174
",5
11:46.5,e2001d8712401320d4a0,2,-49,"174
",5
11:46.6,e2001d8712401320d4a0,2,-49,"174
",5
11:46.6,e2001d8712401320d4a0,2,-49,"171
",5
11:46.7,e2001d8712401320d4a0,2,-49,"171
",5
11:46.8,e2001d8712401320d4a0,2,-47,"174
",5
11:46.8,e2001d8712401320d4a0,2,-46,"174
",5
11:46.9,e2001d8712401320d4a0,2,-46,"174
",5
11:47.2,e2001d8712401320d4a0,2,-50,"174
",5
11:47.2,e2001d8712401320d4a0,2,-51,"171
",5
11:47.2,e2001d8712401320d4a0,2,-52,"174
",5
11:47.3,e2001d8712401320d4a0,2,-51,"174
",5
11:47.4,e2001d8712401320d4a0,2,-49,"174
",5
11:47.5,e2001d8712401320d4a0,2,-46,"174
",5
11:47.7,e2001d8712401320d4a0,2,-47,"174
",5
11:47.8,e2001d8712401320d4a0,2,-49,"174
",5
11:47.8,e2001d8712401320d4a0,2,-49,"174
",5
11:47.9,e2001d8712401320d4a0,2,-49,"174
",5
11:47.9,e2001d8712401320d4a0,2,-47,"174
",5
11:48.0,e2001d8712401320d4a0,2,-47,"174
",5
11:48.3,e2001d8712401320d4a0,2,-47,"174
",5
11:48.2,e2001d8712401320d4a0,2,-49,"171
",5
11:48.2,e2001d8712401320d4a0,2,-49,"174
",5
11:48.3,e2001d8712401320d4a0,2,-49,"168
",5
11:48.3,e2001d8712401320d4a0,2,-49,"171
",5
11:48.3,e2001d8712401320d4a0,2,-50,"174
",5
11:48.6,e2001d8712401320d4a0,2,-49,"174
",5
11:48.7,e2001d8712401320d4a0,2,-52,"171
",5
11:48.8,e2001d8712401320d4a0,2,-52,"168
",5
11:48.8,e2001d8712401320d4a0,2,-52,"171
",5
11:48.8,e2001d8712401320d4a0,2,-52,"174
",5
11:48.9,e2001d8712401320d4a0,2,-52,"171
",5
11:48.9,e2001d8712401320d4a0,2,-52,"177
",5
11:49.0,e2001d8712401320d4a0,2,-52,"174
",5
11:49.0,e2001d8712401320d4a0,2,-52,"174
",5
11:49.5,e2001d8712401320d4a0,2,-52,"174
",5
11:49.1,e2001d8712401320d4a0,2,-52,"174
",5
11:49.2,e2001d8712401320d4a0,2,-52,"168
",5
11:49.2,e2001d8712401320d4a0,2,-52,"174
",5
11:49.2,e2001d8712401320d4a0,2,-52,"171
",5
11:49.3,e2001d8712401320d4a0,2,-52,"171
",5
11:49.3,e2001d8712401320d4a0,2,-52,"174
",5
11:49.4,e2001d8712401320d4a0,2,-52,"171
",5
11:49.4,e2001d8712401320d4a0,2,-52,"174
",5
11:49.6,e2001d8712401320d4a0,2,-50,"171
",5
11:50.0,e2001d8712401320d4a0,2,-49,"174
",5
11:50.0,e2001d8712401320d4a0,2,-51,"171
",5
11:50.8,e2001d8712401320d4a0,2,-49,"174
",5
11:50.1,e2001d8712401320d4a0,2,-49,"174
",5
11:50.2,e2001d8712401320d4a0,2,-46,"171
",5
11:50.3,e2001d8712401320d4a0,2,-47,"174
",5
11:50.4,e2001d8712401320d4a0,2,-47,"174
",5
11:50.5,e2001d8712401320d4a0,2,-49,"174
",5
11:50.8,e2001d8712401320d4a0,2,-49,"171
",5
11:50.9,e2001d8712401320d4a0,2,-49,"174
",5
11:51.1,e2001d8712401320d4a0,2,-49,"174
",5
11:51.2,e2001d8712401320d4a0,2,-49,"174
",5
11:51.3,e2001d8712401320d4a0,2,-49,"171
",5
11:51.4,e2001d8712401320d4a0,2,-49,"171
",5
11:51.5,e2001d8712401320d4a0,2,-47,"174
",5
11:51.5,e2001d8712401320d4a0,2,-47,"174
",5
11:51.6,e2001d8712401320d4a0,2,-47,"174
",5
11:52.0,e2001d8712401320d4a0,2,-47,"174
",5
11:52.2,e2001d8712401320d4a0,2,-47,"174
",5
11:52.2,e2001d8712401320d4a0,2,-50,"174
",5
11:52.2,e2001d8712401320d4a0,2,-50,"171
",5
11:52.3,e2001d8712401320d4a0,2,-51,"174
",5
11:52.4,e2001d8712401320d4a0,2,-51,"171
",5
11:52.4,e2001d8712401320d4a0,2,-51,"168
",5
11:52.6,e2001d8712401320d4a0,2,-49,"174
",5
11:52.6,e2001d8712401320d4a0,2,-49,"174
",5
11:52.6,e2001d8712401320d4a0,2,-49,"171
",5
11:53.2,e2001d8712401320d4a0,2,-49,"174
",5
11:53.1,e2001d8712401320d4a0,2,-49,"174
",5
11:53.2,e2001d8712401320d4a0,2,-49,"171
",5
11:53.2,e2001d8712401320d4a0,2,-49,"171
",5
11:53.2,e2001d8712401320d4a0,2,-49,"174
",5
11:53.4,e2001d8712401320d4a0,2,-49,"168
",5
11:53.5,e2001d8712401320d4a0,2,-49,"174
",5
11:53.6,e2001d8712401320d4a0,2,-49,"174
",5
11:53.6,e2001d8712401320d4a0,2,-49,"171
",5
11:53.9,e2001d8712401320d4a0,2,-49,"174
",5
11:53.9,e2001d8712401320d4a0,2,-49,"171
",5
11:54.5,e2001d8712401320d4a0,2,-49,"174
",5
11:54.8,e2001d8712401320d4a0,2,-49,"171
",5
11:54.1,e2001d8712401320d4a0,2,-49,"171
",5
11:54.2,e2001d8712401320d4a0,2,-49,"171
",5
11:54.2,e2001d8712401320d4a0,2,-49,"174
",5
11:54.2,e2001d8712401320d4a0,2,-49,"174
",5
11:54.3,e2001d8712401320d4a0,2,-49,"171
",5
11:54.4,e2001d8712401320d4a0,2,-49,"171
",5
11:54.5,e2001d8712401320d4a0,2,-49,"174
",5
11:54.7,e2001d8712401320d4a0,2,-51,"171
",5
11:54.8,e2001d8712401320d4a0,2,-50,"171
",5
11:54.9,e2001d8712401320d4a0,2,-49,"174
",5
11:54.9,e2001d8712401320d4a0,2,-47,"174
",5
11:55.0,e2001d8712401320d4a0,2,-47,"171
",5
11:55.2,e2001d8712401320d4a0,2,-49,"171
",5
11:55.5,e2001d8712401320d4a0,2,-49,"174
",5
11:55.8,e2001d8712401320d4a0,2,-49,"174
",5
11:55.1,e2001d8712401320d4a0,2,-50,"171
",5
11:55.1,e2001d8712401320d4a0,2,-50,"174
",5
11:55.2,e2001d8712401320d4a0,2,-51,"171
",5
11:55.2,e2001d8712401320d4a0,2,-52,"171
",5
11:55.3,e2001d8712401320d4a0,2,-55,"174
",5
11:55.3,e2001d8712401320d4a0,2,-55,"174
",5
11:55.4,e2001d8712401320d4a0,2,-55,"174
",5
11:55.4,e2001d8712401320d4a0,2,-52,"174
",5
11:55.5,e2001d8712401320d4a0,2,-52,"174
",5
11:55.5,e2001d8712401320d4a0,2,-52,"171
",5
11:55.6,e2001d8712401320d4a0,2,-52,"174
",5
11:55.6,e2001d8712401320d4a0,2,-53,"171
",5
11:55.7,e2001d8712401320d4a0,2,-55,"174
",5
11:55.8,e2001d8712401320d4a0,2,-55,"174
",5
11:55.8,e2001d8712401320d4a0,2,-55,"174
",5
11:55.9,e2001d8712401320d4a0,2,-57,"171
",5
11:55.9,e2001d8712401320d4a0,2,-57,"171
",5
11:56.0,e2001d8712401320d4a0,2,-57,"168
",5
12:05.7,e2001d8712401320d4a0,2,-55,"174
",2
12:05.7,e2001d8712401320d4a0,2,-55,"174
",2
12:05.9,e2001d8712401320d4a0,2,-53,"171
",2
12:06.0,e2001d8712401320d4a0,2,-51,"171
",2
12:06.5,e2001d8712401320d4a0,2,-52,"174
",2
12:06.8,e2001d8712401320d4a0,2,-51,"171
",2
12:06.1,e2001d8712401320d4a0,2,-52,"174
",2
12:06.2,e2001d8712401320d4a0,2,-52,"171
",2
12:06.2,e2001d8712401320d4a0,2,-52,"171
",2
12:06.2,e2001d8712401320d4a0,2,-52,"174
",2
12:06.3,e2001d8712401320d4a0,2,-52,"171
",2
12:06.4,e2001d8712401320d4a0,2,-52,"171
",2
12:06.4,e2001d8712401320d4a0,2,-53,"168
",2
12:06.5,e2001d8712401320d4a0,2,-52,"174
",2
12:06.5,e2001d8712401320d4a0,2,-53,"174
",2
12:06.5,e2001d8712401320d4a0,2,-52,"171
",2
12:06.6,e2001d8712401320d4a0,2,-52,"174
",2
12:06.6,e2001d8712401320d4a0,2,-52,"174
",2
12:06.7,e2001d8712401320d4a0,2,-52,"165
",2
12:06.7,e2001d8712401320d4a0,2,-52,"171
",2
12:06.9,e2001d8712401320d4a0,2,-52,"174
",2
12:07.1,e2001d8712401320d4a0,2,-55,"171
",2
12:07.2,e2001d8712401320d4a0,2,-55,"171
",2
12:07.3,e2001d8712401320d4a0,2,-55,"174
",2
12:07.3,e2001d8712401320d4a0,2,-55,"171
",2
12:07.5,e2001d8712401320d4a0,2,-55,"171
",2
12:07.7,e2001d8712401320d4a0,2,-53,"171
",2
12:07.8,e2001d8712401320d4a0,2,-52,"171
",2
12:07.9,e2001d8712401320d4a0,2,-52,"171
",2
12:08.2,e2001d8712401320d4a0,2,-52,"171
",2
12:08.5,e2001d8712401320d4a0,2,-52,"174
",2
12:08.1,e2001d8712401320d4a0,2,-52,"174
",2
12:08.2,e2001d8712401320d4a0,2,-52,"171
",2
12:08.2,e2001d8712401320d4a0,2,-52,"171
",2
12:08.3,e2001d8712401320d4a0,2,-53,"171
",2
12:08.5,e2001d8712401320d4a0,2,-52,"171
",2
12:08.5,e2001d8712401320d4a0,2,-52,"174
",2
12:08.7,e2001d8712401320d4a0,2,-53,"171
",2
12:08.8,e2001d8712401320d4a0,2,-53,"174
",2
12:15.8,e2001d8712401320d4a0,2,-52,"168
",6
12:15.9,e2001d8712401320d4a0,2,-52,"171
",6
12:16.0,e2001d8712401320d4a0,2,-56,"171
",6
12:16.5,e2001d8712401320d4a0,2,-53,"171
",6
12:16.1,e2001d8712401320d4a0,2,-52,"171
",6
12:16.2,e2001d8712401320d4a0,2,-52,"171
",6
12:16.2,e2001d8712401320d4a0,2,-52,"174
",6
12:16.3,e2001d8712401320d4a0,2,-55,"168
",6
12:16.4,e2001d8712401320d4a0,2,-55,"171
",6
12:16.4,e2001d8712401320d4a0,2,-55,"168
",6
12:16.4,e2001d8712401320d4a0,2,-55,"174
",6
12:16.5,e2001d8712401320d4a0,2,-55,"174
",6
12:16.5,e2001d8712401320d4a0,2,-55,"171
",6
12:16.6,e2001d8712401320d4a0,2,-53,"174
",6
12:16.6,e2001d8712401320d4a0,2,-53,"171
",6
12:16.7,e2001d8712401320d4a0,2,-52,"171
",6
12:17.0,e2001d8712401320d4a0,2,-55,"174
",6
12:17.0,e2001d8712401320d4a0,2,-52,"171
",6
12:17.8,e2001d8712401320d4a0,2,-52,"174
",6
12:17.2,e2001d8712401320d4a0,2,-52,"174
",6
12:17.4,e2001d8712401320d4a0,2,-55,"174
",6
12:17.4,e2001d8712401320d4a0,2,-55,"171
",6
12:17.5,e2001d8712401320d4a0,2,-55,"174
",6
12:17.6,e2001d8712401320d4a0,2,-52,"174
",6
12:17.8,e2001d8712401320d4a0,2,-52,"174
",6
12:18.1,e2001d8712401320d4a0,2,-55,"171
",6
12:18.1,e2001d8712401320d4a0,2,-53,"171
",6
12:18.2,e2001d8712401320d4a0,2,-55,"171
",6
12:18.2,e2001d8712401320d4a0,2,-55,"168
",6
12:18.3,e2001d8712401320d4a0,2,-51,"171
",6
12:18.4,e2001d8712401320d4a0,2,-52,"174
",6
12:18.0,e2001d8712401320d4a0,2,-52,"171
",6
12:18.1,e2001d8712401320d4a0,2,-53,"177
",6
12:18.1,e2001d8712401320d4a0,2,-53,"168
",6
12:18.1,e2001d8712401320d4a0,2,-55,"174
",6
12:18.1,e2001d8712401320d4a0,2,-53,"171
",6
12:18.1,e2001d8712401320d4a0,2,-52,"171
",6
12:18.1,e2001d8712401320d4a0,2,-53,"171
",6
12:18.1,e2001d8712401320d4a0,2,-55,"171
",6
12:18.1,e2001d8712401320d4a0,2,-55,"171
",6
12:19.5,e2001d8712401320d4a0,2,-53,"174
",6
12:19.8,e2001d8712401320d4a0,2,-53,"171
",6
12:19.3,e2001d8712401320d4a0,2,-52,"174
",6
12:19.3,e2001d8712401320d4a0,2,-52,"168
",6
12:19.4,e2001d8712401320d4a0,2,-52,"174
",6
12:19.6,e2001d8712401320d4a0,2,-52,"174
",6
12:19.6,e2001d8712401320d4a0,2,-52,"168
",6
12:19.7,e2001d8712401320d4a0,2,-52,"168
",6
12:19.8,e2001d8712401320d4a0,2,-52,"174
",6
12:19.8,e2001d8712401320d4a0,2,-52,"171
",6
12:19.9,e2001d8712401320d4a0,2,-52,"171
",6
12:19.9,e2001d8712401320d4a0,2,-52,"177
",6
12:20.7,e2001d8712401320d4a0,2,-57,"174
",6
12:20.8,e2001d8712401320d4a0,2,-55,"171
",6
12:20.1,e2001d8712401320d4a0,2,-52,"174
",6
12:20.3,e2001d8712401320d4a0,2,-55,"168
",6
12:20.5,e2001d8712401320d4a0,2,-55,"171
",6
12:20.7,e2001d8712401320d4a0,2,-52,"171
",6
12:20.8,e2001d8712401320d4a0,2,-52,"174
",6
12:20.9,e2001d8712401320d4a0,2,-51,"174
",6
12:21.1,e2001d8712401320d4a0,2,-55,"171
",6
12:21.2,e2001d8712401320d4a0,2,-52,"174
",6
12:21.3,e2001d8712401320d4a0,2,-53,"171
",6
12:21.3,e2001d8712401320d4a0,2,-52,"174
",6
12:21.4,e2001d8712401320d4a0,2,-53,"174
",6
12:21.4,e2001d8712401320d4a0,2,-53,"168
",6
12:21.6,e2001d8712401320d4a0,2,-52,"174
",6
12:21.6,e2001d8712401320d4a0,2,-52,"174
",6
12:21.7,e2001d8712401320d4a0,2,-52,"174
",6
12:21.8,e2001d8712401320d4a0,2,-52,"174
",6
12:21.9,e2001d8712401320d4a0,2,-55,"174
",6
12:22.1,e2001d8712401320d4a0,2,-55,"168
",6
12:22.1,e2001d8712401320d4a0,2,-55,"174
",6
12:22.2,e2001d8712401320d4a0,2,-55,"171
",6
12:22.3,e2001d8712401320d4a0,2,-55,"174
",6
12:22.3,e2001d8712401320d4a0,2,-55,"174
",6
12:22.4,e2001d8712401320d4a0,2,-55,"174
",6
12:22.4,e2001d8712401320d4a0,2,-55,"171
",6
12:22.4,e2001d8712401320d4a0,2,-55,"174
",6
12:22.5,e2001d8712401320d4a0,2,-52,"171
",6
12:22.6,e2001d8712401320d4a0,2,-52,"174
",6
12:22.6,e2001d8712401320d4a0,2,-51,"171
",6
12:22.8,e2001d8712401320d4a0,2,-53,"174
",6
12:23.8,e2001d8712401320d4a0,2,-53,"174
",6
12:23.1,e2001d8712401320d4a0,2,-52,"171
",6
12:23.2,e2001d8712401320d4a0,2,-52,"171
",6
12:23.3,e2001d8712401320d4a0,2,-52,"168
",6
12:23.3,e2001d8712401320d4a0,2,-52,"171
",6
12:23.4,e2001d8712401320d4a0,2,-52,"171
",6
12:23.4,e2001d8712401320d4a0,2,-52,"177
",6
12:23.7,e2001d8712401320d4a0,2,-52,"174
",6
12:23.8,e2001d8712401320d4a0,2,-53,"174
",6
12:23.8,e2001d8712401320d4a0,2,-53,"174
",6
12:23.9,e2001d8712401320d4a0,2,-52,"171
",6
12:24.3,e2001d8712401320d4a0,2,-55,"171
",6
12:24.1,e2001d8712401320d4a0,2,-55,"168
",6
12:24.1,e2001d8712401320d4a0,2,-52,"174
",6
12:24.2,e2001d8712401320d4a0,2,-55,"171
",6
12:24.3,e2001d8712401320d4a0,2,-53,"171
",6
12:24.4,e2001d8712401320d4a0,2,-52,"174
",6
12:24.5,e2001d8712401320d4a0,2,-53,"171
",6
12:24.6,e2001d8712401320d4a0,2,-51,"174
",6
12:24.7,e2001d8712401320d4a0,2,-50,"171
",6
12:24.8,e2001d8712401320d4a0,2,-51,"174
",6
12:24.8,e2001d8712401320d4a0,2,-51,"174
",6
12:24.9,e2001d8712401320d4a0,2,-52,"174
",6
12:25.0,e2001d8712401320d4a0,2,-57,"171
",6
12:25.1,e2001d8712401320d4a0,2,-52,"174
",6
12:25.2,e2001d8712401320d4a0,2,-52,"168
",6
12:25.2,e2001d8712401320d4a0,2,-53,"174
",6
12:25.3,e2001d8712401320d4a0,2,-52,"174
",6
12:25.4,e2001d8712401320d4a0,2,-52,"174
",6
12:25.6,e2001d8712401320d4a0,2,-51,"171
",6
12:25.6,e2001d8712401320d4a0,2,-51,"174
",6
12:25.6,e2001d8712401320d4a0,2,-51,"171
",6
12:25.8,e2001d8712401320d4a0,2,-52,"174
",6
12:25.9,e2001d8712401320d4a0,2,-53,"171
",6
12:26.0,e2001d8712401320d4a0,2,-52,"171
",6
12:26.5,e2001d8712401320d4a0,2,-51,"174
",6
12:26.1,e2001d8712401320d4a0,2,-51,"174
",6
12:26.2,e2001d8712401320d4a0,2,-51,"168
",6
12:26.3,e2001d8712401320d4a0,2,-52,"174
",6
12:26.3,e2001d8712401320d4a0,2,-52,"171
",6
12:26.3,e2001d8712401320d4a0,2,-53,"171
",6
12:26.5,e2001d8712401320d4a0,2,-53,"174
",6
12:26.5,e2001d8712401320d4a0,2,-51,"174
",6
12:26.6,e2001d8712401320d4a0,2,-51,"174
",6
12:26.7,e2001d8712401320d4a0,2,-50,"174
",6
12:26.7,e2001d8712401320d4a0,2,-51,"174
",6
12:26.8,e2001d8712401320d4a0,2,-51,"174
",6
12:26.8,e2001d8712401320d4a0,2,-52,"171
",6
12:27.7,e2001d8712401320d4a0,2,-52,"168
",6
12:27.1,e2001d8712401320d4a0,2,-52,"174
",6
12:27.2,e2001d8712401320d4a0,2,-52,"174
",6
12:27.3,e2001d8712401320d4a0,2,-53,"174
",6
12:27.4,e2001d8712401320d4a0,2,-55,"171
",6
12:27.4,e2001d8712401320d4a0,2,-55,"174
",6
12:27.5,e2001d8712401320d4a0,2,-52,"171
",6
12:27.6,e2001d8712401320d4a0,2,-52,"174
",6
12:27.7,e2001d8712401320d4a0,2,-56,"171
",6
12:27.8,e2001d8712401320d4a0,2,-52,"171
",6
12:28.0,e2001d8712401320d4a0,2,-53,"174
",6
12:28.0,e2001d8712401320d4a0,2,-53,"171
",6
12:28.3,e2001d8712401320d4a0,2,-55,"174
",6
12:28.8,e2001d8712401320d4a0,2,-55,"171
",6
12:28.1,e2001d8712401320d4a0,2,-53,"171
",6
12:28.2,e2001d8712401320d4a0,2,-55,"171
",6
12:28.3,e2001d8712401320d4a0,2,-55,"174
",6
12:28.4,e2001d8712401320d4a0,2,-55,"174
",6
12:28.4,e2001d8712401320d4a0,2,-53,"174
",6
12:28.5,e2001d8712401320d4a0,2,-51,"171
",6
12:28.6,e2001d8712401320d4a0,2,-51,"174
",6
12:28.6,e2001d8712401320d4a0,2,-49,"171
",6
12:28.7,e2001d8712401320d4a0,2,-51,"174
",6
12:28.7,e2001d8712401320d4a0,2,-52,"171
",6
12:29.0,e2001d8712401320d4a0,2,-55,"171
",6
12:29.8,e2001d8712401320d4a0,2,-52,"174
",6
12:29.1,e2001d8712401320d4a0,2,-52,"174
",6
12:29.1,e2001d8712401320d4a0,2,-52,"171
",6
12:29.2,e2001d8712401320d4a0,2,-55,"174
",6
12:29.3,e2001d8712401320d4a0,2,-55,"168
",6
12:29.4,e2001d8712401320d4a0,2,-55,"174
",6
12:29.4,e2001d8712401320d4a0,2,-52,"174
",6
12:29.5,e2001d8712401320d4a0,2,-52,"171
",6
12:29.5,e2001d8712401320d4a0,2,-53,"174
",6
12:29.6,e2001d8712401320d4a0,2,-53,"171
",6
12:29.6,e2001d8712401320d4a0,2,-55,"171
",6
12:29.7,e2001d8712401320d4a0,2,-55,"174
",6
12:29.8,e2001d8712401320d4a0,2,-56,"174
",6
12:29.9,e2001d8712401320d4a0,2,-56,"174
",6
12:30.0,e2001d8712401320d4a0,2,-56,"174
",6
12:30.1,e2001d8712401320d4a0,2,-55,"0
",6
12:30.1,e2001d8712401320d4a0,2,-55,"171
",6
12:30.2,e2001d8712401320d4a0,2,-58,"174
",6
12:30.2,e2001d8712401320d4a0,2,-58,"171
",6
12:30.4,e2001d8712401320d4a0,2,-58,"2
",6
12:30.5,e2001d8712401320d4a0,2,-57,"171
",6
12:30.5,e2001d8712401320d4a0,2,-58,"171
",6
12:30.5,e2001d8712401320d4a0,2,-57,"177
",6
12:30.6,e2001d8712401320d4a0,2,-57,"174
",6
12:30.6,e2001d8712401320d4a0,2,-56,"168
",6
12:30.7,e2001d8712401320d4a0,2,-55,"174
",6
12:30.7,e2001d8712401320d4a0,2,-55,"168
",6
12:30.8,e2001d8712401320d4a0,2,-52,"174
",6
12:30.9,e2001d8712401320d4a0,2,-52,"171
",6
12:31.0,e2001d8712401320d4a0,2,-52,"168
",6
12:31.2,e2001d8712401320d4a0,2,-55,"171
",6
12:31.2,e2001d8712401320d4a0,2,-55,"171
",6
12:31.3,e2001d8712401320d4a0,2,-55,"168
",6
12:31.3,e2001d8712401320d4a0,2,-55,"171
",6
12:31.3,e2001d8712401320d4a0,2,-55,"174
",6
12:31.4,e2001d8712401320d4a0,2,-55,"177
",6
12:31.5,e2001d8712401320d4a0,2,-52,"174
",6
12:31.6,e2001d8712401320d4a0,2,-52,"174
",6
12:31.6,e2001d8712401320d4a0,2,-53,"174
",6
12:31.6,e2001d8712401320d4a0,2,-53,"168
",6
12:31.7,e2001d8712401320d4a0,2,-55,"174
",6
12:31.7,e2001d8712401320d4a0,2,-55,"171
",6
12:31.8,e2001d8712401320d4a0,2,-55,"171
",6
12:31.8,e2001d8712401320d4a0,2,-55,"174
",6
12:31.8,e2001d8712401320d4a0,2,-57,"171
",6
12:31.9,e2001d8712401320d4a0,2,-57,"171
",6
12:31.9,e2001d8712401320d4a0,2,-58,"168
",6
12:31.9,e2001d8712401320d4a0,2,-58,"171
",6
12:32.4,e2001d8712401320d4a0,2,-58,"171
",6
12:32.8,e2001d8712401320d4a0,2,-58,"174
",6
12:32.9,e2001d8712401320d4a0,2,-58,"171
",6
12:32.9,e2001d8712401320d4a0,2,-58,"168
",6
12:33.0,e2001d8712401320d4a0,2,-58,"174
",6
12:33.2,e2001d8712401320d4a0,2,-57,"174
",6
12:33.5,e2001d8712401320d4a0,2,-57,"174
",6
12:33.7,e2001d8712401320d4a0,2,-58,"174
",6
12:33.2,e2001d8712401320d4a0,2,-57,"171
",6
12:33.2,e2001d8712401320d4a0,2,-56,"174
",6
12:33.2,e2001d8712401320d4a0,2,-56,"174
",6
12:33.4,e2001d8712401320d4a0,2,-55,"174
",6
12:33.7,e2001d8712401320d4a0,2,-55,"171
",6
12:33.8,e2001d8712401320d4a0,2,-56,"171
",6
12:34.7,e2001d8712401320d4a0,2,-57,"168
",6
12:34.8,e2001d8712401320d4a0,2,-57,"171
",6
12:34.8,e2001d8712401320d4a0,2,-56,"171
",6
12:34.9,e2001d8712401320d4a0,2,-56,"174
",6
12:34.9,e2001d8712401320d4a0,2,-55,"171
",6
12:35.0,e2001d8712401320d4a0,2,-56,"174
",6
12:35.2,e2001d8712401320d4a0,2,-55,"171
",6
12:35.7,e2001d8712401320d4a0,2,-55,"171
",6
12:35.1,e2001d8712401320d4a0,2,-56,"174
",6
12:35.4,e2001d8712401320d4a0,2,-58,"174
",6
12:37.4,e2001d8712401320d4a0,2,-58,"171
",7
12:37.5,e2001d8712401320d4a0,2,-58,"171
",7
12:37.5,e2001d8712401320d4a0,2,-57,"174
",7
12:37.6,e2001d8712401320d4a0,2,-58,"177
",7
12:38.3,e2001d8712401320d4a0,2,-58,"171
",7
12:38.3,e2001d8712401320d4a0,2,-57,"171
",7
12:39.1,e2001d8712401320d4a0,2,-55,"174
",7
12:39.2,e2001d8712401320d4a0,2,-55,"171
",7
12:39.3,e2001d8712401320d4a0,2,-55,"174
",7
12:39.3,e2001d8712401320d4a0,2,-55,"174
",7
12:39.4,e2001d8712401320d4a0,2,-56,"174
",7
12:39.5,e2001d8712401320d4a0,2,-55,"171
",7
12:39.6,e2001d8712401320d4a0,2,-55,"174
",7
12:39.6,e2001d8712401320d4a0,2,-55,"171
",7
12:39.7,e2001d8712401320d4a0,2,-56,"174
",7
12:39.8,e2001d8712401320d4a0,2,-55,"171
",7
12:39.9,e2001d8712401320d4a0,2,-58,"171
",7
12:41.0,e2001d8712401320d4a0,2,-58,"174
",7
12:41.3,e2001d8712401320d4a0,2,-57,"174
",7
12:41.1,e2001d8712401320d4a0,2,-55,"174
",7
12:41.3,e2001d8712401320d4a0,2,-53,"174
",7
12:41.4,e2001d8712401320d4a0,2,-55,"174
",7
12:41.4,e2001d8712401320d4a0,2,-53,"171
",7
12:41.4,e2001d8712401320d4a0,2,-53,"177
",7
12:41.6,e2001d8712401320d4a0,2,-53,"174
",7
12:41.6,e2001d8712401320d4a0,2,-55,"171
",7
12:41.6,e2001d8712401320d4a0,2,-55,"171
",7
12:41.7,e2001d8712401320d4a0,2,-55,"171
",7
12:41.9,e2001d8712401320d4a0,2,-57,"174
",7
12:42.2,e2001d8712401320d4a0,2,-57,"171
",7
12:42.2,e2001d8712401320d4a0,2,-57,"171
",7
12:42.3,e2001d8712401320d4a0,2,-57,"174
",7
12:42.3,e2001d8712401320d4a0,2,-58,"171
",7
12:42.4,e2001d8712401320d4a0,2,-57,"168
",7
12:42.4,e2001d8712401320d4a0,2,-58,"174
",7
12:42.5,e2001d8712401320d4a0,2,-57,"174
",7
12:42.6,e2001d8712401320d4a0,2,-57,"174
",7
12:42.8,e2001d8712401320d4a0,2,-58,"174
",7
12:42.8,e2001d8712401320d4a0,2,-58,"174
",7
12:42.9,e2001d8712401320d4a0,2,-58,"171
",7
12:42.9,e2001d8712401320d4a0,2,-57,"174
",7
12:43.0,e2001d8712401320d4a0,2,-56,"171
",7
12:43.2,e2001d8712401320d4a0,2,-55,"171
",7
12:43.6,e2001d8712401320d4a0,2,-55,"168
",7
12:43.3,e2001d8712401320d4a0,2,-52,"168
",7
12:43.3,e2001d8712401320d4a0,2,-52,"168
",7
12:43.4,e2001d8712401320d4a0,2,-52,"171
",7
12:43.5,e2001d8712401320d4a0,2,-53,"174
",7
12:43.6,e2001d8712401320d4a0,2,-55,"174
",7
12:43.6,e2001d8712401320d4a0,2,-55,"174
",7
12:44.8,e2001d8712401320d4a0,2,-57,"174
",7
12:44.2,e2001d8712401320d4a0,2,-58,"171
",7
12:44.3,e2001d8712401320d4a0,2,-57,"171
",7
12:44.8,e2001d8712401320d4a0,2,-58,"174
",7
12:44.8,e2001d8712401320d4a0,2,-57,"171
",7
12:44.9,e2001d8712401320d4a0,2,-57,"174
",7
12:45.5,e2001d8712401320d4a0,2,-57,"168
",7
12:45.3,e2001d8712401320d4a0,2,-55,"168
",7
12:45.3,e2001d8712401320d4a0,2,-53,"174
",7
12:45.4,e2001d8712401320d4a0,2,-55,"174
",7
12:45.4,e2001d8712401320d4a0,2,-55,"174
",7
12:45.5,e2001d8712401320d4a0,2,-55,"171
",7
12:45.6,e2001d8712401320d4a0,2,-55,"174
",7
12:45.6,e2001d8712401320d4a0,2,-55,"174
",7
12:45.6,e2001d8712401320d4a0,2,-55,"171
",7
12:45.7,e2001d8712401320d4a0,2,-58,"171
",7
12:45.8,e2001d8712401320d4a0,2,-58,"174
",7
12:46.8,e2001d8712401320d4a0,2,-58,"171
",7
12:46.2,e2001d8712401320d4a0,2,-58,"174
",7
12:46.3,e2001d8712401320d4a0,2,-57,"174
",7
12:46.4,e2001d8712401320d4a0,2,-57,"168
",7
12:47.0,e2001d8712401320d4a0,2,-58,"0
",7
12:47.0,e2001d8712401320d4a0,2,-58,"171
",7
12:47.0,e2001d8712401320d4a0,2,-58,"171
",7
12:47.7,e2001d8712401320d4a0,2,-57,"168
",7
12:47.1,e2001d8712401320d4a0,2,-58,"168
",7
12:47.2,e2001d8712401320d4a0,2,-58,"174
",7
12:47.2,e2001d8712401320d4a0,2,-57,"171
",7
12:47.2,e2001d8712401320d4a0,2,-57,"171
",7
12:47.3,e2001d8712401320d4a0,2,-55,"171
",7
12:47.3,e2001d8712401320d4a0,2,-55,"171
",7
12:47.4,e2001d8712401320d4a0,2,-55,"174
",7
12:47.5,e2001d8712401320d4a0,2,-55,"174
",7
12:47.5,e2001d8712401320d4a0,2,-55,"171
",7
12:47.5,e2001d8712401320d4a0,2,-55,"171
",7
12:47.6,e2001d8712401320d4a0,2,-56,"174
",7
12:47.6,e2001d8712401320d4a0,2,-55,"168
",7
12:47.7,e2001d8712401320d4a0,2,-58,"177
",7
12:48.1,e2001d8712401320d4a0,2,-58,"171
",7
12:48.4,e2001d8712401320d4a0,2,-57,"171
",7
12:48.4,e2001d8712401320d4a0,2,-57,"171
",7
12:48.5,e2001d8712401320d4a0,2,-57,"174
",7
12:49.1,e2001d8712401320d4a0,2,-58,"177
",7
12:49.2,e2001d8712401320d4a0,2,-58,"171
",7
12:49.4,e2001d8712401320d4a0,2,-58,"171
",7
12:49.5,e2001d8712401320d4a0,2,-58,"174
",7
12:49.5,e2001d8712401320d4a0,2,-58,"174
",7
12:49.5,e2001d8712401320d4a0,2,-58,"174
",7
12:49.6,e2001d8712401320d4a0,2,-58,"171
",7
12:49.6,e2001d8712401320d4a0,2,-57,"165
",7
12:49.6,e2001d8712401320d4a0,2,-57,"171
",7
12:49.7,e2001d8712401320d4a0,2,-55,"174
",7
12:49.8,e2001d8712401320d4a0,2,-56,"168
",7
12:49.8,e2001d8712401320d4a0,2,-56,"177
",7
12:50.2,e2001d8712401320d4a0,2,-58,"171
",7
12:50.2,e2001d8712401320d4a0,2,-58,"171
",7
12:51.1,e2001d8712401320d4a0,2,-58,"171
",7
12:51.2,e2001d8712401320d4a0,2,-55,"174
",7
12:51.2,e2001d8712401320d4a0,2,-55,"171
",7
12:51.3,e2001d8712401320d4a0,2,-55,"171
",7
12:51.3,e2001d8712401320d4a0,2,-52,"174
",7
12:51.3,e2001d8712401320d4a0,2,-52,"171
",7
12:51.4,e2001d8712401320d4a0,2,-52,"174
",7
12:51.4,e2001d8712401320d4a0,2,-51,"174
",7
12:51.4,e2001d8712401320d4a0,2,-50,"174
",7
12:51.4,e2001d8712401320d4a0,2,-49,"171
",7
12:51.5,e2001d8712401320d4a0,2,-49,"174
",7
12:51.6,e2001d8712401320d4a0,2,-47,"168
",7
12:51.6,e2001d8712401320d4a0,2,-46,"174
",7
12:51.6,e2001d8712401320d4a0,2,-45,"174
",7
12:51.9,e2001d8712401320d4a0,2,-46,"174
",7
12:51.9,e2001d8712401320d4a0,2,-49,"171
",7
12:52.0,e2001d8712401320d4a0,2,-49,"174
",7
12:52.2,e2001d8712401320d4a0,2,-51,"171
",7
12:52.3,e2001d8712401320d4a0,2,-46,"174
",7
12:52.4,e2001d8712401320d4a0,2,-46,"174
",7
12:52.5,e2001d8712401320d4a0,2,-47,"171
",7
12:52.5,e2001d8712401320d4a0,2,-47,"174
",7
12:52.7,e2001d8712401320d4a0,2,-47,"174
",7
12:52.7,e2001d8712401320d4a0,2,-46,"171
",7
12:52.8,e2001d8712401320d4a0,2,-46,"171
",7
12:52.9,e2001d8712401320d4a0,2,-46,"171
",7
12:52.9,e2001d8712401320d4a0,2,-46,"174
",7
12:53.0,e2001d8712401320d4a0,2,-47,"174
",7
12:53.5,e2001d8712401320d4a0,2,-47,"171
",7
12:53.1,e2001d8712401320d4a0,2,-49,"171
",7
12:53.2,e2001d8712401320d4a0,2,-49,"171
",7
12:53.4,e2001d8712401320d4a0,2,-50,"171
",7
12:53.5,e2001d8712401320d4a0,2,-50,"174
",7
12:53.6,e2001d8712401320d4a0,2,-50,"174
",7
12:53.6,e2001d8712401320d4a0,2,-47,"174
",7
12:53.7,e2001d8712401320d4a0,2,-47,"171
",7
12:53.8,e2001d8712401320d4a0,2,-47,"171
",7
12:53.8,e2001d8712401320d4a0,2,-47,"174
",7
12:53.9,e2001d8712401320d4a0,2,-47,"174
",7
12:54.0,e2001d8712401320d4a0,2,-47,"174
",7
12:54.3,e2001d8712401320d4a0,2,-49,"168
",7
12:54.3,e2001d8712401320d4a0,2,-49,"174
",7
12:54.7,e2001d8712401320d4a0,2,-47,"177
",7
12:54.7,e2001d8712401320d4a0,2,-47,"174
",7
12:54.7,e2001d8712401320d4a0,2,-47,"174
",7
12:54.8,e2001d8712401320d4a0,2,-47,"174
",7
12:54.8,e2001d8712401320d4a0,2,-47,"171
",7
12:54.9,e2001d8712401320d4a0,2,-47,"171
",7
12:55.0,e2001d8712401320d4a0,2,-47,"171
",7
12:55.2,e2001d8712401320d4a0,2,-50,"174
",7
12:55.3,e2001d8712401320d4a0,2,-50,"174
",7
12:55.4,e2001d8712401320d4a0,2,-49,"174
",7
12:55.6,e2001d8712401320d4a0,2,-49,"174
",7
