,time,activity,mean,variance
0,05:32.0,1,-51,0
1,05:31.1,1,-51,0
2,05:31.3,1,-51,0
3,05:31.4,1,-51,0
4,05:31.4,1,-50,1
5,05:31.6,1,-50,1
6,05:31.7,1,-49,0
7,05:31.7,1,-50,0
8,05:31.8,1,-50,0
9,05:31.9,1,-49,0
10,05:32.2,1,-50,0
11,05:32.1,1,-50,1
12,05:32.2,1,-51,0
13,05:32.3,1,-51,0
14,05:32.4,1,-51,1
15,05:32.5,1,-50,0
16,05:32.6,1,-51,0
17,05:32.7,1,-50,0
18,05:32.8,1,-51,0
19,05:32.9,1,-51,0
20,05:33.0,1,-52,0
21,05:33.5,1,-51,0
22,05:33.2,1,-51,0
23,05:33.3,1,-51,0
24,05:33.4,1,-51,0
25,05:33.4,1,-51,0
26,05:33.5,1,-51,0
27,05:33.6,1,-51,0
28,05:33.7,1,-51,0
29,05:33.8,1,-51,0
30,05:33.9,1,-51,0
31,05:34.0,1,-51,0
32,05:34.8,1,-51,0
33,05:34.2,1,-51,0
34,05:34.3,1,-51,0
35,05:34.4,1,-49,0
36,05:34.5,1,-49,0
37,05:34.6,1,-49,0
38,05:34.7,1,-50,0
39,05:34.8,1,-50,1
40,05:34.9,1,-49,0
41,05:35.0,1,-51,0
42,05:35.7,1,-50,1
43,05:35.2,1,-50,0
44,05:35.3,1,-50,1
45,05:35.4,1,-49,0
46,05:35.5,1,-49,0
47,05:35.6,1,-49,0
48,05:35.7,1,-49,0
49,05:35.8,1,-50,0
50,05:35.9,1,-50,0
51,05:36.0,1,-51,0
52,05:36.7,1,-51,0
53,05:36.2,1,-51,0
54,05:36.4,1,-51,0
55,05:36.5,1,-51,0
56,05:36.6,1,-51,0
57,05:36.7,1,-50,0
58,05:36.8,1,-50,0
59,05:36.9,1,-50,0
60,05:37.0,1,-51,0
61,05:37.8,1,-51,0
62,05:37.2,1,-51,0
63,05:37.3,1,-50,2
64,05:37.4,1,-49,0
65,05:37.6,1,-49,0
66,05:37.7,1,-49,0
67,05:37.8,1,-49,0
68,05:37.9,1,-50,1
69,05:38.0,1,-51,0
70,05:38.8,1,-50,0
71,05:38.2,1,-50,0
72,05:38.3,1,-50,0
73,05:38.4,1,-50,0
74,05:38.5,1,-50,0
75,05:38.6,1,-50,0
76,05:38.7,1,-51,0
77,05:38.8,1,-51,0
78,05:38.9,1,-51,0
79,05:39.0,1,-51,0
80,05:39.9,1,-51,0
81,05:39.2,1,-51,0
82,05:39.3,1,-50,1
83,05:39.4,1,-49,0
84,05:39.5,1,-49,0
85,05:39.6,1,-49,0
86,05:39.7,1,-49,0
87,05:39.9,1,-50,1
88,05:40.0,1,-49,0
89,05:40.8,1,-50,0
90,05:40.2,1,-49,0
91,05:40.3,1,-49,1
92,05:40.4,1,-51,0
93,05:40.5,1,-51,0
94,05:40.6,1,-51,0
95,05:40.6,1,-50,1
96,05:40.7,1,-49,0
97,05:40.9,1,-49,0
98,05:41.0,1,-51,0
99,05:41.1,1,-51,0
100,05:41.2,1,-51,0
101,05:41.3,1,-51,0
102,05:41.4,1,-51,0
103,05:41.5,1,-51,0
104,05:41.6,1,-50,0
105,05:41.7,1,-49,0
106,05:41.7,1,-50,0
107,05:41.9,1,-49,0
108,05:42.1,1,-50,0
109,05:42.2,1,-49,0
110,05:42.4,1,-49,0
111,05:44.5,2,-52,0
112,05:44.6,2,-51,0
113,05:44.7,2,-51,0
114,05:44.8,2,-51,0
115,05:44.9,2,-51,0
116,05:45.0,2,-50,0
117,05:45.9,2,-50,0
118,05:45.2,2,-50,0
119,05:45.3,2,-50,0
120,05:45.4,2,-51,0
121,05:45.5,2,-50,0
122,05:45.6,2,-50,0
123,05:45.7,2,-50,0
124,05:45.7,2,-50,0
125,05:45.8,2,-50,0
126,05:45.9,2,-51,0
127,05:46.0,2,-51,0
128,05:47.0,2,-50,0
129,05:46.2,2,-51,0
130,05:46.3,2,-51,0
131,05:46.4,2,-51,0
132,05:46.5,2,-51,0
133,05:46.6,2,-51,0
134,05:46.7,2,-50,0
135,05:46.8,2,-51,0
136,05:46.8,2,-50,1
137,05:46.9,2,-49,0
138,05:47.3,2,-49,0
139,05:47.1,2,-49,0
140,05:47.2,2,-49,0
141,05:47.3,2,-49,0
142,05:47.4,2,-49,0
143,05:47.5,2,-49,0
144,05:47.6,2,-49,1
145,05:47.7,2,-51,0
146,05:47.8,2,-51,0
147,05:47.9,2,-50,0
148,05:48.0,2,-50,0
149,05:48.7,2,-50,0
150,05:48.2,2,-49,0
151,05:48.3,2,-49,0
152,05:48.3,2,-50,0
153,05:48.4,2,-50,0
154,05:48.5,2,-49,0
155,05:48.6,2,-50,0
156,05:48.7,2,-51,0
157,05:48.8,2,-51,0
158,05:48.9,2,-50,0
159,05:49.0,2,-49,0
160,05:50.0,2,-49,0
161,05:49.2,2,-49,0
162,05:49.3,2,-51,0
163,05:49.4,2,-50,0
164,05:49.5,2,-50,0
165,05:49.6,2,-50,0
166,05:49.7,2,-51,0
167,05:49.8,2,-51,0
168,05:49.9,2,-51,1
169,05:49.9,2,-50,0
170,05:50.2,2,-50,0
171,05:50.1,2,-50,0
172,05:50.2,2,-51,0
173,05:50.3,2,-51,0
174,05:50.4,2,-51,0
175,05:50.5,2,-51,0
176,05:50.6,2,-51,0
177,05:50.7,2,-52,0
178,05:50.8,2,-52,0
179,05:50.9,2,-50,3
180,05:51.0,2,-49,0
181,05:51.5,2,-49,0
182,05:51.2,2,-49,0
183,05:51.2,2,-49,0
184,05:51.3,2,-50,0
185,05:51.4,2,-50,0
186,05:51.5,2,-50,0
187,05:51.6,2,-50,0
188,05:51.7,2,-51,0
189,05:51.8,2,-51,0
190,05:51.9,2,-49,0
191,05:52.0,2,-49,0
192,05:52.7,2,-49,0
193,05:52.2,2,-49,0
194,05:52.3,2,-49,0
195,05:52.4,2,-50,0
196,05:52.4,2,-49,0
197,05:52.5,2,-50,0
198,05:52.6,2,-51,0
199,05:52.7,2,-51,0
200,05:52.8,2,-51,0
201,05:52.9,2,-51,0
202,05:53.0,2,-51,0
203,05:53.1,2,-51,0
204,05:53.2,2,-51,1
205,05:53.3,2,-50,0
206,05:53.4,2,-50,0
207,05:53.5,2,-50,0
208,05:53.6,2,-50,1
209,05:53.7,2,-51,0
210,05:53.7,2,-51,0
211,05:53.9,2,-49,1
212,05:53.9,2,-49,0
213,06:05.9,3,-52,0
214,06:06.0,3,-51,0
215,06:06.1,3,-49,0
216,06:06.2,3,-50,1
217,06:06.4,3,-51,0
218,06:06.5,3,-49,0
219,06:06.6,3,-49,0
220,06:06.7,3,-49,0
221,06:06.9,3,-50,0
222,06:07.0,3,-50,0
223,06:07.1,3,-50,0
224,06:07.2,3,-50,0
225,06:07.3,3,-50,0
226,06:07.4,3,-51,0
227,06:07.6,3,-49,1
228,06:07.7,3,-49,0
229,06:07.8,3,-49,0
230,06:07.9,3,-50,0
231,06:08.0,3,-50,0
232,06:08.7,3,-51,0
233,06:08.2,3,-52,0
234,06:08.3,3,-52,0
235,06:08.4,3,-52,0
236,06:08.5,3,-52,0
237,06:08.6,3,-49,0
238,06:08.6,3,-49,0
239,06:08.8,3,-49,0
240,06:08.9,3,-49,0
241,06:09.0,3,-49,0
242,06:10.0,3,-51,0
243,06:09.2,3,-51,0
244,06:09.3,3,-51,0
245,06:09.5,3,-51,0
246,06:09.6,3,-51,0
247,06:09.7,3,-51,0
248,06:09.9,3,-49,0
249,06:10.0,3,-49,0
250,06:10.1,3,-51,1
251,06:10.2,3,-52,0
252,06:10.3,3,-52,0
253,06:10.4,3,-54,1
254,06:10.5,3,-52,4
255,06:10.6,3,-51,0
256,06:10.7,3,-51,0
257,06:10.9,3,-51,0
258,06:11.0,3,-51,0
259,06:11.7,3,-51,0
260,06:11.2,3,-52,0
261,06:11.3,3,-51,0
262,06:11.3,3,-52,0
263,06:11.5,3,-51,0
264,06:11.5,3,-51,0
265,06:11.6,3,-50,0
266,06:11.8,3,-50,1
267,06:11.9,3,-51,0
268,06:12.0,3,-51,0
269,06:12.8,3,-49,0
270,06:12.2,3,-49,0
271,06:12.3,3,-49,0
272,06:12.4,3,-49,0
273,06:12.5,3,-47,1
274,06:12.7,3,-47,0
275,06:12.8,3,-49,0
276,06:12.9,3,-50,1
277,06:13.0,3,-50,0
278,06:13.1,3,-49,0
279,06:13.2,3,-49,0
280,06:13.3,3,-49,0
281,06:13.4,3,-50,0
282,06:13.5,3,-52,0
283,06:13.6,3,-52,0
284,06:13.7,3,-51,1
285,06:13.9,3,-50,0
286,06:14.0,3,-50,0
287,06:14.1,3,-51,1
288,06:14.3,3,-52,0
289,06:14.4,3,-52,0
290,06:14.5,3,-51,0
291,06:14.6,3,-51,0
292,06:14.7,3,-50,0
293,06:14.9,3,-49,0
294,06:15.0,3,-50,0
295,06:15.1,3,-49,1
296,06:15.2,3,-49,0
297,06:15.3,3,-49,0
298,06:15.4,3,-49,0
299,06:15.6,3,-49,0
300,06:15.7,3,-51,1
301,06:15.9,3,-53,0
302,06:16.0,3,-52,0
303,06:16.8,3,-51,0
304,06:16.2,3,-51,0
305,06:16.3,3,-51,0
306,06:16.4,3,-51,0
307,06:16.5,3,-51,0
308,06:16.6,3,-51,0
309,06:16.7,3,-51,0
310,06:16.8,3,-51,0
311,06:16.9,3,-50,0
312,06:17.0,3,-49,0
313,06:17.1,3,-49,0
314,06:17.3,3,-49,0
315,06:17.4,3,-49,0
316,06:17.5,3,-49,0
317,06:17.6,3,-49,0
318,06:17.7,3,-49,0
319,06:17.9,3,-49,0
320,06:18.0,3,-50,0
321,06:18.1,3,-49,0
322,06:18.3,3,-49,0
323,06:18.4,3,-49,0
324,06:18.1,3,-50,0
325,06:18.1,3,-52,0
326,06:18.1,3,-52,0
327,06:18.1,3,-52,0
328,06:18.1,3,-52,0
329,06:18.1,3,-52,0
330,06:19.8,3,-52,0
331,06:19.2,3,-53,0
332,06:19.3,3,-52,0
333,06:19.4,3,-52,0
334,06:19.5,3,-52,0
335,06:19.6,3,-52,0
336,06:19.7,3,-51,0
337,06:19.8,3,-51,0
338,06:19.9,3,-51,0
339,06:20.5,3,-50,1
340,06:20.1,3,-49,0
341,06:20.3,3,-49,0
342,06:20.4,3,-49,0
343,06:20.5,3,-49,0
344,06:20.7,3,-50,0
345,06:20.8,3,-52,0
346,06:20.9,3,-52,0
347,06:21.5,3,-51,0
348,06:21.2,3,-51,0
349,06:21.2,3,-51,0
350,06:21.3,3,-51,0
351,06:21.4,3,-51,0
352,06:21.5,3,-51,0
353,06:21.6,3,-51,0
354,06:21.7,3,-51,0
355,06:21.8,3,-51,0
356,06:22.0,3,-50,0
357,06:22.7,3,-49,1
358,06:22.2,3,-49,0
359,06:22.3,3,-49,0
360,06:22.4,3,-49,0
361,06:22.6,3,-49,0
362,06:22.8,3,-49,0
363,06:22.8,3,-49,0
364,06:22.9,3,-49,0
365,06:23.5,3,-49,0
366,06:23.2,3,-49,0
367,06:23.3,3,-49,0
368,06:23.4,3,-50,3
369,06:23.5,3,-52,0
370,06:23.6,3,-52,0
371,06:23.8,3,-52,0
372,06:23.8,3,-53,0
373,06:23.9,3,-53,0
374,06:24.2,3,-52,1
375,06:24.1,3,-51,0
376,06:24.2,3,-51,0
377,06:24.4,3,-51,0
378,06:24.5,3,-51,0
379,06:24.6,3,-51,0
380,06:24.7,3,-51,0
381,06:24.9,3,-52,0
382,06:25.0,3,-51,0
383,06:26.0,3,-49,0
384,06:25.3,3,-49,0
385,06:25.4,3,-49,0
386,06:25.5,3,-49,0
387,06:25.6,3,-49,0
388,06:25.7,3,-50,2
389,06:25.8,3,-52,0
390,06:25.9,3,-52,0
391,06:26.2,3,-52,0
392,06:27.0,3,-52,0
393,06:26.2,3,-52,0
394,06:26.3,3,-52,0
395,06:26.4,3,-52,0
396,06:26.5,3,-51,0
397,06:26.6,3,-51,0
398,06:26.7,3,-51,0
399,06:26.8,3,-52,0
400,06:26.9,3,-52,0
401,06:27.0,3,-51,0
402,06:27.5,3,-49,1
403,06:27.2,3,-49,0
404,06:27.3,3,-49,0
405,06:27.4,3,-47,0
406,06:27.6,3,-47,1
407,06:27.7,3,-48,1
408,06:27.8,3,-49,0
409,06:27.9,3,-49,0
410,06:28.2,3,-49,0
411,06:28.2,3,-49,0
412,06:28.3,3,-49,0
413,06:28.4,3,-51,0
414,06:28.5,3,-51,0
415,06:28.6,3,-52,0
416,06:28.7,3,-52,0
417,06:28.8,3,-52,0
418,06:28.9,3,-52,0
419,06:29.0,3,-51,0
420,06:29.8,3,-51,0
421,06:29.2,3,-51,0
422,06:29.3,3,-51,0
423,06:29.4,3,-52,1
424,06:29.5,3,-53,0
425,06:29.6,3,-52,1
426,06:29.8,3,-51,0
427,06:29.9,3,-51,0
428,06:30.2,3,-51,0
429,06:30.1,3,-51,0
430,06:30.3,3,-51,0
431,06:30.4,3,-50,1
432,06:30.5,3,-49,0
433,06:30.6,3,-49,0
434,06:30.7,3,-54,1
435,06:30.8,3,-55,0
436,06:30.9,3,-55,0
437,06:31.5,3,-55,0
438,06:31.2,3,-53,0
439,06:31.3,3,-52,0
440,06:31.4,3,-52,0
441,06:31.5,3,-52,0
442,06:31.5,3,-52,0
443,06:31.7,3,-51,0
444,06:31.8,3,-51,0
445,06:31.9,3,-51,0
446,06:32.0,3,-49,0
447,06:32.2,3,-49,0
448,06:32.3,3,-49,0
449,06:32.4,3,-49,0
450,06:32.5,3,-49,0
451,06:32.6,3,-49,0
452,06:32.8,3,-49,0
453,06:32.9,3,-49,0
454,06:33.0,3,-49,0
455,06:33.7,3,-49,0
456,06:33.2,3,-49,0
457,06:33.3,3,-49,0
458,06:33.4,3,-49,0
459,06:33.5,3,-51,0
460,06:33.6,3,-49,1
461,06:33.7,3,-50,0
462,06:33.8,3,-50,0
463,06:33.9,3,-51,0
464,06:34.0,3,-51,1
465,06:34.8,3,-52,0
466,06:34.2,3,-52,0
467,06:34.3,3,-52,0
468,06:34.4,3,-52,0
469,06:34.5,3,-53,0
470,06:34.6,3,-52,0
471,06:34.7,3,-51,0
472,06:34.8,3,-52,0
473,06:34.9,3,-51,0
474,06:35.7,3,-51,0
475,06:35.2,3,-51,0
476,06:35.3,3,-51,0
477,06:35.4,3,-51,0
478,06:35.5,3,-52,0
479,06:35.7,3,-53,2
480,06:35.8,3,-54,1
481,06:35.9,3,-53,1
482,06:36.2,3,-55,0
483,06:36.1,3,-54,1
484,06:36.2,3,-53,0
485,06:36.3,3,-52,0
486,06:36.4,3,-52,0
487,06:36.5,3,-52,0
488,06:36.7,3,-51,0
489,06:36.8,3,-50,0
490,06:36.9,3,-49,0
491,06:37.0,3,-49,0
492,06:37.1,3,-47,1
493,06:37.2,3,-48,1
494,06:37.3,3,-47,1
495,06:37.5,3,-49,0
496,06:37.6,3,-49,0
497,06:37.8,3,-49,0
498,06:37.8,3,-48,1
499,06:38.0,3,-48,1
500,06:38.8,3,-49,0
501,06:38.2,3,-49,0
502,06:38.3,3,-49,0
503,06:38.4,3,-50,1
504,06:38.5,3,-51,0
505,06:38.7,3,-50,0
506,06:38.8,3,-51,0
507,06:38.9,3,-51,0
508,06:39.0,3,-52,0
509,06:39.1,3,-52,0
510,06:39.3,3,-52,0
511,06:39.5,3,-53,1
512,06:39.6,3,-52,0
513,06:39.7,3,-51,0
514,06:39.8,3,-50,0
515,06:39.9,3,-50,0
516,06:40.5,3,-51,0
517,06:40.2,3,-51,0
518,06:40.4,3,-52,1
519,06:40.6,3,-52,1
520,06:40.8,3,-50,0
521,06:40.9,3,-51,0
522,06:41.0,3,-51,0
523,06:41.3,3,-52,0
524,06:41.1,3,-51,0
525,06:41.2,3,-52,0
526,06:41.4,3,-52,0
527,06:41.4,3,-52,0
528,06:41.5,3,-51,0
529,06:41.7,3,-50,0
530,06:41.8,3,-49,0
531,06:41.9,3,-49,0
532,06:42.0,3,-47,1
533,06:42.1,3,-47,0
534,06:42.2,3,-49,0
535,06:42.4,3,-50,0
536,06:42.5,3,-49,0
537,06:42.6,3,-49,0
538,06:42.8,3,-49,0
539,06:42.9,3,-49,0
540,06:43.0,3,-49,0
541,06:43.1,3,-49,0
542,06:43.2,3,-49,0
543,06:43.3,3,-51,0
544,06:43.5,3,-52,0
545,06:43.6,3,-50,1
546,06:43.7,3,-50,0
547,06:43.8,3,-50,0
548,06:43.9,3,-50,1
549,06:44.0,3,-51,0
550,06:44.1,3,-51,0
551,06:44.3,3,-51,0
552,06:44.4,3,-52,0
553,06:44.5,3,-51,0
554,06:44.7,3,-51,0
555,06:44.8,3,-50,0
556,06:44.9,3,-50,0
557,06:45.8,3,-51,0
558,06:45.2,3,-51,0
559,06:45.3,3,-51,0
560,06:45.4,3,-51,0
561,06:45.6,3,-51,1
562,06:45.7,3,-50,0
563,06:45.8,3,-50,0
564,06:45.9,3,-51,0
565,06:46.0,3,-52,0
566,06:46.1,3,-52,0
567,06:46.2,3,-51,0
568,06:46.3,3,-51,0
569,06:46.4,3,-51,0
570,06:46.5,3,-51,0
571,06:46.6,3,-52,0
572,06:46.7,3,-52,0
573,06:46.8,3,-52,0
574,06:46.9,3,-50,1
575,06:47.0,3,-48,1
576,06:47.8,3,-47,0
577,06:47.2,3,-47,1
578,06:47.3,3,-49,0
579,06:47.4,3,-49,0
580,06:47.6,3,-49,0
581,06:47.7,3,-49,0
582,06:47.8,3,-49,0
583,06:47.9,3,-49,0
584,06:48.7,3,-49,0
585,06:48.2,3,-49,0
586,06:48.3,3,-49,0
587,06:48.4,3,-50,1
588,06:48.6,3,-50,0
589,06:48.7,3,-51,0
590,06:48.8,3,-51,0
591,06:48.9,3,-52,0
592,06:49.2,3,-53,0
593,06:49.1,3,-53,0
594,06:49.2,3,-51,1
595,06:49.4,3,-51,0
596,06:49.5,3,-51,0
597,06:49.7,3,-50,0
598,06:49.8,3,-50,0
599,06:49.9,3,-50,0
600,06:50.0,3,-50,0
601,06:50.7,3,-51,0
602,06:50.2,3,-51,0
603,06:50.3,3,-50,0
604,06:50.5,3,-50,0
605,06:50.6,3,-52,0
606,06:50.7,3,-52,0
607,06:50.8,3,-52,0
608,06:50.9,3,-52,0
609,06:51.0,3,-52,0
610,06:51.7,3,-52,0
611,06:51.2,3,-52,0
612,06:51.3,3,-52,0
613,06:51.4,3,-51,0
614,06:51.5,3,-51,0
615,06:51.6,3,-51,0
616,06:51.6,3,-51,0
617,06:51.7,3,-50,0
618,06:51.9,3,-49,0
619,06:52.3,3,-49,0
620,06:52.1,3,-49,0
621,06:52.3,3,-49,0
622,06:52.4,3,-49,0
623,06:52.5,3,-49,0
624,06:52.6,3,-49,0
625,06:52.7,3,-49,0
626,06:52.9,3,-49,0
627,06:53.0,3,-49,0
628,06:53.5,3,-49,0
629,06:53.2,3,-49,0
630,06:53.3,3,-49,0
631,06:53.4,3,-49,0
632,06:53.5,3,-50,0
633,06:53.6,3,-50,0
634,06:53.7,3,-50,0
635,06:53.8,3,-51,0
636,06:53.9,3,-52,0
637,06:54.3,3,-52,0
638,06:54.2,3,-52,0
639,06:54.3,3,-51,0
640,06:54.4,3,-51,0
641,06:54.5,3,-50,0
642,06:54.7,3,-49,0
643,06:54.8,3,-49,0
644,06:54.9,3,-50,0
645,06:55.0,3,-50,0
646,06:55.1,3,-51,0
647,06:55.2,3,-50,0
648,06:55.4,3,-50,0
649,06:55.5,3,-51,0
650,06:55.6,3,-52,0
651,06:55.7,3,-52,0
652,06:55.9,3,-52,0
653,06:55.9,3,-52,0
654,06:56.3,3,-52,0
655,06:56.1,3,-52,0
656,06:56.3,3,-51,0
657,06:56.3,3,-51,0
658,06:56.4,3,-51,0
659,06:56.5,3,-52,0
660,06:56.6,3,-51,0
661,06:56.7,3,-51,0
662,06:56.8,3,-51,0
663,06:56.9,3,-51,0
664,06:57.0,3,-50,0
665,06:57.7,3,-50,0
666,06:57.2,3,-50,0
667,06:57.3,3,-49,0
668,06:57.4,3,-49,0
669,07:02.9,4,-50,1
670,07:03.5,4,-50,0
671,07:03.1,4,-51,0
672,07:03.3,4,-52,0
673,07:03.4,4,-51,2
674,07:03.5,4,-50,0
675,07:03.6,4,-51,0
676,07:03.7,4,-51,0
677,07:03.8,4,-51,0
678,07:03.9,4,-52,0
679,07:04.0,4,-52,0
680,07:04.8,4,-52,0
681,07:04.2,4,-52,0
682,07:04.3,4,-52,0
683,07:04.4,4,-52,0
684,07:04.5,4,-51,0
685,07:04.5,4,-51,0
686,07:04.6,4,-51,0
687,07:04.7,4,-51,0
688,07:04.9,4,-50,0
689,07:05.0,4,-49,0
690,07:05.5,4,-49,0
691,07:05.2,4,-49,0
692,07:05.3,4,-49,0
693,07:05.4,4,-49,0
694,07:05.6,4,-50,0
695,07:05.7,4,-50,0
696,07:05.8,4,-50,0
697,07:05.9,4,-50,0
698,07:06.0,4,-50,0
699,07:06.7,4,-50,0
700,07:06.2,4,-50,0
701,07:06.3,4,-51,0
702,07:06.4,4,-51,0
703,07:06.5,4,-51,0
704,07:06.5,4,-52,0
705,07:06.6,4,-51,0
706,07:06.7,4,-52,0
707,07:06.8,4,-51,0
708,07:06.9,4,-51,0
709,07:07.7,4,-51,0
710,07:07.2,4,-51,0
711,07:07.2,4,-52,0
712,07:07.3,4,-52,0
713,07:07.4,4,-52,0
714,07:07.5,4,-52,0
715,07:07.6,4,-51,0
716,07:07.8,4,-49,1
717,07:07.9,4,-49,0
718,07:08.2,4,-49,0
719,07:08.1,4,-49,0
720,07:08.3,4,-49,0
721,07:08.4,4,-49,0
722,07:08.5,4,-50,1
723,07:08.6,4,-51,0
724,07:08.7,4,-51,0
725,07:08.8,4,-51,0
726,07:08.9,4,-52,0
727,07:09.0,4,-52,0
728,07:09.9,4,-52,0
729,07:09.2,4,-52,0
730,07:09.3,4,-52,0
731,07:09.4,4,-52,0
732,07:09.5,4,-51,0
733,07:09.5,4,-51,0
734,07:09.6,4,-52,0
735,07:09.7,4,-51,0
736,07:09.8,4,-50,0
737,07:09.9,4,-50,0
738,07:10.2,4,-50,0
739,07:10.1,4,-50,0
740,07:10.3,4,-49,0
741,07:10.4,4,-49,0
742,07:10.5,4,-49,0
743,07:10.6,4,-49,0
744,07:10.7,4,-49,0
745,07:10.8,4,-49,0
746,07:10.9,4,-49,0
747,07:11.7,4,-49,1
748,07:11.2,4,-50,0
749,07:11.4,4,-50,0
750,07:11.4,4,-51,0
751,07:11.5,4,-51,0
752,07:11.6,4,-51,0
753,07:11.7,4,-51,0
754,07:11.8,4,-50,0
755,07:11.9,4,-50,0
756,07:12.5,4,-50,0
757,07:12.2,4,-51,0
758,07:12.3,4,-51,0
759,07:12.4,4,-51,0
760,07:12.5,4,-52,0
761,07:12.6,4,-52,0
762,07:12.7,4,-51,0
763,07:12.8,4,-51,0
764,07:12.9,4,-50,0
765,07:13.3,4,-49,0
766,07:13.2,4,-51,0
767,07:13.3,4,-50,0
768,07:13.4,4,-49,0
769,07:13.6,4,-51,0
770,07:13.7,4,-51,0
771,07:13.8,4,-49,0
772,07:13.9,4,-51,0
773,07:14.3,4,-51,0
774,07:14.1,4,-51,0
775,07:14.2,4,-51,0
776,07:14.3,4,-51,0
777,07:14.4,4,-52,0
778,07:14.5,4,-52,0
779,07:14.6,4,-52,0
780,07:14.7,4,-52,0
781,07:14.8,4,-50,0
782,07:14.9,4,-50,0
783,07:15.0,4,-50,0
784,07:15.1,4,-51,0
785,07:15.2,4,-50,0
786,07:15.3,4,-50,0
787,07:15.5,4,-52,0
788,07:15.6,4,-51,0
789,07:15.7,4,-50,0
790,07:15.8,4,-51,0
791,07:15.9,4,-50,0
792,07:16.2,4,-49,0
793,07:16.2,4,-49,0
794,07:16.3,4,-50,1
795,07:16.5,4,-52,0
796,07:16.6,4,-51,0
797,07:16.7,4,-51,0
798,07:16.8,4,-50,0
799,07:16.9,4,-49,0
800,07:17.0,4,-50,0
801,07:17.8,4,-50,0
802,07:17.2,4,-50,0
803,07:17.3,4,-50,0
804,07:17.4,4,-51,0
805,07:17.5,4,-51,0
806,07:17.6,4,-51,0
807,07:17.7,4,-51,0
808,07:17.8,4,-51,0
809,07:17.9,4,-51,0
810,07:18.0,4,-51,0
811,07:18.1,4,-50,0
812,07:18.2,4,-51,0
813,07:18.3,4,-49,0
814,07:18.0,4,-49,0
815,07:18.1,4,-49,0
816,07:18.1,4,-49,0
817,07:18.1,4,-47,1
818,07:18.1,4,-49,0
819,07:19.3,4,-49,1
820,07:19.1,4,-51,0
821,07:19.2,4,-51,0
822,07:19.4,4,-51,0
823,07:19.4,4,-51,0
824,07:19.5,4,-51,0
825,07:19.6,4,-51,0
826,07:19.7,4,-51,0
827,07:19.8,4,-52,0
828,07:19.9,4,-52,0
829,07:20.0,4,-52,0
830,07:20.8,4,-50,1
831,07:20.2,4,-50,0
832,07:20.3,4,-51,1
833,07:20.4,4,-52,0
834,07:20.5,4,-51,0
835,07:20.6,4,-51,0
836,07:20.8,4,-49,1
837,07:20.9,4,-49,0
838,07:21.5,4,-49,0
839,07:21.2,4,-49,0
840,07:21.2,4,-49,0
841,07:21.4,4,-49,0
842,07:21.5,4,-49,0
843,07:21.6,4,-49,0
844,07:21.7,4,-50,1
845,07:21.8,4,-51,0
846,07:21.9,4,-51,0
847,07:22.3,4,-51,0
848,07:22.2,4,-53,0
849,07:22.2,4,-52,0
850,07:22.3,4,-51,0
851,07:22.4,4,-51,0
852,07:22.5,4,-51,0
853,07:22.6,4,-51,0
854,07:22.7,4,-51,0
855,07:22.8,4,-52,0
856,07:22.9,4,-51,0
857,07:23.0,4,-51,0
858,07:23.7,4,-51,0
859,07:23.2,4,-50,0
860,07:23.4,4,-49,0
861,07:23.5,4,-49,0
862,07:23.6,4,-49,0
863,07:23.8,4,-50,0
864,07:23.9,4,-50,0
865,07:24.2,4,-51,0
866,07:24.1,4,-51,0
867,07:24.2,4,-51,0
868,07:24.3,4,-51,0
869,07:24.4,4,-51,0
870,07:24.5,4,-51,0
871,07:24.6,4,-51,0
872,07:24.7,4,-52,0
873,07:24.8,4,-52,0
874,07:24.9,4,-51,0
875,07:25.0,4,-52,0
876,07:25.8,4,-51,0
877,07:25.1,4,-51,0
878,07:25.3,4,-52,0
879,07:25.3,4,-52,0
880,07:25.4,4,-52,0
881,07:25.5,4,-51,0
882,07:25.6,4,-51,0
883,07:25.8,4,-51,0
884,07:25.9,4,-50,0
885,07:26.0,4,-50,0
886,07:26.1,4,-50,0
887,07:26.2,4,-49,0
888,07:26.4,4,-49,0
889,07:26.5,4,-49,0
890,07:26.6,4,-50,0
891,07:26.7,4,-49,0
892,07:26.8,4,-50,0
893,07:27.0,4,-49,0
894,07:27.5,4,-51,0
895,07:27.1,4,-51,0
896,07:27.2,4,-51,0
897,07:27.3,4,-49,0
898,07:27.4,4,-49,0
899,07:27.5,4,-49,0
900,07:27.6,4,-49,0
901,07:27.7,4,-48,1
902,07:27.8,4,-47,1
903,07:27.9,4,-49,0
904,07:28.0,4,-49,0
905,07:28.7,4,-51,0
906,07:28.2,4,-51,0
907,07:28.3,4,-52,0
908,07:28.4,4,-52,0
909,07:28.5,4,-51,0
910,07:28.5,4,-49,1
911,07:34.8,5,-49,0
912,07:34.9,5,-49,0
913,07:35.0,5,-50,0
914,07:35.7,5,-51,0
915,07:35.2,5,-51,4
916,07:35.4,5,-50,0
917,07:35.6,5,-51,1
918,07:35.7,5,-51,0
919,07:36.3,5,-52,0
920,07:36.4,5,-52,0
921,07:36.6,5,-51,0
922,07:36.7,5,-51,0
923,07:36.8,5,-49,0
924,07:36.9,5,-49,0
925,07:37.5,5,-50,0
926,07:37.2,5,-50,0
927,07:37.3,5,-49,0
928,07:37.4,5,-49,0
929,07:37.5,5,-49,0
930,07:37.6,5,-49,0
931,07:37.7,5,-49,0
932,07:37.8,5,-49,0
933,07:37.9,5,-49,0
934,07:38.0,5,-51,1
935,07:38.1,5,-50,2
936,07:38.4,5,-51,0
937,07:38.5,5,-51,0
938,07:38.8,5,-52,0
939,07:39.3,5,-51,0
940,07:39.6,5,-51,0
941,07:39.7,5,-50,0
942,07:39.8,5,-49,0
943,07:39.9,5,-49,0
944,07:40.8,5,-49,0
945,07:40.2,5,-50,1
946,07:40.3,5,-50,0
947,07:40.4,5,-50,0
948,07:40.5,5,-51,0
949,07:40.6,5,-52,0
950,07:40.7,5,-52,0
951,07:40.8,5,-51,1
952,07:41.1,5,-51,0
953,07:41.6,5,-52,0
954,07:41.8,5,-51,0
955,07:42.7,5,-52,0
956,07:42.2,5,-52,0
957,07:42.3,5,-52,0
958,07:42.4,5,-52,0
959,07:42.5,5,-52,0
960,07:42.6,5,-51,0
961,07:42.7,5,-51,0
962,07:42.8,5,-51,0
963,07:42.9,5,-51,0
964,07:43.3,5,-51,0
965,07:43.2,5,-51,0
966,07:43.3,5,-52,0
967,07:43.4,5,-52,0
968,07:43.5,5,-51,0
969,07:43.9,5,-52,0
970,07:44.1,5,-51,0
971,07:44.6,5,-52,0
972,07:44.7,5,-52,0
973,07:45.0,5,-51,0
974,07:45.1,5,-52,0
975,07:45.3,5,-52,0
976,07:45.4,5,-51,0
977,07:45.4,5,-51,0
978,07:45.5,5,-51,0
979,07:45.6,5,-52,0
980,07:45.7,5,-52,0
981,07:45.8,5,-52,0
982,07:45.9,5,-52,0
983,07:46.2,5,-52,0
984,07:46.1,5,-52,0
985,07:46.4,5,-52,0
986,07:46.6,5,-54,1
987,07:46.9,5,-52,5
988,07:47.1,5,-51,0
989,07:47.4,5,-51,0
990,07:47.5,5,-53,1
991,07:47.7,5,-52,0
992,07:47.8,5,-52,0
993,07:47.9,5,-52,0
994,07:48.0,5,-51,0
995,07:48.1,5,-52,0
996,07:48.3,5,-51,0
997,07:48.3,5,-51,0
998,07:48.4,5,-52,0
999,07:48.6,5,-53,1
1000,07:48.7,5,-52,0
1001,07:48.8,5,-51,0
1002,07:49.2,5,-54,1
1003,07:49.1,5,-53,2
1004,07:49.4,5,-51,0
1005,07:49.6,5,-53,2
1006,07:49.9,5,-54,3
1007,07:50.4,5,-54,1
1008,07:50.5,5,-55,0
1009,07:50.6,5,-53,0
1010,07:50.7,5,-52,0
1011,07:50.9,5,-52,0
1012,07:51.7,5,-52,0
1013,07:51.2,5,-52,0
1014,07:51.3,5,-55,0
1015,07:51.4,5,-55,0
1016,07:51.6,5,-52,5
1017,07:51.8,5,-52,0
1018,07:52.4,5,-53,0
1019,07:52.7,5,-52,0
1020,07:52.8,5,-53,5
1021,07:53.6,5,-52,0
1022,07:53.2,5,-51,0
1023,07:53.3,5,-51,0
1024,07:53.4,5,-51,0
1025,07:53.5,5,-51,0
1026,07:53.6,5,-52,0
1027,07:53.7,5,-51,0
1028,07:53.8,5,-51,0
1029,07:53.9,5,-51,0
1030,07:54.2,5,-52,0
1031,07:54.1,5,-53,1
1032,07:54.2,5,-52,1
1033,07:54.3,5,-51,0
1034,07:54.5,5,-52,0
1035,07:54.7,5,-52,0
1036,07:55.0,5,-52,0
1037,07:55.4,5,-53,2
1038,07:55.6,5,-53,1
1039,07:55.7,5,-52,0
1040,07:55.8,5,-51,0
1041,07:55.9,5,-51,0
1042,07:56.7,5,-51,0
1043,07:56.2,5,-51,0
1044,07:56.3,5,-52,0
1045,07:56.4,5,-51,0
1046,07:56.5,5,-51,0
1047,07:56.6,5,-52,0
1048,07:56.7,5,-54,3
1049,07:56.8,5,-52,0
1050,07:57.1,5,-55,1
1051,07:57.3,5,-54,3
1052,07:57.8,5,-52,0
1053,07:58.0,5,-53,1
1054,07:58.1,5,-51,0
1055,07:58.4,5,-53,1
1056,07:58.4,5,-52,0
1057,07:58.6,5,-52,0
1058,07:58.7,5,-52,0
1059,07:58.8,5,-52,0
1060,07:58.9,5,-52,0
1061,07:59.0,5,-52,0
1062,07:59.8,5,-52,0
1063,07:59.2,5,-52,0
1064,07:59.3,5,-53,1
1065,07:59.4,5,-55,0
1066,07:59.6,5,-51,2
1067,07:59.9,5,-52,0
1068,08:00.0,5,-52,0
1069,08:00.3,5,-53,0
1070,08:00.6,5,-53,1
1071,08:01.0,5,-55,0
1072,08:01.1,5,-53,1
1073,08:01.3,5,-52,0
1074,08:01.4,5,-52,0
1075,08:01.5,5,-52,0
1076,08:01.6,5,-52,0
1077,08:01.8,5,-52,0
1078,08:01.9,5,-55,0
1079,08:02.0,5,-55,0
1080,08:02.1,5,-52,1
1081,08:02.3,5,-55,5
1082,08:02.4,5,-55,4
1083,08:02.8,5,-52,0
1084,08:03.1,5,-52,0
1085,08:03.3,5,-55,1
1086,08:03.5,5,-54,7
1087,08:03.6,5,-51,0
1088,08:03.7,5,-54,3
1089,08:03.8,5,-53,0
1090,08:04.2,5,-53,0
1091,08:04.1,5,-55,0
1092,08:04.2,5,-53,1
1093,08:04.3,5,-53,0
1094,08:04.4,5,-52,0
1095,08:04.6,5,-52,0
1096,08:04.7,5,-52,0
1097,08:04.8,5,-54,1
1098,08:04.9,5,-54,3
1099,08:05.7,5,-52,5
1100,08:05.2,5,-56,1
1101,08:05.4,5,-55,0
1102,08:05.7,5,-54,3
1103,08:06.0,5,-53,0
1104,08:06.2,5,-56,1
1105,08:06.5,5,-55,0
1106,08:06.6,5,-55,0
1107,08:06.8,5,-53,0
1108,08:06.9,5,-55,0
1109,08:07.2,5,-55,0
1110,08:07.2,5,-55,0
1111,08:07.3,5,-55,0
1112,08:07.4,5,-55,0
1113,08:07.5,5,-53,2
1114,08:07.6,5,-53,2
1115,08:07.8,5,-55,0
1116,08:08.1,5,-53,1
1117,08:08.6,5,-51,0
1118,08:08.9,5,-55,7
1119,08:09.3,5,-54,3
1120,08:09.3,5,-52,0
1121,08:09.4,5,-53,2
1122,08:09.5,5,-55,0
1123,08:09.6,5,-55,0
1124,08:09.7,5,-55,0
1125,08:09.8,5,-53,2
1126,08:09.9,5,-52,0
1127,08:10.3,5,-53,3
1128,08:10.1,5,-55,0
1129,08:10.2,5,-55,0
1130,08:10.4,5,-51,0
1131,08:10.5,5,-54,7
1132,08:10.6,5,-55,1
1133,08:10.8,5,-53,2
1134,08:11.0,5,-52,0
1135,08:11.2,5,-51,0
1136,08:11.5,5,-52,0
1137,08:11.9,5,-53,2
1138,08:12.5,5,-55,0
1139,08:12.2,5,-55,0
1140,08:12.2,5,-53,0
1141,08:12.3,5,-53,0
1142,08:12.5,5,-52,0
1143,08:12.6,5,-52,0
1144,08:12.7,5,-53,0
1145,08:12.8,5,-55,0
1146,08:13.0,5,-55,0
1147,08:13.3,5,-54,6
1148,08:13.7,5,-57,0
1149,08:14.7,5,-55,1
1150,08:14.3,5,-55,0
1151,08:14.5,5,-55,0
1152,08:14.6,5,-55,0
1153,08:14.7,5,-55,0
1154,08:14.8,5,-53,1
1155,08:15.0,5,-53,1
1156,08:15.2,5,-55,0
1157,08:15.3,5,-56,2
1158,08:15.4,5,-58,0
1159,08:15.5,5,-56,2
1160,08:15.6,5,-52,0
1161,08:15.7,5,-56,7
1162,08:16.8,5,-52,0
1163,08:16.2,5,-52,0
1164,08:16.4,5,-53,3
1165,08:16.7,5,-52,1
1166,08:16.8,5,-53,5
1167,08:16.9,5,-56,0
1168,08:17.5,5,-55,0
1169,08:17.1,5,-53,1
1170,08:17.3,5,-53,0
1171,08:17.4,5,-52,0
1172,08:17.5,5,-52,0
1173,08:17.6,5,-52,0
1174,08:17.7,5,-52,0
1175,08:17.8,5,-55,0
1176,08:17.9,5,-56,1
1177,08:18.0,5,-54,2
1178,08:18.2,5,-53,5
1179,08:18.1,5,-54,3
1180,08:19.1,5,-52,0
1181,08:19.3,5,-56,2
1182,08:19.7,5,-55,0
1183,08:19.8,5,-56,1
1184,08:19.8,5,-57,0
1185,08:19.9,5,-56,0
1186,08:20.3,5,-54,1
1187,08:20.1,5,-53,1
1188,08:20.3,5,-53,1
1189,08:20.4,5,-53,1
1190,08:20.4,5,-55,0
1191,08:20.6,5,-55,0
1192,08:20.7,5,-56,0
1193,08:20.8,5,-53,2
1194,08:20.9,5,-54,1
1195,08:21.1,5,-53,1
1196,08:21.3,5,-53,1
1197,08:21.6,5,-53,1
1198,08:31.6,6,-51,0
1199,08:31.7,6,-54,3
1200,08:31.8,6,-56,2
1201,08:32.3,6,-54,1
1202,08:32.4,6,-52,0
1203,08:32.5,6,-52,0
1204,08:32.6,6,-52,0
1205,08:32.7,6,-52,0
1206,08:32.7,6,-52,0
1207,08:32.9,6,-52,0
1208,08:33.0,6,-52,0
1209,08:33.2,6,-52,0
1210,08:33.1,6,-52,0
1211,08:33.2,6,-52,0
1212,08:33.3,6,-53,3
1213,08:33.4,6,-52,0
1214,08:33.5,6,-54,1
1215,08:33.6,6,-58,0
1216,08:33.7,6,-57,0
1217,08:33.8,6,-56,0
1218,08:34.0,6,-57,0
1219,08:34.2,6,-58,0
1220,08:34.1,6,-55,1
1221,08:34.2,6,-52,1
1222,08:34.3,6,-51,0
1223,08:34.4,6,-52,0
1224,08:34.5,6,-53,2
1225,08:34.6,6,-55,0
1226,08:34.7,6,-53,0
1227,08:34.8,6,-54,1
1228,08:34.9,6,-53,1
1229,08:34.9,6,-55,0
1230,08:35.5,6,-55,0
1231,08:35.1,6,-55,0
1232,08:35.2,6,-53,2
1233,08:35.3,6,-54,2
1234,08:35.4,6,-56,1
1235,08:35.7,6,-57,0
1236,08:35.8,6,-57,0
1237,08:35.9,6,-57,0
1238,08:36.5,6,-55,1
1239,08:36.1,6,-53,3
1240,08:36.3,6,-54,2
1241,08:36.3,6,-55,0
1242,08:36.4,6,-56,1
1243,08:36.6,6,-56,7
1244,08:36.7,6,-53,0
1245,08:36.8,6,-53,1
1246,08:36.9,6,-54,1
1247,08:37.0,6,-52,0
1248,08:37.5,6,-51,0
1249,08:37.2,6,-54,3
1250,08:37.2,6,-57,1
1251,08:37.7,6,-55,5
1252,08:37.8,6,-52,1
1253,08:37.9,6,-51,0
1254,08:38.0,6,-52,0
1255,08:38.8,6,-52,0
1256,08:38.2,6,-55,0
1257,08:38.3,6,-57,0
1258,08:38.4,6,-58,0
1259,08:38.5,6,-57,0
1260,08:38.6,6,-57,0
1261,08:38.7,6,-56,0
1262,08:38.8,6,-55,0
1263,08:38.8,6,-53,5
1264,08:38.9,6,-54,3
1265,08:39.2,6,-57,1
1266,08:39.2,6,-57,0
1267,08:39.5,6,-56,2
1268,08:39.6,6,-51,0
1269,08:39.7,6,-51,0
1270,08:39.8,6,-54,1
1271,08:39.9,6,-55,0
1272,08:40.0,6,-55,0
1273,08:40.1,6,-55,0
1274,08:40.2,6,-55,0
1275,08:40.3,6,-55,0
1276,08:40.4,6,-53,0
1277,08:40.5,6,-52,0
1278,08:40.6,6,-55,1
1279,08:40.8,6,-57,1
1280,08:41.2,6,-55,0
1281,08:41.3,6,-55,0
1282,08:41.4,6,-57,0
1283,08:41.5,6,-58,0
1284,08:41.6,6,-56,2
1285,08:41.7,6,-56,0
1286,08:41.8,6,-55,0
1287,08:41.9,6,-57,0
1288,08:42.0,6,-56,1
1289,08:42.7,6,-54,1
1290,08:42.2,6,-53,2
1291,08:42.2,6,-53,4
1292,08:42.3,6,-56,2
1293,08:42.5,6,-56,0
1294,08:42.6,6,-56,0
1295,08:42.9,6,-55,4
1296,08:43.7,6,-51,2
1297,08:43.2,6,-52,4
1298,08:43.3,6,-53,0
1299,08:43.4,6,-55,0
1300,08:43.5,6,-56,0
1301,08:43.6,6,-56,1
1302,08:43.6,6,-55,0
1303,08:43.7,6,-52,0
1304,08:43.8,6,-52,1
1305,08:43.9,6,-54,7
1306,08:44.2,6,-57,0
1307,08:44.2,6,-56,1
1308,08:44.3,6,-55,0
1309,08:44.4,6,-55,0
1310,08:44.5,6,-58,0
1311,08:44.5,6,-53,2
1312,08:44.6,6,-51,0
1313,08:44.7,6,-54,3
1314,08:44.8,6,-57,3
1315,08:44.9,6,-58,1
1316,08:45.3,6,-57,0
1317,08:45.4,6,-56,0
1318,08:45.5,6,-55,0
1319,08:45.6,6,-52,0
1320,08:45.6,6,-52,1
1321,08:45.8,6,-56,2
1322,08:45.9,6,-58,0
1323,08:46.3,6,-57,0
1324,08:46.1,6,-57,0
1325,08:46.2,6,-55,0
1326,08:46.3,6,-56,0
1327,08:46.4,6,-55,1
1328,08:46.5,6,-51,0
1329,08:46.6,6,-54,1
1330,08:46.7,6,-55,0
1331,08:46.8,6,-56,0
1332,08:46.9,6,-56,0
1333,08:47.0,6,-57,0
1334,08:47.5,6,-57,0
1335,08:47.2,6,-56,1
1336,08:47.2,6,-55,0
1337,08:47.3,6,-55,0
1338,08:47.4,6,-55,0
1339,08:47.6,6,-55,0
1340,08:47.6,6,-55,0
1341,08:47.7,6,-56,0
1342,08:47.8,6,-56,0
1343,08:47.9,6,-56,0
1344,08:48.2,6,-56,1
1345,08:48.1,6,-56,0
1346,08:48.2,6,-57,0
1347,08:48.3,6,-57,0
1348,08:48.4,6,-58,0
1349,08:48.5,6,-58,0
1350,08:48.7,6,-58,0
1351,08:48.8,6,-58,1
1352,08:48.9,6,-58,0
1353,08:49.0,6,-57,0
1354,08:49.8,6,-57,0
1355,08:49.2,6,-55,1
1356,08:49.3,6,-56,1
1357,08:49.4,6,-57,0
1358,08:49.5,6,-56,0
1359,08:54.2,7,-57,0
1360,08:58.1,7,-57,0
1361,08:58.2,7,-57,0
1362,08:58.3,7,-57,0
1363,08:58.4,7,-57,0
1364,09:00.5,7,-58,0
1365,09:00.8,7,-58,0
1366,09:01.5,7,-58,0
1367,09:01.2,7,-57,0
1368,09:01.2,7,-57,0
1369,09:01.4,7,-57,0
1370,09:01.5,7,-57,0
1371,09:01.8,7,-57,0
1372,09:01.9,7,-57,0
1373,09:02.0,7,-57,0
1374,09:02.1,7,-57,0
1375,09:02.2,7,-57,0
1376,09:02.3,7,-58,0
1377,09:02.4,7,-57,0
1378,09:02.5,7,-58,0
1379,09:02.7,7,-58,0
1380,09:02.9,7,-58,0
1381,09:03.2,7,-58,0
1382,09:03.5,7,-57,0
1383,09:03.6,7,-57,0
1384,09:03.7,7,-55,0
1385,09:03.8,7,-55,0
1386,09:03.9,7,-55,0
1387,09:04.2,7,-55,0
1388,09:04.1,7,-55,0
1389,09:04.2,7,-55,0
1390,09:04.3,7,-55,0
1391,09:04.4,7,-55,0
1392,09:04.5,7,-56,1
1393,09:04.6,7,-56,0
1394,09:04.7,7,-57,0
1395,09:04.8,7,-58,0
1396,09:05.5,7,-57,0
1397,09:05.6,7,-56,0
1398,09:05.7,7,-55,0
1399,09:05.8,7,-55,0
1400,09:05.9,7,-55,0
1401,09:06.2,7,-55,0
1402,09:07.0,7,-55,0
1403,09:06.2,7,-55,0
1404,09:06.3,7,-55,0
1405,09:06.4,7,-55,1
1406,09:06.5,7,-57,0
1407,09:06.6,7,-57,0
1408,09:06.7,7,-56,1
1409,09:06.8,7,-56,0
1410,09:06.9,7,-57,1
1411,09:07.0,7,-56,0
1412,09:07.8,7,-56,0
1413,09:07.1,7,-57,0
1414,09:07.2,7,-56,0
1415,09:07.3,7,-56,0
1416,09:07.4,7,-57,0
1417,09:07.5,7,-57,0
1418,09:07.6,7,-57,0
1419,09:07.7,7,-55,0
1420,09:07.8,7,-55,0
1421,09:07.9,7,-55,0
1422,09:08.0,7,-55,0
1423,09:08.8,7,-55,0
1424,09:08.2,7,-55,0
1425,09:08.3,7,-55,0
1426,09:08.4,7,-55,0
1427,09:08.5,7,-58,0
1428,09:08.7,7,-57,0
1429,09:08.8,7,-58,0
1430,09:10.8,7,-56,1
1431,09:10.8,7,-55,0
1432,09:10.9,7,-55,0
1433,09:11.0,7,-55,0
1434,09:11.2,7,-55,0
1435,09:11.2,7,-52,0
1436,09:11.3,7,-52,0
1437,09:11.5,7,-55,0
1438,09:11.6,7,-55,0
1439,09:11.8,7,-55,0
1440,09:11.8,7,-55,0
1441,09:12.0,7,-54,1
1442,09:13.0,7,-52,0
1443,09:12.2,7,-52,0
1444,09:12.3,7,-52,0
1445,09:12.5,7,-56,2
1446,09:12.6,7,-56,3
1447,09:12.8,7,-56,0
1448,09:12.9,7,-55,1
1449,09:13.0,7,-55,0
1450,09:13.5,7,-55,0
1451,09:13.2,7,-55,1
1452,09:13.3,7,-55,0
1453,09:13.4,7,-55,0
1454,09:13.5,7,-54,1
1455,09:15.9,1,-55,0
1456,09:16.0,1,-51,1
1457,09:17.0,1,-51,0
1458,09:16.2,1,-52,0
1459,09:16.3,1,-53,0
1460,09:16.4,1,-55,0
1461,09:16.5,1,-56,0
1462,09:16.6,1,-55,0
1463,09:16.7,1,-56,1
1464,09:16.8,1,-55,0
1465,09:16.9,1,-56,0
1466,09:17.0,1,-54,4
1467,09:17.5,1,-51,0
1468,09:17.2,1,-51,0
1469,09:17.3,1,-51,0
1470,09:17.4,1,-52,1
1471,09:17.5,1,-54,1
1472,09:17.6,1,-54,1
1473,09:17.7,1,-54,1
1474,09:17.8,1,-52,0
1475,09:17.9,1,-52,0
1476,09:18.0,1,-56,1
1477,09:18.1,1,-56,0
1478,09:18.2,1,-56,1
1479,09:18.3,1,-55,0
1480,09:18.0,1,-52,0
1481,09:18.0,1,-51,0
1482,09:18.1,1,-52,0
1483,09:18.1,1,-55,0
1484,09:18.1,1,-55,0
1485,09:18.1,1,-55,0
1486,09:19.2,1,-54,1
1487,09:19.1,1,-54,1
1488,09:19.2,1,-54,1
1489,09:19.3,1,-53,1
1490,09:19.4,1,-52,0
1491,09:19.5,1,-51,0
1492,09:19.6,1,-53,2
1493,09:19.7,1,-53,0
1494,09:19.8,1,-55,0
1495,09:19.9,1,-55,0
1496,09:20.2,1,-56,1
1497,09:20.1,1,-57,0
1498,09:20.2,1,-56,1
1499,09:20.3,1,-54,1
1500,09:20.4,1,-55,0
1501,09:20.5,1,-55,0
1502,09:20.6,1,-55,0
1503,09:20.7,1,-55,0
1504,09:20.8,1,-52,0
1505,09:20.9,1,-52,0
1506,09:21.7,1,-52,0
1507,09:21.1,1,-52,0
1508,09:21.2,1,-52,0
1509,09:21.3,1,-55,0
1510,09:21.4,1,-53,2
1511,09:21.5,1,-52,0
1512,09:21.6,1,-54,1
1513,09:21.7,1,-55,0
1514,09:21.8,1,-55,0
1515,09:21.9,1,-54,1
1516,09:22.0,1,-52,0
1517,09:22.1,1,-52,0
1518,09:22.2,1,-52,0
1519,09:22.3,1,-51,1
1520,09:22.4,1,-51,0
1521,09:22.5,1,-51,0
1522,09:22.6,1,-51,0
1523,09:22.7,1,-51,0
1524,09:22.8,1,-51,0
1525,09:22.9,1,-52,0
1526,09:23.0,1,-53,0
1527,09:23.7,1,-53,0
1528,09:23.2,1,-52,0
1529,09:23.3,1,-54,1
1530,09:23.4,1,-53,1
1531,09:23.5,1,-52,0
1532,09:23.6,1,-51,0
1533,09:23.6,1,-51,0
1534,09:23.8,1,-52,0
1535,09:23.8,1,-51,0
1536,09:24.0,1,-51,0
1537,09:24.2,1,-52,0
1538,09:24.1,1,-54,1
1539,09:24.2,1,-53,2
1540,09:24.3,1,-52,1
1541,09:24.4,1,-51,0
1542,09:24.5,1,-53,0
1543,09:24.6,1,-54,1
1544,09:24.7,1,-52,0
1545,09:24.8,1,-51,0
1546,09:24.9,1,-52,0
1547,09:25.0,1,-55,0
1548,09:25.5,1,-54,2
1549,09:25.2,1,-53,0
1550,09:25.2,1,-52,0
1551,09:25.3,1,-51,0
1552,09:25.4,1,-52,0
1553,09:25.5,1,-53,2
1554,09:25.6,1,-55,0
1555,09:25.7,1,-53,0
1556,09:25.8,1,-52,0
1557,09:25.9,1,-53,1
1558,09:26.0,1,-53,1
1559,09:26.8,1,-53,0
1560,09:26.2,1,-55,0
1561,09:26.3,1,-53,4
1562,09:26.4,1,-50,0
1563,09:26.4,1,-51,0
1564,09:26.5,1,-52,0
1565,09:26.6,1,-51,0
1566,09:26.7,1,-52,0
1567,09:26.8,1,-52,0
1568,09:26.9,1,-52,0
1569,09:27.0,1,-52,0
1570,09:27.1,1,-53,0
1571,09:27.2,1,-54,1
1572,09:27.3,1,-52,1
1573,09:27.5,1,-52,0
1574,09:27.7,1,-52,0
1575,09:27.8,1,-52,0
1576,09:27.9,1,-53,3
1577,09:28.0,1,-54,1
1578,09:28.1,1,-53,1
1579,09:28.2,1,-53,1
1580,09:28.4,1,-53,1
1581,09:28.5,1,-54,1
1582,09:28.6,1,-52,0
1583,09:28.7,1,-54,1
1584,09:28.8,1,-55,0
1585,10:32.5,4,-52,0
1586,10:32.6,4,-52,0
1587,10:32.7,4,-51,0
1588,10:32.9,4,-51,0
1589,10:33.5,4,-50,0
1590,10:33.2,4,-51,0
1591,10:33.3,4,-51,0
1592,10:33.4,4,-50,2
1593,10:33.6,4,-50,0
1594,10:33.7,4,-51,0
1595,10:33.8,4,-52,0
1596,10:33.9,4,-52,0
1597,10:34.2,4,-53,2
1598,10:34.1,4,-55,0
1599,10:34.2,4,-55,0
1600,10:34.3,4,-56,0
1601,10:34.4,4,-55,0
1602,10:34.5,4,-55,0
1603,10:34.6,4,-55,0
1604,10:34.7,4,-55,0
1605,10:34.8,4,-54,3
1606,10:34.9,4,-52,0
1607,10:35.0,4,-51,0
1608,10:35.1,4,-52,0
1609,10:35.3,4,-52,0
1610,10:35.4,4,-52,0
1611,10:35.6,4,-49,0
1612,10:35.7,4,-50,0
1613,10:35.8,4,-50,1
1614,10:36.0,4,-51,0
1615,10:36.7,4,-51,0
1616,10:36.1,4,-52,0
1617,10:36.2,4,-53,0
1618,10:36.3,4,-53,0
1619,10:36.4,4,-53,0
1620,10:36.5,4,-53,0
1621,10:36.6,4,-53,0
1622,10:36.7,4,-53,0
1623,10:36.8,4,-54,2
1624,10:36.9,4,-56,0
1625,10:37.0,4,-55,0
1626,10:37.7,4,-54,1
1627,10:37.2,4,-52,0
1628,10:37.3,4,-52,0
1629,10:37.4,4,-51,1
1630,10:37.5,4,-50,0
1631,10:37.6,4,-49,0
1632,10:37.8,4,-49,0
1633,10:37.9,4,-51,0
1634,10:38.0,4,-51,0
1635,10:38.5,4,-51,0
1636,10:38.2,4,-51,0
1637,10:38.3,4,-52,0
1638,10:38.4,4,-53,0
1639,10:38.4,4,-57,0
1640,10:38.9,4,-55,0
1641,10:39.0,4,-53,1
1642,10:39.1,4,-55,0
1643,10:39.2,4,-54,1
1644,10:39.3,4,-52,0
1645,10:39.4,4,-52,0
1646,10:39.6,4,-51,0
1647,10:39.7,4,-51,0
1648,10:39.8,4,-50,0
1649,10:39.9,4,-50,0
1650,10:40.0,4,-49,0
1651,10:40.1,4,-49,0
1652,10:40.2,4,-49,0
1653,10:40.3,4,-50,0
1654,10:40.4,4,-51,0
1655,10:40.6,4,-51,0
1656,10:40.7,4,-52,0
1657,10:40.8,4,-53,3
1658,10:40.9,4,-55,0
1659,10:41.0,4,-55,0
1660,10:41.5,4,-53,2
1661,10:41.1,4,-52,0
1662,10:41.2,4,-52,0
1663,10:41.3,4,-52,0
1664,10:41.4,4,-52,0
1665,10:41.5,4,-52,0
1666,10:41.6,4,-51,0
1667,10:41.7,4,-51,0
1668,10:41.8,4,-51,0
1669,10:41.9,4,-50,0
1670,10:42.5,4,-50,0
1671,10:42.2,4,-49,0
1672,10:42.3,4,-49,0
1673,10:42.4,4,-50,1
1674,10:42.5,4,-51,0
1675,10:42.7,4,-52,0
1676,10:42.8,4,-53,0
1677,10:42.8,4,-54,1
1678,10:42.9,4,-55,0
1679,10:43.3,4,-55,4
1680,10:43.1,4,-55,0
1681,10:43.2,4,-55,0
1682,10:43.3,4,-54,1
1683,10:43.4,4,-55,0
1684,10:43.5,4,-54,1
1685,10:43.6,4,-54,1
1686,10:43.7,4,-54,1
1687,10:43.8,4,-52,0
1688,10:43.9,4,-51,0
1689,10:44.0,4,-51,0
1690,10:44.2,4,-51,0
1691,10:44.3,4,-51,0
1692,10:44.4,4,-51,0
1693,10:44.6,4,-52,0
1694,10:44.7,4,-51,0
1695,10:44.8,4,-51,0
1696,10:44.9,4,-52,0
1697,10:45.5,4,-52,0
1698,10:45.2,4,-52,0
1699,10:45.3,4,-52,0
1700,10:45.4,4,-52,0
1701,10:45.6,4,-52,0
1702,10:45.7,4,-52,0
1703,10:45.8,4,-54,1
1704,10:45.9,4,-53,1
1705,10:46.0,4,-52,1
1706,10:46.8,4,-51,0
1707,10:46.2,4,-50,0
1708,10:46.3,4,-50,0
1709,10:46.4,4,-50,0
1710,10:46.6,4,-50,0
1711,10:46.7,4,-50,0
1712,10:46.8,4,-51,0
1713,10:46.9,4,-51,0
1714,10:47.5,4,-52,0
1715,10:47.2,4,-52,0
1716,10:47.3,4,-53,0
1717,10:47.4,4,-54,1
1718,10:47.5,4,-55,0
1719,10:47.6,4,-55,0
1720,10:47.7,4,-55,0
1721,10:47.8,4,-55,4
1722,10:47.8,4,-55,0
1723,10:47.9,4,-55,0
1724,10:48.3,4,-52,0
1725,10:48.1,4,-51,0
1726,10:48.3,4,-50,0
1727,10:48.4,4,-50,0
1728,10:48.5,4,-51,0
1729,10:48.6,4,-51,0
1730,10:48.7,4,-51,0
1731,10:48.8,4,-52,0
1732,10:48.9,4,-52,0
1733,10:49.7,4,-49,0
1734,10:49.1,4,-50,1
1735,10:49.3,4,-51,0
1736,10:49.3,4,-52,0
1737,10:49.4,4,-53,0
1738,10:49.5,4,-53,1
1739,10:49.6,4,-54,1
1740,10:49.7,4,-55,4
1741,10:49.8,4,-56,1
1742,10:49.9,4,-54,1
1743,10:50.0,4,-51,1
1744,10:50.7,4,-50,0
1745,10:50.2,4,-49,0
1746,10:50.3,4,-49,0
1747,10:50.4,4,-49,0
1748,10:50.5,4,-49,1
1749,10:50.6,4,-51,0
1750,10:50.7,4,-51,0
1751,10:50.7,4,-53,5
1752,10:50.8,4,-55,0
1753,10:50.9,4,-55,0
1754,10:51.3,4,-55,0
1755,10:51.1,4,-55,0
1756,10:51.2,4,-55,0
1757,10:51.3,4,-55,0
1758,10:51.5,4,-57,0
1759,10:52.3,4,-57,0
1760,10:52.6,4,-57,0
1761,10:53.0,4,-57,0
1762,10:53.7,4,-56,1
1763,11:01.5,5,-58,0
1764,11:01.9,5,-53,4
1765,11:02.1,5,-56,2
1766,11:02.5,5,-58,0
1767,11:02.7,5,-56,0
1768,11:02.9,5,-55,1
1769,11:03.8,5,-53,2
1770,11:03.2,5,-57,0
1771,11:03.4,5,-55,0
1772,11:03.5,5,-55,0
1773,11:03.6,5,-55,0
1774,11:03.8,5,-52,0
1775,11:04.7,5,-54,1
1776,11:04.1,5,-55,0
1777,11:04.3,5,-57,0
1778,11:04.7,5,-56,2
1779,11:05.6,5,-56,13
1780,11:05.8,5,-55,1
1781,11:06.0,5,-55,0
1782,11:06.5,5,-55,0
1783,11:06.2,5,-55,0
1784,11:06.3,5,-55,1
1785,11:06.4,5,-56,0
1786,11:06.5,5,-57,0
1787,11:06.6,5,-56,3
1788,11:06.7,5,-56,1
1789,11:07.5,5,-55,8
1790,11:07.6,5,-58,0
1791,11:07.9,5,-56,0
1792,11:08.2,5,-57,4
1793,11:08.6,5,-58,0
1794,11:08.7,5,-53,0
1795,11:08.8,5,-53,1
1796,11:09.7,5,-53,1
1797,11:09.2,5,-55,0
1798,11:09.4,5,-57,1
1799,11:09.5,5,-56,1
1800,11:09.8,5,-58,1
1801,11:10.8,5,-54,7
1802,11:11.1,5,-58,0
1803,11:11.2,5,-56,2
1804,11:11.3,5,-55,0
1805,11:11.4,5,-55,0
1806,11:11.5,5,-55,0
1807,11:11.6,5,-55,4
1808,11:11.7,5,-56,1
1809,11:11.8,5,-56,0
1810,11:11.9,5,-52,0
1811,11:12.0,5,-54,1
1812,11:12.2,5,-56,0
1813,11:12.4,5,-56,4
1814,11:12.8,5,-57,0
1815,11:13.1,5,-54,5
1816,11:13.8,5,-56,3
1817,11:13.9,5,-56,0
1818,11:14.3,5,-56,0
1819,11:14.1,5,-56,0
1820,11:14.2,5,-54,2
1821,11:14.5,5,-54,1
1822,11:14.6,5,-55,0
1823,11:14.7,5,-55,1
1824,11:14.8,5,-57,0
1825,11:15.0,5,-56,1
1826,11:15.3,5,-55,0
1827,11:16.5,5,-57,0
1828,11:16.6,5,-55,0
1829,11:16.7,5,-56,0
1830,11:16.9,5,-56,0
1831,11:17.0,5,-55,1
1832,11:17.8,5,-55,0
1833,11:17.2,5,-56,1
1834,11:17.3,5,-57,0
1835,11:17.4,5,-57,3
1836,11:17.8,5,-57,0
1837,11:18.1,5,-57,1
1838,11:18.2,5,-53,1
1839,11:18.0,5,-53,1
1840,11:19.1,5,-56,1
1841,11:19.3,5,-55,1
1842,11:19.4,5,-55,0
1843,11:19.6,5,-55,0
1844,11:19.8,5,-55,0
1845,11:19.9,5,-55,0
1846,11:20.2,5,-57,0
1847,11:20.3,5,-54,4
1848,11:20.5,5,-56,1
1849,11:21.4,5,-55,0
1850,11:21.5,5,-58,0
1851,11:22.3,5,-58,0
1852,11:22.4,5,-57,0
1853,11:22.5,5,-57,1
1854,11:22.8,5,-58,5
1855,11:23.2,5,-54,12
1856,11:23.5,5,-52,0
1857,11:23.7,5,-53,0
1858,11:24.0,5,-57,0
1859,11:24.7,5,-58,0
1860,11:24.8,5,-57,4
1861,11:25.3,5,-55,0
1862,11:25.4,5,-57,0
1863,11:25.7,5,-56,7
1864,11:26.5,5,-55,0
1865,11:27.2,5,-55,0
1866,11:27.3,5,-55,0
1867,11:27.4,5,-55,0
1868,11:27.6,5,-57,0
1869,11:27.7,5,-57,0
1870,11:27.8,5,-55,0
1871,11:27.9,5,-55,0
1872,11:28.0,5,-55,0
1873,11:28.8,5,-55,0
1874,11:28.7,5,-55,4
1875,11:29.3,5,-55,1
1876,11:29.7,5,-54,2
1877,11:29.8,5,-53,1
1878,11:30.0,5,-55,0
1879,11:30.2,5,-54,1
1880,11:30.4,5,-53,2
1881,11:30.6,5,-54,9
1882,11:31.3,5,-57,1
1883,11:31.5,5,-52,0
1884,11:32.3,5,-56,7
1885,11:32.7,5,-57,4
1886,11:32.8,5,-55,0
1887,11:32.9,5,-55,0
1888,11:33.3,5,-55,0
1889,11:33.2,5,-55,0
1890,11:33.2,5,-56,0
1891,11:33.4,5,-57,0
1892,11:33.6,5,-55,9
1893,11:34.4,5,-56,3
1894,11:35.0,5,-53,3
1895,11:35.2,5,-55,0
1896,11:35.4,5,-54,3
1897,11:35.6,5,-55,0
1898,11:35.7,5,-55,0
1899,11:35.8,5,-55,0
1900,11:35.9,5,-54,2
1901,11:36.4,5,-57,3
1902,11:36.6,5,-56,2
1903,11:36.8,5,-54,1
1904,11:37.0,5,-55,1
1905,11:37.3,5,-56,3
1906,11:37.5,5,-56,1
1907,11:37.9,5,-55,0
1908,11:38.0,5,-55,0
1909,11:38.1,5,-57,3
1910,11:38.2,5,-57,0
1911,11:38.4,5,-56,19
1912,11:39.0,5,-54,4
1913,11:39.3,5,-53,1
1914,11:39.6,5,-55,4
1915,11:40.2,5,-53,4
1916,11:40.2,5,-53,3
1917,11:40.5,5,-57,0
1918,11:40.6,5,-58,0
1919,11:40.8,5,-57,0
1920,11:40.9,5,-57,0
1921,11:41.5,5,-56,1
1922,11:41.2,5,-56,0
1923,11:41.3,5,-55,6
1924,11:41.9,5,-51,0
1925,11:42.3,5,-51,0
1926,11:42.4,5,-53,3
1927,11:42.8,5,-56,2
1928,11:43.0,5,-55,4
1929,11:43.5,5,-57,0
1930,11:43.6,5,-55,0
1931,11:43.8,5,-53,1
1932,11:43.8,5,-55,0
1933,11:44.0,5,-56,5
1934,11:44.2,5,-54,1
1935,11:44.4,5,-55,7
1936,11:44.6,5,-56,12
1937,11:45.3,5,-54,12
1938,11:45.2,5,-53,3
1939,11:45.7,5,-55,0
1940,11:46.1,5,-55,0
1941,11:46.3,5,-55,0
1942,11:46.5,5,-55,0
1943,11:46.7,5,-56,1
1944,11:47.0,5,-54,12
1945,11:47.6,5,-54,3
1946,11:48.3,5,-55,1
1947,11:48.7,5,-59,4
1948,11:48.8,5,-57,0
1949,11:48.9,5,-58,0
1950,11:49.7,5,-57,0
1951,11:49.2,5,-57,0
1952,11:49.3,5,-57,0
1953,11:49.4,5,-56,3
1954,11:49.9,5,-56,1
1955,11:50.2,5,-54,1
1956,11:50.4,5,-55,0
1957,11:50.7,5,-57,0
1958,11:51.0,5,-56,1
1959,11:51.2,5,-55,0
1960,11:52.3,5,-54,4
1961,11:52.3,5,-54,5
1962,11:52.7,5,-52,0
1963,11:53.3,5,-54,3
1964,11:53.6,5,-54,1
1965,11:54.2,5,-56,1
1966,11:54.7,5,-55,0
1967,11:54.9,5,-57,1
1968,11:55.3,5,-54,7
1969,11:55.5,5,-52,0
1970,11:55.7,5,-55,0
1971,12:05.7,2,-55,0
1972,12:05.9,2,-54,1
1973,12:06.3,2,-53,0
1974,12:06.2,2,-53,0
1975,12:06.3,2,-54,1
1976,12:06.4,2,-53,0
1977,12:06.5,2,-52,0
1978,12:06.7,2,-52,0
1979,12:06.9,2,-52,0
1980,12:07.2,2,-55,0
1981,12:07.3,2,-55,0
1982,12:07.6,2,-55,1
1983,12:07.8,2,-53,3
1984,12:08.8,2,-52,0
1985,12:08.2,2,-52,0
1986,12:08.7,2,-55,0
1987,12:15.9,6,-53,3
1988,12:16.2,6,-57,0
1989,12:16.8,6,-52,4
1990,12:16.9,6,-51,0
1991,12:17.1,6,-52,0
1992,12:17.4,6,-55,0
1993,12:17.6,6,-52,0
1994,12:17.7,6,-53,2
1995,12:18.0,6,-55,1
1996,12:18.2,6,-56,3
1997,12:18.1,6,-56,4
1998,12:18.1,6,-52,0
1999,12:19.3,6,-52,0
2000,12:19.6,6,-52,0
2001,12:19.8,6,-53,0
2002,12:20.0,6,-52,0
2003,12:20.1,6,-51,0
2004,12:20.4,6,-55,4
2005,12:21.0,6,-51,0
2006,12:21.7,6,-54,3
2007,12:21.3,6,-54,1
2008,12:21.6,6,-53,0
2009,12:21.8,6,-54,1
2010,12:22.2,6,-55,0
2011,12:22.6,6,-56,1
2012,12:22.8,6,-54,3
2013,12:23.0,6,-55,1
2014,12:23.5,6,-57,0
2015,12:23.7,6,-57,0
2016,12:24.0,6,-56,3
2017,12:24.4,6,-58,1
2018,12:24.7,6,-54,3
2019,12:25.3,6,-51,0
2020,12:25.2,6,-55,0
2021,12:25.4,6,-55,0
2022,12:25.7,6,-53,2
2023,12:26.0,6,-52,4
2024,12:26.3,6,-55,1
2025,12:26.6,6,-53,5
2026,12:27.0,6,-53,10
2027,12:27.6,6,-52,0
2028,12:27.7,6,-53,8
2029,12:28.3,6,-58,1
2030,12:28.7,6,-51,1
2031,12:28.8,6,-51,0
2032,12:28.9,6,-52,1
2033,12:29.2,6,-55,1
2034,12:29.2,6,-56,2
2035,12:29.6,6,-55,0
2036,12:29.8,6,-55,0
2037,12:30.0,6,-55,0
2038,12:30.8,6,-57,4
2039,12:30.5,6,-58,0
2040,12:30.6,6,-57,3
2041,12:30.8,6,-56,1
2042,12:31.5,6,-54,1
2043,12:31.5,6,-52,0
2044,12:31.7,6,-53,2
2045,12:31.9,6,-54,1
2046,12:33.0,6,-53,1
2047,12:32.3,6,-55,0
2048,12:32.5,6,-55,0
2049,12:32.6,6,-55,0
2050,12:32.7,6,-56,1
2051,12:33.4,6,-55,4
2052,12:33.5,6,-53,1
2053,12:33.7,6,-54,1
2054,12:33.8,6,-57,0
2055,12:34.0,6,-57,0
2056,12:34.3,6,-57,3
2057,12:34.1,6,-55,0
2058,12:34.3,6,-55,0
2059,12:34.7,6,-54,1
2060,12:34.9,6,-53,0
2061,12:35.2,6,-57,0
2062,12:35.8,7,-55,0
2063,12:36.0,7,-55,0
2064,12:36.7,7,-55,0
2065,12:36.2,7,-55,0
2066,12:36.3,7,-55,0
2067,12:36.4,7,-55,0
2068,12:36.5,7,-55,0
2069,12:36.7,7,-55,0
2070,12:37.2,7,-55,0
2071,12:37.4,7,-56,1
2072,12:37.6,7,-56,1
2073,12:37.7,7,-57,0
2074,12:37.8,7,-56,0
2075,12:38.0,7,-56,0
2076,12:38.7,7,-55,1
2077,12:38.2,7,-56,3
2078,12:38.9,7,-57,3
2079,12:39.2,7,-55,0
2080,12:39.4,7,-55,0
2081,12:39.6,7,-56,1
2082,12:39.8,7,-55,0
2083,12:40.0,7,-55,0
2084,12:40.7,7,-56,2
2085,12:40.2,7,-58,0
2086,12:40.3,7,-57,0
2087,12:40.8,7,-57,0
2088,12:40.9,7,-55,0
2089,12:41.0,7,-55,1
2090,12:41.3,7,-52,0
2091,12:41.7,7,-55,5
2092,12:41.9,7,-56,0
2093,12:42.0,7,-56,1
2094,12:42.2,7,-55,0
2095,12:42.6,7,-55,0
2096,12:42.7,7,-55,0
2097,12:42.9,7,-56,0
2098,12:43.3,7,-55,4
2099,12:43.3,7,-55,0
2100,12:43.6,7,-55,0
2101,12:43.8,7,-56,5
2102,12:44.4,7,-57,0
2103,12:44.5,7,-57,0
2104,12:44.6,7,-56,0
2105,12:44.7,7,-58,0
2106,12:45.2,7,-54,1
2107,12:45.4,7,-55,0
2108,12:45.6,7,-56,3
2109,12:45.8,7,-58,0
2110,12:45.9,7,-57,0
2111,12:46.0,7,-57,3
2112,12:46.1,7,-54,1
2113,12:46.4,7,-53,1
2114,12:46.6,7,-55,12
2115,12:46.8,7,-58,0
2116,12:47.3,7,-58,0
2117,12:47.4,7,-55,0
2118,12:47.5,7,-55,0
2119,12:48.7,7,-53,1
2120,12:48.3,7,-53,0
2121,12:48.6,7,-53,0
2122,12:48.7,7,-55,0
2123,12:48.8,7,-55,0
2124,12:48.9,7,-56,0
2125,12:49.2,7,-55,0
2126,12:49.8,7,-56,0
2127,12:49.8,7,-55,1
2128,12:50.2,7,-52,4
2129,12:50.3,7,-53,1
2130,12:50.5,7,-56,0
2131,12:50.6,7,-57,3
2132,12:52.3,7,-55,4
2133,12:52.4,7,-51,0
2134,12:52.7,7,-55,5
2135,12:53.2,7,-54,8
2136,12:53.4,7,-54,7
2137,12:53.9,7,-53,1
2138,12:54.2,7,-55,0
2139,12:54.8,7,-54,1
