time,activity,mean,variance,tag_id
17:51.6,1,-55,0,1
17:51.8,1,-55,0,1
17:52.1,1,-55,0,1
17:52.2,1,-56,1,1
17:52.4,1,-55,0,1
17:52.5,1,-55,0,1
17:52.6,1,-55,0,1
17:52.7,1,-56,0,1
17:52.8,1,-56,0,1
17:52.9,1,-55,0,1
17:53.2,1,-55,0,1
17:53.2,1,-55,0,1
17:53.4,1,-55,0,1
17:53.5,1,-55,0,1
17:53.6,1,-55,0,1
17:53.7,1,-55,0,1
17:53.9,1,-55,0,1
17:54.0,1,-55,0,1
17:54.2,1,-55,0,1
17:54.3,1,-55,0,1
17:54.5,1,-56,0,1
17:54.6,1,-56,1,1
17:54.7,1,-55,0,1
17:54.8,1,-55,0,1
17:54.9,1,-56,1,1
17:55.1,1,-55,0,1
17:55.3,1,-55,0,1
17:55.3,1,-55,0,1
17:55.4,1,-55,0,1
17:55.6,1,-55,0,1
17:55.7,1,-55,0,1
17:55.9,1,-55,0,1
17:56.0,1,-55,0,1
17:56.2,1,-55,0,1
17:56.4,1,-55,0,1
17:56.5,1,-55,0,1
17:56.6,1,-55,1,1
17:56.7,1,-55,0,1
17:56.8,1,-55,0,1
17:56.9,1,-56,0,1
17:57.1,1,-55,0,1
17:57.4,1,-55,1,1
17:57.5,1,-55,0,1
17:57.7,1,-55,0,1
17:57.8,1,-56,1,1
17:57.9,1,-55,0,1
17:58.1,1,-55,1,1
17:58.2,1,-55,0,1
17:58.3,1,-55,0,1
17:58.4,1,-55,0,1
17:58.5,1,-55,0,1
17:58.7,1,-56,0,1
17:58.8,1,-56,0,1
17:58.9,1,-56,0,1
17:59.0,1,-56,1,1
17:59.3,1,-55,0,1
17:59.4,1,-55,0,1
17:59.5,1,-55,0,1
17:59.6,1,-55,0,1
17:59.7,1,-56,1,1
17:59.9,1,-55,0,1
18:00.0,1,-55,0,1
18:00.2,1,-55,0,1
18:00.3,1,-55,0,1
18:00.4,1,-55,0,1
18:00.5,1,-55,0,1
18:00.7,1,-55,0,1
18:00.8,1,-55,0,1
18:00.9,1,-55,0,1
18:01.0,1,-56,0,1
18:01.2,1,-55,0,1
18:01.4,1,-55,0,1
18:01.5,1,-55,0,1
18:01.6,1,-55,0,1
18:01.7,1,-55,0,1
18:01.8,1,-55,0,1
18:01.9,1,-55,0,1
18:02.0,1,-55,0,1
18:02.2,1,-55,0,1
18:02.3,1,-55,0,1
18:02.4,1,-55,0,1
18:02.5,1,-55,0,1
18:02.6,1,-55,0,1
18:02.7,1,-55,0,1
18:02.8,1,-55,0,1
18:02.9,1,-55,0,1
18:03.2,1,-55,0,1
18:03.3,1,-55,0,1
18:03.4,1,-55,1,1
18:03.6,1,-56,0,1
18:03.7,1,-56,1,1
18:03.8,1,-55,1,1
18:03.9,1,-55,0,1
18:04.1,1,-55,0,1
18:04.2,1,-55,0,1
18:04.3,1,-55,0,1
18:04.4,1,-55,0,1
18:04.5,1,-55,0,1
18:04.6,1,-55,0,1
18:04.8,1,-55,0,1
18:04.9,1,-55,0,1
18:05.1,1,-55,0,1
18:05.2,1,-55,0,1
18:05.3,1,-56,0,1
18:05.4,1,-55,0,1
18:05.5,1,-55,0,1
18:05.6,1,-55,0,1
18:05.8,1,-55,0,1
18:05.8,1,-55,0,1
18:06.0,1,-55,0,1
18:06.2,1,-55,0,1
18:06.3,1,-55,0,1
18:06.4,1,-56,0,1
18:06.5,1,-55,0,1
18:06.6,1,-55,0,1
18:06.8,1,-55,0,1
18:06.9,1,-55,0,1
18:07.1,1,-55,0,1
18:07.3,1,-55,0,1
18:07.4,1,-55,0,1
18:07.5,1,-56,0,1
18:07.6,1,-55,0,1
18:07.8,1,-55,0,1
18:07.9,1,-55,0,1
18:08.0,1,-55,0,1
18:08.2,1,-55,0,1
18:08.3,1,-55,0,1
18:08.4,1,-55,0,1
18:08.5,1,-55,0,1
18:08.6,1,-55,0,1
18:08.8,1,-55,0,1
18:08.9,1,-55,0,1
18:09.1,1,-55,0,1
18:09.2,1,-55,0,1
18:15.8,2,-58,0,1
18:28.5,2,-58,0,1
18:31.7,2,-58,0,1
18:31.9,2,-58,0,1
18:34.5,2,-58,0,1
18:34.6,2,-58,0,1
18:37.8,2,-58,0,1
18:38.2,2,-58,0,1
18:38.8,2,-58,0,1
18:40.7,2,-58,0,1
18:40.9,2,-58,0,1
18:42.7,2,-59,2,1
18:44.1,2,-58,0,1
18:44.3,2,-57,0,1
18:44.4,2,-57,0,1
18:44.7,2,-58,0,1
18:45.0,2,-57,1,1
18:47.6,2,-57,0,1
18:47.8,2,-57,0,1
18:47.9,2,-57,0,1
18:48.2,2,-57,0,1
18:48.5,2,-58,0,1
18:48.8,2,-57,0,1
18:49.6,2,-58,0,1
18:49.7,2,-58,0,1
18:50.8,2,-57,0,1
18:50.9,2,-57,0,1
18:51.0,2,-57,0,1
18:51.3,2,-58,0,1
18:51.6,2,-57,0,1
18:51.8,2,-58,1,1
18:52.3,2,-58,0,1
18:54.1,2,-58,1,1
18:54.3,2,-57,0,1
18:54.4,2,-57,0,1
18:54.5,2,-56,0,1
18:54.6,2,-55,0,1
18:54.8,2,-57,0,1
18:55.1,2,-56,0,1
18:55.2,2,-57,0,1
18:55.5,2,-57,0,1
18:55.7,2,-57,1,1
18:55.8,2,-58,0,1
18:55.8,2,-57,0,1
18:56.0,2,-58,0,1
18:56.2,2,-57,0,1
18:56.3,2,-57,0,1
18:56.4,2,-58,0,1
18:56.5,2,-57,0,1
18:56.8,2,-58,0,1
18:57.4,2,-59,3,1
18:57.7,2,-57,0,1
18:57.9,2,-58,0,1
18:58.2,2,-57,0,1
18:58.4,2,-56,0,1
18:58.5,2,-57,1,1
18:58.6,2,-57,0,1
18:59.2,2,-56,0,1
18:59.3,2,-57,0,1
18:59.4,2,-57,0,1
18:59.5,2,-58,0,1
18:59.6,2,-57,0,1
18:59.7,2,-57,0,1
18:59.8,2,-57,0,1
19:00.0,2,-57,0,1
19:00.2,2,-57,0,1
19:00.3,2,-57,0,1
19:00.5,2,-59,0,1
19:00.8,2,-57,0,1
19:01.5,2,-57,0,1
19:01.6,2,-56,0,1
19:01.8,2,-55,0,1
19:01.9,2,-55,0,1
19:02.1,2,-55,0,1
19:02.4,2,-57,1,1
19:02.6,2,-56,0,1
19:02.7,2,-56,0,1
19:02.9,2,-57,0,1
19:03.0,2,-57,0,1
19:03.1,2,-58,0,1
19:03.2,2,-57,0,1
19:03.3,2,-56,0,1
19:03.4,2,-57,0,1
19:03.5,2,-57,0,1
19:03.6,2,-57,0,1
19:03.6,2,-57,0,1
19:03.7,2,-56,0,1
19:03.8,2,-57,0,1
19:03.9,2,-58,0,1
19:04.2,2,-57,1,1
19:04.8,2,-57,0,1
19:04.9,2,-56,0,1
19:05.2,2,-56,1,1
19:05.3,2,-55,0,1
19:05.3,2,-56,1,1
19:05.5,2,-55,0,1
19:05.8,2,-57,0,1
19:05.9,2,-57,0,1
19:06.1,2,-56,0,1
19:06.3,2,-56,0,1
19:06.4,2,-56,0,1
19:06.4,2,-57,0,1
19:06.5,2,-56,0,1
19:06.6,2,-56,1,1
19:06.7,2,-56,0,1
19:06.8,2,-56,0,1
19:06.9,2,-56,0,1
19:07.0,2,-55,0,1
19:07.2,2,-56,0,1
19:07.2,2,-57,1,1
19:07.3,2,-56,0,1
19:07.5,2,-58,0,1
19:07.6,2,-58,0,1
19:07.7,2,-57,1,1
19:07.8,2,-58,0,1
19:08.0,2,-57,1,1
19:08.3,2,-56,1,1
19:08.4,2,-56,0,1
19:08.5,2,-56,0,1
19:08.6,2,-55,0,1
19:08.8,2,-55,0,1
19:08.9,2,-55,0,1
19:09.0,2,-55,0,1
19:09.2,2,-57,3,1
19:09.4,2,-56,1,1
19:09.6,2,-56,0,1
19:09.7,2,-55,0,1
19:09.7,2,-56,1,1
19:09.8,2,-56,0,1
19:09.9,2,-57,0,1
19:10.0,2,-55,1,1
19:10.2,2,-55,0,1
19:10.3,2,-55,0,1
19:10.3,2,-55,0,1
19:10.4,2,-56,1,1
19:10.5,2,-57,0,1
19:10.6,2,-57,0,1
19:10.7,2,-56,0,1
19:10.8,2,-56,0,1
19:10.9,2,-57,0,1
19:11.2,2,-57,0,1
19:11.3,2,-57,0,1
19:11.5,2,-57,0,1
19:11.6,2,-56,1,1
19:11.7,2,-55,0,1
19:11.8,2,-57,0,1
19:11.9,2,-57,0,1
19:12.1,2,-56,1,1
19:12.2,2,-55,0,1
19:12.3,2,-56,1,1
19:12.5,2,-57,0,1
19:12.7,2,-56,1,1
19:12.9,2,-55,0,1
19:13.0,2,-56,1,1
19:13.1,2,-56,0,1
19:13.2,2,-56,0,1
19:13.3,2,-57,0,1
19:13.4,2,-56,0,1
19:13.5,2,-55,0,1
19:13.6,2,-56,0,1
19:13.6,2,-55,0,1
19:13.7,2,-55,0,1
19:13.8,2,-55,0,1
19:13.9,2,-55,0,1
19:14.1,2,-57,0,1
19:14.2,2,-56,0,1
19:14.3,2,-56,2,1
19:14.4,2,-58,0,1
19:14.5,2,-58,0,1
19:14.6,2,-57,0,1
19:14.8,2,-57,0,1
19:14.9,2,-57,0,1
19:15.0,2,-58,0,1
19:15.2,2,-56,0,1
19:15.3,2,-55,0,1
19:15.5,2,-57,1,1
19:15.6,2,-55,0,1
19:15.7,2,-55,0,1
19:15.8,2,-56,3,1
19:15.9,2,-55,0,1
19:16.1,2,-56,1,1
19:16.2,2,-57,1,1
19:16.4,2,-55,0,1
19:16.5,2,-55,0,1
19:16.6,2,-55,0,1
19:16.7,2,-56,1,1
19:16.8,2,-56,0,1
19:16.9,2,-56,0,1
19:17.0,2,-55,0,1
19:17.1,2,-55,0,1
19:17.2,2,-55,0,1
19:17.3,2,-55,0,1
19:17.4,2,-55,0,1
19:17.5,2,-55,0,1
19:17.5,2,-55,0,1
19:17.6,2,-55,1,1
19:17.7,2,-56,0,1
19:17.8,2,-55,0,1
19:17.9,2,-56,0,1
19:18.0,2,-57,0,1
19:18.2,2,-57,0,1
19:18.3,2,-57,0,1
19:18.4,2,-57,0,1
19:18.5,2,-57,0,1
19:18.6,2,-57,0,1
19:18.7,2,-57,0,1
19:18.8,2,-56,1,1
19:19.0,2,-55,0,1
19:19.1,2,-57,1,1
19:19.2,2,-57,0,1
19:19.4,2,-55,0,1
19:19.5,2,-55,0,1
19:19.7,2,-55,0,1
19:19.8,2,-56,2,1
19:19.9,2,-58,0,1
19:20.0,2,-55,0,1
19:20.2,2,-56,1,1
19:20.3,2,-55,0,1
19:20.4,2,-55,0,1
19:20.5,2,-57,0,1
19:20.6,2,-55,0,1
19:20.7,2,-55,0,1
19:20.7,2,-55,0,1
19:20.8,2,-55,0,1
19:20.9,2,-55,0,1
19:21.0,2,-55,0,1
19:21.2,2,-55,0,1
19:21.3,2,-57,0,1
19:21.3,2,-55,0,1
19:21.4,2,-55,0,1
19:21.5,2,-56,0,1
19:21.6,2,-56,0,1
19:21.7,2,-57,0,1
19:21.8,2,-57,0,1
19:21.9,2,-57,0,1
19:22.1,2,-57,0,1
19:22.3,2,-57,0,1
19:22.4,2,-56,0,1
19:22.5,2,-55,0,1
19:22.6,2,-56,0,1
19:22.6,2,-57,0,1
19:22.8,2,-57,0,1
19:22.9,2,-56,0,1
19:23.1,2,-56,0,1
19:23.2,2,-57,1,1
19:23.3,2,-58,0,1
19:23.5,2,-56,1,1
19:23.6,2,-55,0,1
19:23.7,2,-55,0,1
19:23.8,2,-55,0,1
19:23.9,2,-55,0,1
19:24.0,2,-55,0,1
19:24.2,2,-56,0,1
19:24.3,2,-55,0,1
19:24.4,2,-55,0,1
19:24.5,2,-56,1,1
19:24.5,2,-55,0,1
19:24.6,2,-55,0,1
19:24.7,2,-55,0,1
19:24.8,2,-55,0,1
19:24.9,2,-56,1,1
19:25.1,2,-55,1,1
19:25.2,2,-55,0,1
19:25.3,2,-55,0,1
19:25.4,2,-56,0,1
19:25.5,2,-57,0,1
19:25.6,2,-56,0,1
19:25.8,2,-57,0,1
19:25.9,2,-57,0,1
19:26.0,2,-57,0,1
19:26.2,2,-57,0,1
19:26.3,2,-55,0,1
19:26.4,2,-56,1,1
19:26.5,2,-57,0,1
19:26.7,2,-57,0,1
19:26.8,2,-56,0,1
19:26.9,2,-55,0,1
19:27.1,2,-57,0,1
19:27.2,2,-57,1,1
19:27.4,2,-55,1,1
19:27.5,2,-55,0,1
19:27.6,2,-55,0,1
19:27.7,2,-56,0,1
19:27.8,2,-56,0,1
19:27.9,2,-55,0,1
19:28.1,2,-55,0,1
19:28.2,2,-55,0,1
19:28.3,2,-55,0,1
19:28.3,2,-55,0,1
19:28.5,2,-55,0,1
19:28.6,2,-55,0,1
19:28.7,2,-56,1,1
19:28.7,2,-55,1,1
19:28.8,2,-55,0,1
19:28.9,2,-55,1,1
19:29.1,2,-57,0,1
19:29.2,2,-57,0,1
19:29.3,2,-57,0,1
19:29.4,2,-57,0,1
19:29.5,2,-57,0,1
19:29.6,2,-58,0,1
19:29.8,2,-58,0,1
19:29.9,2,-58,0,1
19:30.0,2,-57,1,1
19:30.2,2,-55,0,1
19:30.3,2,-56,0,1
19:30.4,2,-57,0,1
19:30.5,2,-56,1,1
19:30.6,2,-55,0,1
19:30.7,2,-55,0,1
19:30.9,2,-55,0,1
19:31.0,2,-57,0,1
19:31.2,2,-55,0,1
19:31.3,2,-56,3,1
19:31.5,2,-55,0,1
19:31.5,2,-56,1,1
19:31.6,2,-56,0,1
19:31.7,2,-56,0,1
19:31.8,2,-55,0,1
19:31.9,2,-55,0,1
19:32.0,2,-55,0,1
19:32.2,2,-55,0,1
19:32.3,2,-55,0,1
19:32.4,2,-56,1,1
19:32.5,2,-55,0,1
19:32.6,2,-55,0,1
19:32.8,2,-56,1,1
19:32.9,2,-56,0,1
19:33.0,2,-57,0,1
19:33.2,2,-57,0,1
19:33.2,2,-57,0,1
19:33.4,2,-57,0,1
19:33.5,2,-55,0,1
19:33.6,2,-55,1,1
19:33.7,2,-54,1,1
19:33.7,2,-55,0,1
19:33.9,2,-57,0,1
19:34.0,2,-56,0,1
19:34.2,2,-55,0,1
19:34.3,2,-55,0,1
19:34.5,2,-56,0,1
19:34.6,2,-58,1,1
19:34.7,2,-55,0,1
19:34.8,2,-55,0,1
19:35.0,2,-56,0,1
19:35.1,2,-56,0,1
19:35.2,2,-56,0,1
19:35.3,2,-55,0,1
19:35.4,2,-55,0,1
19:35.5,2,-56,1,1
19:35.6,2,-55,0,1
19:35.7,2,-55,0,1
19:35.8,2,-56,0,1
19:35.9,2,-56,1,1
19:36.0,2,-56,1,1
19:36.1,2,-56,1,1
19:36.2,2,-55,0,1
19:36.3,2,-55,0,1
19:36.4,2,-57,1,1
19:36.4,2,-56,0,1
19:36.5,2,-56,0,1
19:36.6,2,-57,0,1
19:36.8,2,-57,0,1
19:36.9,2,-55,1,1
19:37.1,2,-55,0,1
19:37.2,2,-55,1,1
19:37.3,2,-56,0,1
19:51.7,3,-58,0,1
19:55.6,3,-58,0,1
19:56.3,3,-59,3,1
19:59.2,3,-58,0,1
20:00.1,3,-58,0,1
20:03.5,3,-58,0,1
20:05.8,3,-58,0,1
20:07.2,3,-58,0,1
20:09.3,3,-58,0,1
20:11.5,3,-59,2,1
20:16.4,3,-60,1,1
20:19.8,3,-58,0,1
20:22.6,3,-58,0,1
20:24.3,3,-58,0,1
20:25.8,3,-58,0,1
20:29.3,3,-58,0,1
20:56.7,4,-58,0,1
20:56.8,4,-59,2,1
20:57.6,4,-59,0,1
21:03.2,4,-58,0,1
21:03.3,4,-58,0,1
21:03.4,4,-59,1,1
21:03.6,4,-58,0,1
21:03.7,4,-59,1,1
21:06.3,4,-60,1,1
21:06.4,4,-58,0,1
21:08.2,4,-59,1,1
21:13.9,4,-59,2,1
21:14.3,4,-59,0,1
21:18.7,4,-58,0,1
21:18.8,4,-59,1,1
21:19.9,4,-59,1,1
21:20.0,4,-59,0,1
21:20.2,4,-59,1,1
21:21.6,4,-58,0,1
21:21.8,4,-59,0,1
21:24.3,4,-58,0,1
21:24.7,4,-58,0,1
21:24.8,4,-58,0,1
21:24.9,4,-58,0,1
21:27.5,4,-58,0,1
21:28.6,4,-59,0,1
21:30.0,4,-58,0,1
21:30.3,4,-58,0,1
21:30.4,4,-58,0,1
21:31.4,4,-58,0,1
21:31.5,4,-58,0,1
21:33.0,4,-58,0,1
21:33.2,4,-58,0,1
21:33.2,4,-59,1,1
21:33.5,4,-58,0,1
21:35.2,4,-57,0,1
21:35.4,4,-58,0,1
21:35.5,4,-58,1,1
21:35.9,4,-58,0,1
21:40.6,4,-60,1,1
21:40.7,4,-58,0,1
21:41.4,4,-59,1,1
21:41.5,4,-60,1,1
21:41.6,4,-58,0,1
21:41.7,4,-58,0,1
21:41.9,4,-59,1,1
21:43.0,4,-59,3,1
21:43.2,4,-58,0,1
21:44.5,4,-59,1,1
21:44.6,4,-58,0,1
21:44.8,4,-58,0,1
21:44.9,4,-58,0,1
21:45.8,4,-59,0,1
21:46.3,4,-59,1,1
21:46.9,4,-58,0,1
21:48.9,4,-58,0,1
21:49.1,4,-58,0,1
21:50.4,4,-58,0,1
21:50.6,4,-59,0,1
21:50.7,4,-59,1,1
21:51.9,4,-58,0,1
21:52.0,4,-59,2,1
21:52.3,4,-59,1,1
21:52.9,4,-59,1,1
21:53.2,4,-59,0,1
21:53.3,4,-58,0,1
21:53.3,4,-59,0,1
21:53.8,4,-58,0,1
21:55.8,4,-59,2,1
21:55.9,4,-58,0,1
21:56.2,4,-59,0,1
21:56.5,4,-59,2,1
21:57.3,4,-58,0,1
21:57.9,4,-59,0,1
22:00.3,4,-60,1,1
22:02.8,3,-58,0,1
22:02.9,3,-58,0,1
22:03.1,3,-59,0,1
22:03.3,3,-59,1,1
22:03.7,3,-58,0,1
22:04.5,3,-58,0,1
22:04.6,3,-58,0,1
22:05.4,3,-58,0,1
22:05.5,3,-58,0,1
22:05.6,3,-58,0,1
22:07.1,3,-59,1,1
22:07.2,3,-59,0,1
22:07.3,3,-57,0,1
22:10.7,3,-58,0,1
22:11.4,3,-57,0,1
22:11.5,3,-58,0,1
22:13.3,3,-57,0,1
22:15.7,3,-59,2,1
22:16.3,3,-58,1,1
22:17.2,3,-58,0,1
22:19.3,3,-58,0,1
22:20.2,3,-58,0,1
22:22.1,3,-58,0,1
22:23.1,3,-58,0,1
22:23.9,3,-58,0,1
22:26.5,3,-58,0,1
22:28.6,3,-58,0,1
22:34.7,4,-58,0,1
22:36.4,4,-58,0,1
22:37.6,4,-58,0,1
22:43.6,4,-59,2,1
22:44.6,4,-58,0,1
22:52.6,4,-59,1,1
22:52.8,4,-59,0,1
22:52.9,4,-59,2,1
22:56.9,4,-61,0,1
23:07.7,2,-59,2,1
23:07.8,2,-58,0,1
23:10.7,2,-59,1,1
23:14.8,2,-59,0,1
23:15.5,2,-58,0,1
23:15.7,2,-58,0,1
23:15.8,2,-57,0,1
23:16.0,2,-56,0,1
23:16.1,2,-56,0,1
23:16.2,2,-55,1,1
23:16.4,2,-56,0,1
23:16.5,2,-57,0,1
23:16.7,2,-57,0,1
23:16.8,2,-57,1,1
23:16.9,2,-55,0,1
23:17.1,2,-55,0,1
23:17.2,2,-57,1,1
23:17.3,2,-57,3,1
23:17.7,2,-56,1,1
23:17.8,2,-55,0,1
23:17.9,2,-55,1,1
23:18.1,2,-55,0,1
23:18.2,2,-56,1,1
23:18.4,2,-57,0,1
23:18.4,2,-57,0,1
23:18.5,2,-56,0,1
23:18.6,2,-55,0,1
23:18.7,2,-56,0,1
23:18.8,2,-56,1,1
23:18.9,2,-57,0,1
23:19.0,2,-57,0,1
23:19.2,2,-56,1,1
23:19.3,2,-55,0,1
23:19.5,2,-55,0,1
23:19.5,2,-55,0,1
23:19.7,2,-57,0,1
23:19.8,2,-57,0,1
23:19.9,2,-56,0,1
23:20.0,2,-55,1,1
23:20.1,2,-56,0,1
23:20.3,2,-55,0,1
23:20.4,2,-55,0,1
23:20.5,2,-56,1,1
23:20.7,2,-56,2,1
23:20.8,2,-54,2,1
23:20.9,2,-55,0,1
23:21.0,2,-55,0,1
23:21.2,2,-55,0,1
23:21.2,2,-56,0,1
23:21.3,2,-56,1,1
23:21.4,2,-55,1,1
23:21.5,2,-56,1,1
23:21.7,2,-57,0,1
23:21.8,2,-57,0,1
23:22.0,2,-57,3,1
23:22.2,2,-55,1,1
23:22.3,2,-55,1,1
23:22.4,2,-55,0,1
23:22.5,2,-55,0,1
23:22.6,2,-56,0,1
23:22.7,2,-57,0,1
23:22.8,2,-56,0,1
23:22.9,2,-55,0,1
23:23.0,2,-55,0,1
23:23.2,2,-55,0,1
23:23.3,2,-55,0,1
23:23.4,2,-55,0,1
23:23.5,2,-55,0,1
23:23.6,2,-56,0,1
23:23.7,2,-56,1,1
23:23.8,2,-55,0,1
23:24.0,2,-55,0,1
23:24.1,2,-55,0,1
23:24.3,2,-55,0,1
23:24.4,2,-56,0,1
23:24.5,2,-56,0,1
23:24.6,2,-56,0,1
23:24.7,2,-56,1,1
23:24.8,2,-56,0,1
23:24.9,2,-56,0,1
23:25.0,2,-57,0,1
23:25.1,2,-56,2,1
23:25.3,2,-55,1,1
23:25.4,2,-55,0,1
23:25.5,2,-56,1,1
23:25.6,2,-55,0,1
23:25.7,2,-55,1,1
23:25.8,2,-56,1,1
23:25.9,2,-56,0,1
23:26.0,2,-55,0,1
23:26.2,2,-56,0,1
23:26.4,2,-55,0,1
23:26.5,2,-55,0,1
23:26.6,2,-55,0,1
23:26.7,2,-55,1,1
23:26.8,2,-57,0,1
23:27.0,2,-55,0,1
23:27.2,2,-55,0,1
23:27.2,2,-56,0,1
23:27.3,2,-56,1,1
23:27.4,2,-56,0,1
23:27.5,2,-57,0,1
23:27.6,2,-57,0,1
23:27.8,2,-56,2,1
23:27.9,2,-57,0,1
23:27.9,2,-57,0,1
23:28.2,2,-56,0,1
23:28.3,2,-57,0,1
23:28.4,2,-56,1,1
23:28.5,2,-56,3,1
23:28.6,2,-55,1,1
23:28.7,2,-55,0,1
23:28.8,2,-55,0,1
23:28.9,2,-55,0,1
23:29.0,2,-57,1,1
23:29.2,2,-56,0,1
23:29.3,2,-55,1,1
23:29.4,2,-55,0,1
23:29.5,2,-56,0,1
23:29.6,2,-55,0,1
23:29.8,2,-55,0,1
23:29.9,2,-55,0,1
23:30.1,2,-56,1,1
23:30.3,2,-55,0,1
23:30.4,2,-55,1,1
23:30.5,2,-57,0,1
23:30.6,2,-56,0,1
23:30.7,2,-56,0,1
23:30.7,2,-57,0,1
23:30.8,2,-57,1,1
23:30.9,2,-56,0,1
23:31.1,2,-56,0,1
23:31.2,2,-56,0,1
23:31.4,2,-57,0,1
23:31.5,2,-57,0,1
23:31.7,2,-58,1,1
23:31.8,2,-56,1,1
23:31.9,2,-56,1,1
23:32.3,2,-55,0,1
23:32.3,2,-55,0,1
23:32.5,2,-56,0,1
23:32.6,2,-55,0,1
23:32.7,2,-55,0,1
23:32.8,2,-56,1,1
23:32.9,2,-57,0,1
23:33.0,2,-56,1,1
23:33.3,2,-55,0,1
23:33.4,2,-57,0,1
23:33.5,2,-56,1,1
23:33.7,2,-53,1,1
23:33.8,2,-56,1,1
23:34.0,2,-57,0,1
23:34.1,2,-57,0,1
23:34.3,2,-56,0,1
23:34.4,2,-57,0,1
23:34.5,2,-57,0,1
23:34.6,2,-57,0,1
23:34.8,2,-57,0,1
23:34.9,2,-58,0,1
23:35.1,2,-57,1,1
23:35.2,2,-55,0,1
23:35.3,2,-55,0,1
23:35.4,2,-56,3,1
23:35.5,2,-55,0,1
23:35.6,2,-55,0,1
23:35.7,2,-55,0,1
23:38.0,1,-58,0,1
23:38.5,1,-57,0,1
23:38.6,1,-55,0,1
23:38.7,1,-56,5,1
23:38.8,1,-55,0,1
23:38.9,1,-55,0,1
23:39.1,1,-56,1,1
23:39.3,1,-55,0,1
23:39.4,1,-57,0,1
23:39.5,1,-55,0,1
23:39.6,1,-56,1,1
23:39.8,1,-57,0,1
23:39.9,1,-55,0,1
23:40.1,1,-55,0,1
23:40.2,1,-57,0,1
23:40.3,1,-57,0,1
23:40.4,1,-56,1,1
23:40.6,1,-55,0,1
23:40.7,1,-55,0,1
23:40.7,1,-56,0,1
23:40.8,1,-56,0,1
23:40.9,1,-55,0,1
23:41.1,1,-57,0,1
23:41.2,1,-58,0,1
23:41.3,1,-58,0,1
23:41.5,1,-58,0,1
23:41.6,1,-58,0,1
23:41.7,1,-58,0,1
23:41.8,1,-58,0,1
23:42.0,1,-56,3,1
23:42.2,1,-55,0,1
23:42.2,1,-55,0,1
23:42.3,1,-55,0,1
23:42.4,1,-55,0,1
23:42.6,1,-55,0,1
24:00.9,5,-58,0,1
24:01.4,5,-57,0,1
24:02.2,5,-56,1,1
24:02.4,5,-58,1,1
24:02.5,5,-57,1,1
24:07.3,5,-58,0,1
24:07.7,5,-57,0,1
24:07.8,5,-57,0,1
24:08.0,5,-55,0,1
24:08.2,5,-55,0,1
24:08.3,5,-55,0,1
24:08.4,5,-55,0,1
24:08.5,5,-55,0,1
24:08.8,5,-57,0,1
24:08.9,5,-55,0,1
24:09.0,5,-55,0,1
24:09.2,5,-55,0,1
24:09.3,5,-55,0,1
24:09.5,5,-55,0,1
24:09.7,5,-55,0,1
24:09.8,5,-55,0,1
24:10.0,5,-55,0,1
24:10.3,5,-55,0,1
24:10.4,5,-55,0,1
18:18.7,2,-51,0,2
18:18.8,2,-49,0,2
18:18.9,2,-49,0,2
18:19.1,2,-47,1,2
18:19.2,2,-49,0,2
18:19.3,2,-49,0,2
18:19.5,2,-52,1,2
18:19.6,2,-56,1,2
18:21.9,2,-53,17,2
18:22.2,2,-47,1,2
18:22.3,2,-49,4,2
18:22.4,2,-49,0,2
18:22.5,2,-51,0,2
18:22.7,2,-56,3,2
18:23.0,2,-53,17,2
18:25.2,2,-52,1,2
18:25.4,2,-48,2,2
18:25.5,2,-47,1,2
18:25.6,2,-49,1,2
18:25.7,2,-51,0,2
18:25.8,2,-54,2,2
18:26.0,2,-58,0,2
18:28.6,2,-52,1,2
18:28.7,2,-49,0,2
18:28.8,2,-48,1,2
18:28.9,2,-49,1,2
18:29.1,2,-51,2,2
18:29.2,2,-55,4,2
18:29.7,2,-53,7,2
18:32.0,2,-51,0,2
18:32.2,2,-55,4,2
18:32.7,2,-55,7,2
18:34.9,2,-53,4,2
18:35.2,2,-51,0,2
18:35.3,2,-51,1,2
18:35.5,2,-54,9,2
18:36.0,2,-53,14,2
18:38.2,2,-50,0,2
18:38.3,2,-53,2,2
18:38.5,2,-57,3,2
18:38.7,2,-54,10,2
18:41.2,2,-51,0,2
18:41.3,2,-52,10,2
18:41.4,2,-50,0,2
18:41.5,2,-51,0,2
18:41.6,2,-54,1,2
18:41.7,2,-57,0,2
18:44.6,2,-53,3,2
18:44.8,2,-51,0,2
18:44.9,2,-52,0,2
18:45.1,2,-56,3,2
18:48.0,2,-51,0,2
18:48.3,2,-53,2,2
18:51.2,2,-53,3,2
18:51.3,2,-51,0,2
18:51.5,2,-54,6,2
18:54.8,2,-54,5,2
18:55.5,2,-56,2,2
18:58.4,2,-55,0,2
18:58.5,2,-55,1,2
19:02.5,2,-56,0,2
24:07.6,5,-58,0,2
24:09.5,5,-55,0,2
24:09.7,5,-55,0,2
24:09.8,5,-54,3,2
24:10.1,5,-52,0,2
24:10.3,5,-55,0,2
24:10.5,5,-54,3,2
24:10.6,5,-55,0,2
24:10.8,5,-55,0,2
24:11.1,5,-57,0,2
24:11.2,5,-57,0,2
24:11.3,5,-58,1,2
24:11.6,5,-57,0,2
24:11.7,5,-57,0,2
24:11.8,5,-57,0,2
24:11.9,5,-57,1,2
24:12.4,5,-57,0,2
24:12.6,5,-57,0,2
24:12.7,5,-57,0,2
24:50.2,6,-56,0,2
24:50.3,6,-56,0,2
24:50.4,6,-57,0,2
24:50.5,6,-57,0,2
24:50.9,6,-57,0,2
24:51.0,6,-57,0,2
24:51.8,6,-57,0,2
24:51.9,6,-57,0,2
25:16.2,5,-57,0,2
25:16.3,5,-56,0,2
25:16.5,5,-57,0,2
25:16.5,5,-57,0,2
25:16.7,5,-57,0,2
25:16.8,5,-57,0,2
25:16.9,5,-57,0,2
25:17.0,5,-57,1,2
25:17.2,5,-55,0,2
25:17.3,5,-55,0,2
25:17.4,5,-55,1,2
25:17.5,5,-56,2,2
25:17.6,5,-56,0,2
25:17.7,5,-57,0,2
25:17.8,5,-57,0,2
25:17.9,5,-56,7,2
25:18.2,5,-52,4,2
25:18.2,5,-51,0,2
25:18.3,5,-50,1,2
25:18.4,5,-46,0,2
25:18.5,5,-46,0,2
25:18.7,5,-48,1,2
25:18.8,5,-49,0,2
25:18.9,5,-49,0,2
25:19.0,5,-49,0,2
25:19.2,5,-48,1,2
25:19.3,5,-47,1,2
25:19.4,5,-48,1,2
25:19.5,5,-49,0,2
25:19.6,5,-49,0,2
25:19.7,5,-49,0,2
25:19.8,5,-50,0,2
25:19.9,5,-49,0,2
25:20.1,5,-49,0,2
25:20.2,5,-49,0,2
25:20.3,5,-48,1,2
25:20.5,5,-47,0,2
25:20.6,5,-49,0,2
25:20.7,5,-49,0,2
25:20.7,5,-49,0,2
25:20.9,5,-49,0,2
25:21.1,5,-49,0,2
25:21.2,5,-49,0,2
25:21.3,5,-49,0,2
25:21.4,5,-50,0,2
25:21.6,5,-49,0,2
25:21.7,5,-49,0,2
25:21.9,5,-49,0,2
25:22.0,5,-49,0,2
25:22.2,5,-49,0,2
25:22.3,5,-49,0,2
25:22.4,5,-47,3,2
25:22.5,5,-47,3,2
25:22.6,5,-46,0,2
25:22.7,5,-46,0,2
25:22.9,5,-47,0,2
25:23.1,5,-48,1,2
25:23.2,5,-49,0,2
25:23.3,5,-49,0,2
25:23.4,5,-46,0,2
25:23.5,5,-46,0,2
25:23.6,5,-48,1,2
25:23.7,5,-50,2,2
25:23.9,5,-54,1,2
25:28.5,6,-57,0,2
25:28.6,6,-57,0,2
25:28.7,6,-56,1,2
25:28.8,6,-53,0,2
25:28.9,6,-55,1,2
25:29.1,6,-57,0,2
25:29.3,6,-56,0,2
25:29.4,6,-52,0,2
25:29.5,6,-52,0,2
25:29.6,6,-52,0,2
25:29.7,6,-52,0,2
25:29.8,6,-54,7,2
25:30.0,6,-54,3,2
25:30.2,6,-53,1,2
25:30.3,6,-54,1,2
25:30.5,6,-53,1,2
25:30.6,6,-53,1,2
25:30.7,6,-54,1,2
25:30.7,6,-57,3,2
25:31.1,6,-55,0,2
25:31.2,6,-55,0,2
25:31.4,6,-53,2,2
25:31.5,6,-52,0,2
25:31.6,6,-52,0,2
25:31.7,6,-54,1,2
25:31.8,6,-55,0,2
25:31.9,6,-54,1,2
25:32.2,6,-53,0,2
25:32.3,6,-53,0,2
25:32.4,6,-57,0,2
25:32.5,6,-56,7,2
25:32.6,6,-54,10,2
25:32.8,6,-52,0,2
25:32.9,6,-53,2,2
25:33.1,6,-55,0,2
25:33.2,6,-56,1,2
25:33.3,6,-55,0,2
25:33.5,6,-55,0,2
25:33.6,6,-55,0,2
25:33.7,6,-54,2,2
25:33.9,6,-53,1,2
25:34.0,6,-52,0,2
25:34.2,6,-52,0,2
25:34.3,6,-52,0,2
25:34.4,6,-52,0,2
25:34.5,6,-52,0,2
25:34.6,6,-52,0,2
25:34.7,6,-54,4,2
25:34.8,6,-55,0,2
25:34.9,6,-54,4,2
25:35.1,6,-52,0,2
25:35.3,6,-53,2,2
25:35.3,6,-53,0,2
25:35.5,6,-52,0,2
25:35.5,6,-54,1,2
25:35.6,6,-54,1,2
25:35.8,6,-54,1,2
25:36.0,6,-53,3,2
25:36.2,6,-52,0,2
25:36.3,6,-53,8,2
25:36.4,6,-56,0,2
25:36.5,6,-57,0,2
25:36.6,6,-57,0,2
25:36.7,6,-55,3,2
25:36.8,6,-56,0,2
25:36.9,6,-54,5,2
25:37.1,6,-53,0,2
25:37.3,6,-53,1,2
25:37.3,6,-55,0,2
25:37.5,6,-53,1,2
25:37.5,6,-54,1,2
25:37.7,6,-53,0,2
25:37.8,6,-53,0,2
25:37.8,6,-53,0,2
25:38.0,6,-55,0,2
25:38.1,6,-55,0,2
25:38.3,6,-55,1,2
25:38.4,6,-56,1,2
25:38.5,6,-55,0,2
25:38.6,6,-56,0,2
25:38.6,6,-55,0,2
25:38.8,6,-55,0,2
25:38.9,6,-53,3,2
25:39.1,6,-52,0,2
25:39.2,6,-52,0,2
25:39.3,6,-52,0,2
25:39.4,6,-52,0,2
25:39.5,6,-52,0,2
25:39.6,6,-53,3,2
25:39.7,6,-55,0,2
25:39.8,6,-55,0,2
25:39.9,6,-52,0,2
25:40.1,6,-52,0,2
25:40.2,6,-52,0,2
25:40.4,6,-52,0,2
25:40.5,6,-52,0,2
25:40.6,6,-53,1,2
25:40.7,6,-54,1,2
25:40.8,6,-54,3,2
25:40.9,6,-54,1,2
25:41.1,6,-52,0,2
25:41.2,6,-53,2,2
25:41.4,6,-53,1,2
25:41.4,6,-54,1,2
25:41.6,6,-53,0,2
25:41.7,6,-56,2,2
25:41.8,6,-57,0,2
25:42.0,6,-53,0,2
25:42.2,6,-53,0,2
25:42.3,6,-55,3,2
25:42.4,6,-56,1,2
25:42.5,6,-56,0,2
25:42.6,6,-56,0,2
25:42.7,6,-57,0,2
25:42.8,6,-54,5,2
25:43.0,6,-52,0,2
25:43.2,6,-52,0,2
25:43.2,6,-54,2,2
25:43.3,6,-54,12,2
25:44.2,6,-57,0,2
17:51.5,1,-54,3,3
17:51.7,1,-54,3,3
18:16.8,2,-55,0,3
18:16.9,2,-55,0,3
18:17.1,2,-54,1,3
18:17.2,2,-53,0,3
18:17.3,2,-52,0,3
18:17.5,2,-55,0,3
18:17.6,2,-55,0,3
18:17.7,2,-53,1,3
18:17.8,2,-52,0,3
18:17.9,2,-51,0,3
18:18.2,2,-51,0,3
18:18.3,2,-51,0,3
18:18.3,2,-51,0,3
18:18.4,2,-52,0,3
18:18.6,2,-53,0,3
18:18.8,2,-53,1,3
18:18.9,2,-54,9,3
18:18.9,2,-57,0,3
18:19.1,2,-57,0,3
18:19.2,2,-57,0,3
18:19.3,2,-56,1,3
18:19.4,2,-54,1,3
18:19.5,2,-52,0,3
18:19.7,2,-53,8,3
18:19.7,2,-51,0,3
18:19.8,2,-51,0,3
18:19.9,2,-52,0,3
18:20.1,2,-54,1,3
18:20.3,2,-55,1,3
18:20.4,2,-57,0,3
18:20.5,2,-56,2,3
18:20.6,2,-57,0,3
18:20.8,2,-57,0,3
18:20.9,2,-57,0,3
18:21.0,2,-57,1,3
18:21.1,2,-53,1,3
18:21.3,2,-55,4,3
18:21.4,2,-54,1,3
18:21.5,2,-53,5,3
18:21.5,2,-51,0,3
18:21.6,2,-52,0,3
18:21.7,2,-52,0,3
18:21.8,2,-52,0,3
18:22.0,2,-56,2,3
18:22.2,2,-57,3,3
18:22.5,2,-55,0,3
18:22.6,2,-52,0,3
18:22.7,2,-51,0,3
18:22.8,2,-52,5,3
18:22.9,2,-52,4,3
18:23.1,2,-52,0,3
18:23.2,2,-53,0,3
18:23.3,2,-54,1,3
18:23.4,2,-57,2,3
18:23.9,2,-58,0,3
18:24.3,2,-55,0,3
18:24.4,2,-53,1,3
18:24.5,2,-53,1,3
18:24.6,2,-53,3,3
18:24.8,2,-51,0,3
18:24.9,2,-51,0,3
18:25.0,2,-51,0,3
18:25.2,2,-52,0,3
18:25.3,2,-53,5,3
18:25.4,2,-57,1,3
18:25.7,2,-54,7,3
18:25.9,2,-52,0,3
18:26.1,2,-52,0,3
18:26.2,2,-53,1,3
18:26.4,2,-53,2,3
18:26.5,2,-52,0,3
18:26.6,2,-55,0,3
18:26.8,2,-56,14,3
18:27.5,2,-58,0,3
18:27.6,2,-55,0,3
18:27.7,2,-55,0,3
18:27.8,2,-55,0,3
18:28.0,2,-53,0,3
18:28.1,2,-51,0,3
18:28.2,2,-52,0,3
18:28.3,2,-52,0,3
18:28.4,2,-52,0,3
18:28.5,2,-52,0,3
18:28.7,2,-54,6,3
18:28.8,2,-58,0,3
18:29.1,2,-53,2,3
18:29.2,2,-52,0,3
18:29.3,2,-52,0,3
18:29.5,2,-52,8,3
18:29.5,2,-52,0,3
18:29.7,2,-52,0,3
18:29.8,2,-53,1,3
18:29.9,2,-53,1,3
18:30.0,2,-56,2,3
18:30.8,2,-56,2,3
18:30.9,2,-55,0,3
18:31.1,2,-55,0,3
18:31.2,2,-54,1,3
18:31.3,2,-51,0,3
18:31.4,2,-51,0,3
18:31.5,2,-52,5,3
18:31.6,2,-52,0,3
18:31.8,2,-56,2,3
18:32.0,2,-56,2,3
18:32.3,2,-51,0,3
18:32.4,2,-51,0,3
18:32.6,2,-51,0,3
18:32.7,2,-54,10,3
18:32.8,2,-53,0,3
18:33.0,2,-56,2,3
18:33.8,2,-57,0,3
18:33.9,2,-55,1,3
18:34.1,2,-55,0,3
18:34.3,2,-55,0,3
18:34.3,2,-54,1,3
18:34.4,2,-52,0,3
18:34.6,2,-50,0,3
18:34.7,2,-51,0,3
18:34.8,2,-53,3,3
18:35.0,2,-57,3,3
18:35.3,2,-54,6,3
18:35.5,2,-51,0,3
18:35.6,2,-51,0,3
18:35.7,2,-53,16,3
18:35.8,2,-52,0,3
18:35.9,2,-53,1,3
18:36.2,2,-56,7,3
18:36.5,2,-56,1,3
18:37.2,2,-55,0,3
18:37.3,2,-55,0,3
18:37.4,2,-53,1,3
18:37.6,2,-52,0,3
18:37.7,2,-51,0,3
18:37.9,2,-51,0,3
18:38.1,2,-53,6,3
18:38.3,2,-56,0,3
18:38.4,2,-54,3,3
18:38.6,2,-51,0,3
18:38.8,2,-53,1,3
18:39.0,2,-55,4,3
18:39.2,2,-56,3,3
18:40.0,2,-58,1,3
18:40.1,2,-55,0,3
18:40.3,2,-55,0,3
18:40.4,2,-55,0,3
18:40.6,2,-52,0,3
18:40.7,2,-51,0,3
18:40.9,2,-51,0,3
18:41.1,2,-53,2,3
18:41.2,2,-55,0,3
18:41.4,2,-57,0,3
18:41.5,2,-55,0,3
18:41.6,2,-53,3,3
18:41.7,2,-51,0,3
18:41.8,2,-51,0,3
18:41.9,2,-51,1,3
18:42.2,2,-54,1,3
18:42.3,2,-55,0,3
18:42.4,2,-55,10,3
18:42.8,2,-55,10,3
18:43.4,2,-56,1,3
18:43.5,2,-54,1,3
18:43.6,2,-52,0,3
18:43.7,2,-54,1,3
18:43.8,2,-53,0,3
18:44.0,2,-52,0,3
18:44.2,2,-51,0,3
18:44.3,2,-52,0,3
18:44.4,2,-52,0,3
18:44.6,2,-53,2,3
18:44.7,2,-54,3,3
18:45.1,2,-51,0,3
18:45.3,2,-51,0,3
18:45.3,2,-52,0,3
18:45.5,2,-54,1,3
18:45.6,2,-56,1,3
18:45.7,2,-55,16,3
18:46.6,2,-57,1,3
18:46.8,2,-55,0,3
18:47.0,2,-53,0,3
18:47.2,2,-53,0,3
18:47.3,2,-52,0,3
18:47.4,2,-51,0,3
18:47.5,2,-52,1,3
18:47.6,2,-52,0,3
18:47.7,2,-52,0,3
18:47.8,2,-52,0,3
18:48.1,2,-55,0,3
18:48.3,2,-53,3,3
18:48.5,2,-52,0,3
18:48.6,2,-52,0,3
18:48.8,2,-55,1,3
18:49.0,2,-57,0,3
18:49.8,2,-56,1,3
18:50.2,2,-55,0,3
18:50.2,2,-53,1,3
18:50.4,2,-53,0,3
18:50.5,2,-53,2,3
18:50.7,2,-52,0,3
18:50.9,2,-51,0,3
18:51.0,2,-52,5,3
18:51.0,2,-53,2,3
18:51.4,2,-53,3,3
18:51.6,2,-52,0,3
18:51.7,2,-52,0,3
18:51.9,2,-53,2,3
18:52.2,2,-57,1,3
18:52.3,2,-58,0,3
18:53.5,2,-56,1,3
18:53.6,2,-55,0,3
18:53.7,2,-55,0,3
18:53.8,2,-53,1,3
18:54.0,2,-52,0,3
18:54.3,2,-51,0,3
18:54.4,2,-51,0,3
18:54.5,2,-51,1,3
18:54.7,2,-52,1,3
18:54.9,2,-53,3,3
18:55.2,2,-51,0,3
18:55.3,2,-52,1,3
18:55.5,2,-55,0,3
18:55.8,2,-56,14,3
18:57.0,2,-55,1,3
18:57.2,2,-55,0,3
18:57.3,2,-55,0,3
18:57.4,2,-55,0,3
18:57.6,2,-53,2,3
18:57.7,2,-52,0,3
18:57.8,2,-50,0,3
18:57.9,2,-50,0,3
18:58.2,2,-51,0,3
18:58.3,2,-51,2,3
18:58.6,2,-51,0,3
18:58.7,2,-50,0,3
18:58.8,2,-50,0,3
18:59.0,2,-55,4,3
18:59.2,2,-56,2,3
19:00.7,2,-57,0,3
19:00.8,2,-56,0,3
19:00.9,2,-55,0,3
19:01.0,2,-55,0,3
19:01.2,2,-54,1,3
19:01.2,2,-55,0,3
19:01.3,2,-54,1,3
19:01.5,2,-52,0,3
19:01.6,2,-51,0,3
19:01.7,2,-51,0,3
19:01.8,2,-50,0,3
19:01.9,2,-51,1,3
19:02.2,2,-51,0,3
19:02.4,2,-50,0,3
19:02.5,2,-50,0,3
19:02.6,2,-51,0,3
19:02.7,2,-52,0,3
19:02.8,2,-54,3,3
19:02.9,2,-57,4,3
19:04.3,2,-58,0,3
19:04.5,2,-55,0,3
19:04.6,2,-55,0,3
19:04.7,2,-53,1,3
19:04.8,2,-53,0,3
19:05.0,2,-52,0,3
19:05.1,2,-51,0,3
19:05.2,2,-51,0,3
19:05.4,2,-51,0,3
19:05.5,2,-51,0,3
19:05.7,2,-50,0,3
19:05.8,2,-50,0,3
19:06.0,2,-53,3,3
19:06.2,2,-55,4,3
19:06.5,2,-57,3,3
19:07.8,2,-56,3,3
19:07.9,2,-55,0,3
19:08.1,2,-54,1,3
19:08.2,2,-55,0,3
19:08.4,2,-52,0,3
19:08.5,2,-52,5,3
19:08.6,2,-50,0,3
19:08.7,2,-49,0,3
19:08.8,2,-52,7,3
19:08.9,2,-51,0,3
19:09.2,2,-49,1,3
19:09.2,2,-49,0,3
19:09.3,2,-51,0,3
19:09.5,2,-52,4,3
19:09.5,2,-55,0,3
19:09.7,2,-55,14,3
19:11.4,2,-55,1,3
19:11.6,2,-55,0,3
19:11.7,2,-53,2,3
19:11.8,2,-51,0,3
19:11.9,2,-50,0,3
19:12.1,2,-50,0,3
19:12.3,2,-51,0,3
19:12.3,2,-50,1,3
19:12.5,2,-50,0,3
19:12.6,2,-50,0,3
19:12.7,2,-51,0,3
19:12.8,2,-53,8,3
19:12.9,2,-55,0,3
19:13.7,2,-57,0,3
19:14.7,2,-57,0,3
19:14.8,2,-56,0,3
19:14.9,2,-55,0,3
19:15.0,2,-55,0,3
19:15.2,2,-54,1,3
19:15.3,2,-52,0,3
19:15.4,2,-52,0,3
19:15.5,2,-51,0,3
19:15.7,2,-52,5,3
19:15.7,2,-51,0,3
19:15.8,2,-51,0,3
19:15.9,2,-51,0,3
19:16.1,2,-49,0,3
19:16.2,2,-50,1,3
19:16.3,2,-51,0,3
19:16.4,2,-54,1,3
19:16.6,2,-57,2,3
19:16.7,2,-53,16,3
19:18.2,2,-58,0,3
19:18.3,2,-56,0,3
19:18.5,2,-55,1,3
19:18.6,2,-55,0,3
19:18.7,2,-55,0,3
19:18.9,2,-54,1,3
19:19.0,2,-53,14,3
19:19.2,2,-51,2,3
19:19.3,2,-49,0,3
19:19.4,2,-49,0,3
19:19.5,2,-49,0,3
19:19.6,2,-50,1,3
19:19.7,2,-50,0,3
19:19.8,2,-50,0,3
19:19.9,2,-51,0,3
19:20.1,2,-54,1,3
19:20.2,2,-56,2,3
19:20.3,2,-53,4,3
19:22.2,2,-55,0,3
19:22.3,2,-55,0,3
19:22.4,2,-52,0,3
19:22.5,2,-51,0,3
19:22.6,2,-51,0,3
19:22.7,2,-51,0,3
19:22.9,2,-51,0,3
19:23.0,2,-50,0,3
19:23.1,2,-49,0,3
19:23.3,2,-49,0,3
19:23.4,2,-50,0,3
19:23.5,2,-51,0,3
19:23.7,2,-52,1,3
19:23.8,2,-54,16,3
19:23.9,2,-58,0,3
19:25.4,2,-58,0,3
19:25.5,2,-58,0,3
19:25.6,2,-57,0,3
19:25.8,2,-56,0,3
19:25.9,2,-55,0,3
19:26.1,2,-55,0,3
19:26.2,2,-54,1,3
19:26.3,2,-55,0,3
19:26.5,2,-53,2,3
19:26.6,2,-51,0,3
19:26.7,2,-50,0,3
19:26.8,2,-51,8,3
19:26.9,2,-50,0,3
19:27.1,2,-49,0,3
19:27.2,2,-49,0,3
19:27.4,2,-51,0,3
19:27.4,2,-53,4,3
19:27.5,2,-56,1,3
19:27.6,2,-58,0,3
19:29.4,2,-58,0,3
19:29.5,2,-57,0,3
19:29.8,2,-56,0,3
19:29.9,2,-55,0,3
19:30.0,2,-53,1,3
19:30.2,2,-52,0,3
19:30.3,2,-52,1,3
19:30.4,2,-52,5,3
19:30.5,2,-51,0,3
19:30.6,2,-50,0,3
19:30.8,2,-51,10,3
19:30.9,2,-49,0,3
19:31.0,2,-50,1,3
19:31.2,2,-50,2,3
19:31.3,2,-54,1,3
19:31.4,2,-54,19,3
19:32.7,2,-58,0,3
19:33.2,2,-56,2,3
19:33.4,2,-55,0,3
19:33.5,2,-55,0,3
19:33.6,2,-53,1,3
19:33.7,2,-52,0,3
19:33.8,2,-51,0,3
19:33.9,2,-50,0,3
19:34.1,2,-50,0,3
19:34.2,2,-51,0,3
19:34.3,2,-50,0,3
19:34.4,2,-49,0,3
19:34.5,2,-49,0,3
19:34.6,2,-50,0,3
19:34.7,2,-52,0,3
19:34.9,2,-55,0,3
19:34.9,2,-57,0,3
19:36.7,2,-55,0,3
19:36.8,2,-55,0,3
19:37.0,2,-53,2,3
19:37.2,2,-51,0,3
19:37.3,2,-51,0,3
19:37.4,2,-55,16,3
23:16.4,2,-58,0,3
23:16.8,2,-55,6,3
23:17.0,2,-52,0,3
23:17.2,2,-51,0,3
23:17.3,2,-51,0,3
23:17.4,2,-50,0,3
23:17.5,2,-51,2,3
23:17.6,2,-51,0,3
23:17.7,2,-52,0,3
23:17.8,2,-53,2,3
23:17.9,2,-56,1,3
23:18.2,2,-58,0,3
23:19.4,2,-58,0,3
23:19.5,2,-58,0,3
23:19.7,2,-57,0,3
23:19.8,2,-55,0,3
23:20.0,2,-54,1,3
23:20.2,2,-53,2,3
23:20.2,2,-50,1,3
23:20.3,2,-49,0,3
23:20.5,2,-49,0,3
23:20.6,2,-50,1,3
23:20.7,2,-53,3,3
23:20.8,2,-53,1,3
23:20.9,2,-55,1,3
23:21.1,2,-58,0,3
23:22.2,2,-57,0,3
23:22.3,2,-58,0,3
23:22.7,2,-57,0,3
23:22.8,2,-55,1,3
23:22.9,2,-54,1,3
23:23.0,2,-52,0,3
23:23.2,2,-51,0,3
23:23.3,2,-49,1,3
23:23.3,2,-50,3,3
23:23.4,2,-49,0,3
23:23.5,2,-49,0,3
23:23.7,2,-51,0,3
23:23.8,2,-52,0,3
23:23.9,2,-56,2,3
23:24.2,2,-58,0,3
23:25.4,2,-55,0,3
23:25.5,2,-57,1,3
23:26.0,2,-55,0,3
23:26.2,2,-52,1,3
23:26.3,2,-52,5,3
23:26.4,2,-49,0,3
23:26.5,2,-49,0,3
23:26.7,2,-49,0,3
23:26.9,2,-51,0,3
23:27.0,2,-53,2,3
23:27.3,2,-57,0,3
23:27.5,2,-56,3,3
23:28.6,2,-57,1,3
23:28.7,2,-55,1,3
23:28.9,2,-57,0,3
23:29.1,2,-57,0,3
23:29.3,2,-55,0,3
23:29.4,2,-53,1,3
23:29.5,2,-51,2,3
23:29.6,2,-49,0,3
23:29.8,2,-52,24,3
23:29.9,2,-50,0,3
23:30.1,2,-52,4,3
23:30.2,2,-55,0,3
23:30.3,2,-55,1,3
23:30.4,2,-55,10,3
23:30.6,2,-55,0,3
23:30.7,2,-54,6,3
23:31.9,2,-55,1,3
23:32.2,2,-56,3,3
23:32.6,2,-57,0,3
23:32.7,2,-54,1,3
23:32.8,2,-52,0,3
23:32.9,2,-51,0,3
23:33.1,2,-49,1,3
23:33.2,2,-51,0,3
23:33.3,2,-50,0,3
23:33.5,2,-52,0,3
23:33.6,2,-52,0,3
23:33.7,2,-56,2,3
23:33.9,2,-55,1,3
23:34.3,2,-56,2,3
23:35.4,2,-57,0,3
23:35.5,2,-55,1,3
23:35.6,2,-55,0,3
23:38.6,1,-56,2,3
23:38.7,1,-57,1,3
23:38.9,1,-57,0,3
23:39.0,1,-57,0,3
23:39.2,1,-56,0,3
23:39.3,1,-57,0,3
23:39.4,1,-56,0,3
23:39.5,1,-55,0,3
23:39.6,1,-54,7,3
23:39.7,1,-52,0,3
23:39.9,1,-51,0,3
23:40.0,1,-49,0,3
23:40.2,1,-49,0,3
23:40.3,1,-50,1,3
23:40.4,1,-51,0,3
23:40.5,1,-52,9,3
23:40.6,1,-56,1,3
23:40.8,1,-57,0,3
23:42.3,1,-58,0,3
23:42.4,1,-56,0,3
23:42.5,1,-56,0,3
23:42.7,1,-57,0,3
24:01.4,5,-56,2,3
24:01.7,5,-52,0,3
24:01.8,5,-52,0,3
24:02.0,5,-52,0,3
24:02.2,5,-52,0,3
24:02.3,5,-52,0,3
24:02.7,5,-51,0,3
24:02.8,5,-51,0,3
24:02.9,5,-51,0,3
24:03.1,5,-53,0,3
24:03.2,5,-52,0,3
24:03.3,5,-53,2,3
24:03.4,5,-55,0,3
24:03.6,5,-53,1,3
24:03.7,5,-54,1,3
24:03.8,5,-53,1,3
24:03.9,5,-55,0,3
24:04.1,5,-55,0,3
24:04.2,5,-53,0,3
24:04.3,5,-54,1,3
24:04.5,5,-55,0,3
24:04.6,5,-53,0,3
24:04.7,5,-53,1,3
24:04.7,5,-53,0,3
24:04.8,5,-53,0,3
24:05.0,5,-53,0,3
24:05.2,5,-53,1,3
24:05.4,5,-55,0,3
24:05.5,5,-55,0,3
24:05.6,5,-54,1,3
24:05.7,5,-55,0,3
24:05.8,5,-54,2,3
24:05.9,5,-53,1,3
24:06.0,5,-53,2,3
24:06.2,5,-54,3,3
24:06.3,5,-55,1,3
24:06.4,5,-56,0,3
24:06.4,5,-55,7,3
24:06.6,5,-54,3,3
24:06.7,5,-53,1,3
24:06.8,5,-54,3,3
24:06.9,5,-55,0,3
24:06.9,5,-55,0,3
24:07.1,5,-57,0,3
24:07.2,5,-56,0,3
24:07.3,5,-55,0,3
24:07.4,5,-55,1,3
24:07.7,5,-55,0,3
24:07.8,5,-55,0,3
24:07.9,5,-57,0,3
24:08.6,5,-56,0,3
24:08.7,5,-57,0,3
24:08.7,5,-57,0,3
24:08.9,5,-58,4,3
24:09.4,5,-57,0,3
24:10.2,5,-56,0,3
24:10.5,5,-57,0,3
24:10.8,5,-56,0,3
24:11.0,5,-55,0,3
24:11.2,5,-53,1,3
24:11.3,5,-52,0,3
24:11.4,5,-52,6,3
24:11.7,5,-50,0,3
24:11.9,5,-51,1,3
24:11.9,5,-52,0,3
24:12.1,5,-53,0,3
24:12.2,5,-53,2,3
24:12.3,5,-51,1,3
24:12.4,5,-51,0,3
24:12.5,5,-51,0,3
24:12.7,5,-52,0,3
24:12.7,5,-52,0,3
24:12.9,5,-52,0,3
24:12.9,5,-52,0,3
24:13.1,5,-53,0,3
24:13.2,5,-53,1,3
24:13.3,5,-52,0,3
24:13.4,5,-52,0,3
24:13.5,5,-54,1,3
24:13.6,5,-55,0,3
24:13.7,5,-54,1,3
24:13.7,5,-55,0,3
24:13.8,5,-55,0,3
24:13.9,5,-55,0,3
24:14.0,5,-55,0,3
24:14.2,5,-54,1,3
24:14.3,5,-53,1,3
24:14.4,5,-53,1,3
24:14.5,5,-54,1,3
24:14.5,5,-54,1,3
24:14.6,5,-55,0,3
24:14.7,5,-55,0,3
24:14.8,5,-55,0,3
24:14.9,5,-53,1,3
24:15.0,5,-53,1,3
24:15.2,5,-55,0,3
24:15.2,5,-55,0,3
24:15.3,5,-55,0,3
24:15.4,5,-55,0,3
24:15.5,5,-54,1,3
24:15.6,5,-55,0,3
24:15.7,5,-55,0,3
24:15.8,5,-54,1,3
24:15.9,5,-55,0,3
24:15.9,5,-55,0,3
24:16.1,5,-55,0,3
24:16.2,5,-55,0,3
24:16.3,5,-55,0,3
24:16.4,5,-54,1,3
24:16.5,5,-55,0,3
24:16.5,5,-54,1,3
24:16.6,5,-54,1,3
24:16.7,5,-55,0,3
24:16.8,5,-54,1,3
24:16.9,5,-55,0,3
24:17.0,5,-55,0,3
24:17.1,5,-55,0,3
24:17.2,5,-54,1,3
24:17.3,5,-55,0,3
24:17.4,5,-54,1,3
24:17.5,5,-54,1,3
24:17.6,5,-55,0,3
24:17.6,5,-55,0,3
24:17.7,5,-54,1,3
24:17.8,5,-54,1,3
24:17.9,5,-55,0,3
24:18.0,5,-55,0,3
24:18.2,5,-54,1,3
24:18.3,5,-54,1,3
24:18.4,5,-53,0,3
24:18.5,5,-55,0,3
24:18.5,5,-55,0,3
24:18.6,5,-55,0,3
24:18.7,5,-55,0,3
24:18.8,5,-55,0,3
24:18.9,5,-55,0,3
24:19.0,5,-55,0,3
24:19.2,5,-55,0,3
24:19.2,5,-55,0,3
24:19.3,5,-55,0,3
24:19.4,5,-55,0,3
24:19.5,5,-55,0,3
24:19.6,5,-55,0,3
24:19.7,5,-55,0,3
24:19.8,5,-55,0,3
24:19.8,5,-55,0,3
24:19.9,5,-55,0,3
24:20.1,5,-55,0,3
24:20.2,5,-53,1,3
24:20.3,5,-53,1,3
24:20.4,5,-53,0,3
24:20.4,5,-54,1,3
24:20.5,5,-53,0,3
24:20.6,5,-54,1,3
24:20.7,5,-54,1,3
24:20.8,5,-55,0,3
24:20.9,5,-55,0,3
24:21.0,5,-55,0,3
24:21.1,5,-54,1,3
24:21.2,5,-53,1,3
24:21.3,5,-53,1,3
24:21.4,5,-53,0,3
24:21.5,5,-53,1,3
24:21.6,5,-53,1,3
24:21.7,5,-53,0,3
24:21.8,5,-54,1,3
24:21.8,5,-55,0,3
24:21.9,5,-55,0,3
24:22.1,5,-55,0,3
24:22.2,5,-55,0,3
24:22.3,5,-55,0,3
24:22.4,5,-55,0,3
24:22.5,5,-55,0,3
24:22.6,5,-55,0,3
24:22.6,5,-55,0,3
24:22.7,5,-55,0,3
24:22.8,5,-55,0,3
24:22.9,5,-55,0,3
24:23.0,5,-55,0,3
24:23.1,5,-55,0,3
24:23.2,5,-54,1,3
24:23.3,5,-54,1,3
24:23.4,5,-53,1,3
24:23.5,5,-53,1,3
24:23.6,5,-54,1,3
24:23.7,5,-53,1,3
24:23.8,5,-54,1,3
24:23.8,5,-55,0,3
24:23.9,5,-55,0,3
24:24.1,5,-55,0,3
24:24.2,5,-55,0,3
24:24.3,5,-55,0,3
24:24.3,5,-55,0,3
24:24.5,5,-55,0,3
24:24.6,5,-55,0,3
24:24.6,5,-55,0,3
24:24.7,5,-55,0,3
24:24.8,5,-55,0,3
24:24.9,5,-55,0,3
24:25.0,5,-55,0,3
24:25.2,5,-53,0,3
24:25.3,5,-53,0,3
24:25.4,5,-53,1,3
24:25.4,5,-55,0,3
24:25.5,5,-55,0,3
24:25.6,5,-55,0,3
24:25.7,5,-55,0,3
24:25.8,5,-55,0,3
24:25.9,5,-55,0,3
24:25.9,5,-53,1,3
24:26.1,5,-55,0,3
24:26.2,5,-55,0,3
24:26.3,5,-55,0,3
24:26.4,5,-54,1,3
24:26.4,5,-55,0,3
24:26.5,5,-55,0,3
24:26.6,5,-54,1,3
24:26.7,5,-53,1,3
24:26.8,5,-55,0,3
24:26.9,5,-55,0,3
24:27.0,5,-55,0,3
24:27.1,5,-55,0,3
24:27.2,5,-55,0,3
24:27.3,5,-55,0,3
24:27.4,5,-55,0,3
24:27.5,5,-54,1,3
24:27.6,5,-55,0,3
24:27.7,5,-55,0,3
24:27.8,5,-53,1,3
24:27.8,5,-53,1,3
24:27.9,5,-53,1,3
24:28.1,5,-53,0,3
24:28.2,5,-53,0,3
24:28.3,5,-53,1,3
24:28.4,5,-55,0,3
24:28.5,5,-54,1,3
24:28.6,5,-55,0,3
24:28.7,5,-55,0,3
24:28.8,5,-55,0,3
24:28.8,5,-54,1,3
24:28.9,5,-53,1,3
24:29.0,5,-54,1,3
24:29.2,5,-55,0,3
24:29.2,5,-55,0,3
24:29.3,5,-55,0,3
24:29.5,5,-55,0,3
24:29.5,5,-54,1,3
24:29.6,5,-55,0,3
24:29.7,5,-54,1,3
24:29.8,5,-53,1,3
24:29.9,5,-53,0,3
24:29.9,5,-53,0,3
24:30.1,5,-54,1,3
24:30.2,5,-55,0,3
24:30.3,5,-55,0,3
24:30.4,5,-55,0,3
24:30.5,5,-54,1,3
24:30.6,5,-55,0,3
24:30.7,5,-55,0,3
24:30.8,5,-55,0,3
24:30.8,5,-53,1,3
24:30.9,5,-55,0,3
24:31.1,5,-54,1,3
24:31.2,5,-55,0,3
24:31.3,5,-55,0,3
24:31.4,5,-55,0,3
24:31.4,5,-55,0,3
24:31.5,5,-55,0,3
24:31.6,5,-55,0,3
24:31.7,5,-55,0,3
24:31.8,5,-55,0,3
24:31.9,5,-55,0,3
24:32.0,5,-55,0,3
24:32.1,5,-55,0,3
24:32.2,5,-55,0,3
24:32.3,5,-55,0,3
24:32.4,5,-55,0,3
24:32.5,5,-55,0,3
24:32.6,5,-55,0,3
24:32.7,5,-54,1,3
24:32.8,5,-53,0,3
24:32.9,5,-53,1,3
24:33.0,5,-54,1,3
24:33.1,5,-53,0,3
24:33.2,5,-53,1,3
24:33.3,5,-53,1,3
24:33.4,5,-55,0,3
24:33.5,5,-55,0,3
24:33.6,5,-55,0,3
24:33.6,5,-55,0,3
24:33.7,5,-54,1,3
24:33.8,5,-53,1,3
24:42.5,6,-53,1,3
24:42.6,6,-54,1,3
24:42.7,6,-55,0,3
24:42.8,6,-55,0,3
24:42.9,6,-55,0,3
24:43.0,6,-54,2,3
24:43.1,6,-54,1,3
24:43.2,6,-54,1,3
24:43.3,6,-55,0,3
24:43.4,6,-55,0,3
24:43.5,6,-55,0,3
24:43.6,6,-55,0,3
24:43.7,6,-55,0,3
24:43.7,6,-55,0,3
24:43.8,6,-55,0,3
24:43.9,6,-55,0,3
24:44.1,6,-54,1,3
24:44.2,6,-55,0,3
24:44.3,6,-53,0,3
24:44.3,6,-53,0,3
24:44.4,6,-53,1,3
24:44.5,6,-53,1,3
24:44.6,6,-52,0,3
24:44.7,6,-53,0,3
24:44.8,6,-54,1,3
24:44.9,6,-53,1,3
24:45.0,6,-54,1,3
24:45.2,6,-55,0,3
24:45.3,6,-53,1,3
24:45.3,6,-54,1,3
24:45.4,6,-54,1,3
24:45.5,6,-54,1,3
24:45.6,6,-54,1,3
24:45.7,6,-55,0,3
24:45.8,6,-55,0,3
24:45.9,6,-55,0,3
24:46.0,6,-55,0,3
24:46.2,6,-55,0,3
24:46.3,6,-54,1,3
24:46.3,6,-54,1,3
24:46.4,6,-53,1,3
24:46.5,6,-53,1,3
24:46.6,6,-54,1,3
24:46.7,6,-55,0,3
24:46.8,6,-55,0,3
24:46.8,6,-55,0,3
24:46.9,6,-55,0,3
24:47.1,6,-55,0,3
24:47.2,6,-55,0,3
24:47.3,6,-55,0,3
24:47.4,6,-54,1,3
24:47.5,6,-54,1,3
24:47.6,6,-55,0,3
24:47.6,6,-55,0,3
24:47.7,6,-55,0,3
24:47.8,6,-55,0,3
24:47.9,6,-55,0,3
24:48.0,6,-55,0,3
24:48.1,6,-55,0,3
24:48.2,6,-55,0,3
24:48.3,6,-55,0,3
24:48.4,6,-55,0,3
24:48.5,6,-55,0,3
24:48.6,6,-55,0,3
24:48.7,6,-55,0,3
24:48.7,6,-55,0,3
24:48.8,6,-55,0,3
24:48.9,6,-55,0,3
24:49.0,6,-55,0,3
24:49.2,6,-55,0,3
24:49.3,6,-53,0,3
24:49.3,6,-53,0,3
24:49.4,6,-53,0,3
24:49.5,6,-53,1,3
24:49.6,6,-53,0,3
24:49.7,6,-53,0,3
24:49.8,6,-53,0,3
24:49.8,6,-53,1,3
24:49.9,6,-53,1,3
24:50.1,6,-53,1,3
24:50.2,6,-51,0,3
24:50.3,6,-51,0,3
24:50.4,6,-52,0,3
24:50.6,6,-52,0,3
24:50.6,6,-51,0,3
24:50.7,6,-51,0,3
24:50.8,6,-52,5,3
24:50.9,6,-51,0,3
24:51.1,6,-52,0,3
24:51.3,6,-52,0,3
24:51.4,6,-52,0,3
24:51.5,6,-53,0,3
24:51.6,6,-55,0,3
24:51.7,6,-56,0,3
24:51.8,6,-55,7,3
24:51.9,6,-57,2,3
24:52.1,6,-58,0,3
24:52.2,6,-56,0,3
24:52.4,6,-55,0,3
24:52.5,6,-56,5,3
24:52.6,6,-55,0,3
24:52.7,6,-55,0,3
24:52.8,6,-57,3,3
24:52.9,6,-55,0,3
24:53.0,6,-57,0,3
24:53.2,6,-55,1,3
24:53.4,6,-53,1,3
24:53.5,6,-54,5,3
24:53.6,6,-54,1,3
24:53.8,6,-55,0,3
24:53.9,6,-55,0,3
24:54.0,6,-56,1,3
24:54.1,6,-56,0,3
24:54.2,6,-55,0,3
24:54.3,6,-55,0,3
24:54.4,6,-53,1,3
24:54.5,6,-54,1,3
24:54.7,6,-53,1,3
24:54.8,6,-54,2,3
24:54.9,6,-53,0,3
24:55.0,6,-55,0,3
24:55.2,6,-55,0,3
24:55.3,6,-55,0,3
24:55.4,6,-55,0,3
24:55.5,6,-55,0,3
24:55.6,6,-54,3,3
24:55.8,6,-55,0,3
24:55.9,6,-55,0,3
24:56.1,6,-55,0,3
24:56.2,6,-52,0,3
24:56.3,6,-53,0,3
24:56.4,6,-54,1,3
24:56.5,6,-55,0,3
24:56.7,6,-53,0,3
24:56.7,6,-53,0,3
24:56.8,6,-54,1,3
24:57.0,6,-55,0,3
24:57.2,6,-55,0,3
24:57.3,6,-55,0,3
24:57.4,6,-55,0,3
24:57.5,6,-55,0,3
24:57.6,6,-55,0,3
24:57.7,6,-55,0,3
24:57.8,6,-55,0,3
24:57.9,6,-55,0,3
24:58.1,6,-54,1,3
24:58.3,6,-54,1,3
24:58.4,6,-53,1,3
24:58.4,6,-53,1,3
24:58.5,6,-54,2,3
24:58.6,6,-55,0,3
25:12.6,5,-55,0,3
25:12.8,5,-55,0,3
25:12.8,5,-53,2,3
25:13.0,5,-52,0,3
25:13.1,5,-55,0,3
25:13.2,5,-55,0,3
25:13.4,5,-55,0,3
25:13.5,5,-55,0,3
25:13.7,5,-55,0,3
25:13.7,5,-55,0,3
25:13.8,5,-55,0,3
25:13.9,5,-53,1,3
25:14.2,5,-54,3,3
25:14.3,5,-56,0,3
25:14.3,5,-56,0,3
25:14.5,5,-55,0,3
25:14.6,5,-55,0,3
25:14.6,5,-54,1,3
25:14.8,5,-54,1,3
25:14.9,5,-53,0,3
25:14.9,5,-53,1,3
25:15.2,5,-55,0,3
25:15.3,5,-55,0,3
25:15.4,5,-55,0,3
25:15.5,5,-55,0,3
25:15.6,5,-55,0,3
25:15.7,5,-55,0,3
25:15.7,5,-55,0,3
25:15.8,5,-57,0,3
25:15.9,5,-57,0,3
25:16.0,5,-56,1,3
25:16.1,5,-55,0,3
25:16.2,5,-55,0,3
25:16.3,5,-55,0,3
25:16.4,5,-57,0,3
25:16.6,5,-57,0,3
25:16.7,5,-57,0,3
25:16.8,5,-56,1,3
25:16.8,5,-56,0,3
25:17.0,5,-55,0,3
25:17.1,5,-54,1,3
25:17.2,5,-52,0,3
25:17.3,5,-52,5,3
25:17.4,5,-50,1,3
25:17.5,5,-49,0,3
25:17.7,5,-49,0,3
25:17.8,5,-49,0,3
25:17.9,5,-50,1,3
25:18.0,5,-53,5,3
25:18.2,5,-55,0,3
25:18.3,5,-52,0,3
25:18.4,5,-50,0,3
25:18.5,5,-51,0,3
25:18.6,5,-52,0,3
25:18.7,5,-52,0,3
25:18.8,5,-52,0,3
25:18.9,5,-52,0,3
25:19.1,5,-52,0,3
25:19.3,5,-52,0,3
25:19.4,5,-52,0,3
25:19.5,5,-52,0,3
25:19.6,5,-52,0,3
25:19.7,5,-53,3,3
25:19.9,5,-55,0,3
25:20.0,5,-55,0,3
25:20.2,5,-55,0,3
25:20.3,5,-54,1,3
25:20.4,5,-54,3,3
25:20.4,5,-52,0,3
25:20.6,5,-51,0,3
25:20.7,5,-51,0,3
25:20.8,5,-52,0,3
25:20.9,5,-52,0,3
25:21.2,5,-52,0,3
25:21.2,5,-52,0,3
25:21.3,5,-51,0,3
25:21.5,5,-52,0,3
25:21.6,5,-54,1,3
25:21.7,5,-55,0,3
25:21.8,5,-54,3,3
25:21.9,5,-55,0,3
25:22.1,5,-52,0,3
25:22.2,5,-53,0,3
25:22.4,5,-52,0,3
25:22.4,5,-52,0,3
25:22.6,5,-52,0,3
25:22.7,5,-52,0,3
25:22.8,5,-52,0,3
25:22.8,5,-52,0,3
25:22.9,5,-53,3,3
25:23.1,5,-55,0,3
25:23.3,5,-52,0,3
25:23.4,5,-51,1,3
25:23.4,5,-50,1,3
25:23.6,5,-51,1,3
25:23.7,5,-52,0,3
25:23.8,5,-53,3,3
25:23.9,5,-52,0,3
25:24.1,5,-51,0,3
25:24.2,5,-52,0,3
25:24.3,5,-51,0,3
25:24.5,5,-51,0,3
25:24.6,5,-51,0,3
25:24.7,5,-51,0,3
25:24.7,5,-51,0,3
25:24.8,5,-52,0,3
25:28.6,6,-52,0,3
25:28.7,6,-51,0,3
25:28.8,6,-51,0,3
25:28.9,6,-51,0,3
25:29.1,6,-52,0,3
25:29.2,6,-52,0,3
25:29.3,6,-51,0,3
25:29.5,6,-51,0,3
25:29.5,6,-51,0,3
25:29.7,6,-51,0,3
25:29.9,6,-51,0,3
25:30.0,6,-51,0,3
25:30.2,6,-51,0,3
25:30.3,6,-51,0,3
25:30.4,6,-51,0,3
25:30.5,6,-51,0,3
25:30.6,6,-51,0,3
25:30.7,6,-52,0,3
25:31.1,6,-52,0,3
25:31.3,6,-52,0,3
25:31.4,6,-51,0,3
25:31.6,6,-51,0,3
25:31.7,6,-51,0,3
25:31.8,6,-51,0,3
25:31.9,6,-51,0,3
25:32.2,6,-51,0,3
25:32.3,6,-51,0,3
25:32.4,6,-52,0,3
25:32.5,6,-52,0,3
25:32.6,6,-51,0,3
25:32.7,6,-51,0,3
25:32.8,6,-51,0,3
25:32.9,6,-51,0,3
25:33.1,6,-52,0,3
25:33.2,6,-52,0,3
25:33.4,6,-52,0,3
25:33.5,6,-51,0,3
25:33.6,6,-51,0,3
25:33.7,6,-51,0,3
25:33.8,6,-51,0,3
25:33.9,6,-51,0,3
25:34.1,6,-51,0,3
25:34.2,6,-51,0,3
25:34.3,6,-51,0,3
25:34.4,6,-51,0,3
25:34.5,6,-51,0,3
25:34.7,6,-51,0,3
25:34.7,6,-52,0,3
25:34.8,6,-51,0,3
25:34.9,6,-51,0,3
25:35.2,6,-51,0,3
25:35.3,6,-51,0,3
25:35.4,6,-51,0,3
25:35.5,6,-52,0,3
25:35.6,6,-51,0,3
25:35.7,6,-51,0,3
25:35.8,6,-51,0,3
25:35.9,6,-51,0,3
25:36.2,6,-51,0,3
25:36.3,6,-51,0,3
25:36.4,6,-52,0,3
25:36.5,6,-51,0,3
25:36.6,6,-52,0,3
25:36.7,6,-52,0,3
25:36.8,6,-51,0,3
25:36.9,6,-51,0,3
25:37.1,6,-51,0,3
25:37.2,6,-51,0,3
25:37.3,6,-51,0,3
25:37.4,6,-51,0,3
25:37.5,6,-51,0,3
25:37.6,6,-51,0,3
25:37.7,6,-51,0,3
25:37.8,6,-51,0,3
25:38.1,6,-52,0,3
25:38.2,6,-52,0,3
25:38.3,6,-52,0,3
25:38.4,6,-52,0,3
25:38.5,6,-52,0,3
25:38.6,6,-52,0,3
25:38.7,6,-52,0,3
25:38.8,6,-51,0,3
25:39.0,6,-51,0,3
25:39.2,6,-51,0,3
25:39.3,6,-51,0,3
25:39.4,6,-51,0,3
25:39.5,6,-51,0,3
25:39.7,6,-51,0,3
25:39.7,6,-52,0,3
25:39.8,6,-51,0,3
25:39.9,6,-51,0,3
25:40.1,6,-51,0,3
25:40.2,6,-51,0,3
25:40.3,6,-51,0,3
25:40.4,6,-51,0,3
25:40.5,6,-51,0,3
25:40.6,6,-51,0,3
25:40.7,6,-51,0,3
25:40.8,6,-52,0,3
25:41.0,6,-51,0,3
25:41.2,6,-51,0,3
25:41.3,6,-51,0,3
25:41.4,6,-51,0,3
25:41.5,6,-51,0,3
25:41.7,6,-52,0,3
25:41.8,6,-51,0,3
25:41.9,6,-51,0,3
25:42.2,6,-51,0,3
25:42.3,6,-51,0,3
25:42.4,6,-51,0,3
25:42.5,6,-52,0,3
25:42.6,6,-52,0,3
25:42.7,6,-52,0,3
25:42.8,6,-51,1,3
25:43.0,6,-50,0,3
25:43.1,6,-51,0,3
25:43.3,6,-51,0,3
25:43.4,6,-50,0,3
25:43.5,6,-49,0,3
25:43.5,6,-49,0,3
25:43.6,6,-51,0,3
25:43.7,6,-51,0,3
25:43.8,6,-51,1,3
25:43.9,6,-50,0,3
25:44.0,6,-51,0,3
25:44.2,6,-51,0,3
25:44.3,6,-51,0,3
25:44.4,6,-52,0,3
25:44.6,6,-53,0,3
25:44.7,6,-53,5,3
25:44.8,6,-55,0,3
25:44.8,6,-55,0,3
25:45.0,6,-55,0,3
25:45.1,6,-55,0,3
25:45.3,6,-54,1,3
25:45.4,6,-55,0,3
25:45.5,6,-55,0,3
25:45.6,6,-55,0,3
25:45.7,6,-56,0,3
17:51.5,1,-57,1,4
17:51.7,1,-54,2,4
17:52.0,1,-55,0,4
17:52.2,1,-55,0,4
17:52.3,1,-55,0,4
17:52.4,1,-55,0,4
17:52.5,1,-53,1,4
17:52.6,1,-53,1,4
17:52.7,1,-53,0,4
17:52.9,1,-53,0,4
17:53.1,1,-53,1,4
17:53.3,1,-55,0,4
17:53.4,1,-54,1,4
17:53.5,1,-54,1,4
17:53.6,1,-54,1,4
17:53.7,1,-54,1,4
17:53.9,1,-55,0,4
17:54.0,1,-55,0,4
17:54.2,1,-53,1,4
17:54.3,1,-53,1,4
17:54.4,1,-53,1,4
17:54.6,1,-53,1,4
17:54.7,1,-53,1,4
17:54.8,1,-54,1,4
17:54.9,1,-55,0,4
17:55.0,1,-54,1,4
17:55.2,1,-54,1,4
17:55.3,1,-55,0,4
17:55.4,1,-54,1,4
17:55.5,1,-54,1,4
17:55.6,1,-54,1,4
17:55.7,1,-54,1,4
17:55.8,1,-55,0,4
17:55.9,1,-54,1,4
17:56.0,1,-53,1,4
17:56.2,1,-55,0,4
17:56.3,1,-54,1,4
17:56.4,1,-55,0,4
17:56.5,1,-55,0,4
17:56.7,1,-54,1,4
17:56.9,1,-55,0,4
17:57.0,1,-55,0,4
17:57.3,1,-55,0,4
17:57.4,1,-54,1,4
17:57.6,1,-55,0,4
17:57.6,1,-55,0,4
17:57.8,1,-54,1,4
17:58.0,1,-53,0,4
17:58.2,1,-55,0,4
17:58.3,1,-54,1,4
17:58.4,1,-55,0,4
17:58.5,1,-53,1,4
17:58.6,1,-53,1,4
17:58.8,1,-53,1,4
17:58.9,1,-53,0,4
17:59.1,1,-53,0,4
17:59.2,1,-54,3,4
17:59.3,1,-54,1,4
17:59.5,1,-53,1,4
17:59.6,1,-55,0,4
17:59.7,1,-55,0,4
17:59.8,1,-53,1,4
17:59.9,1,-53,1,4
18:00.2,1,-53,1,4
18:00.3,1,-54,1,4
18:00.4,1,-55,0,4
18:00.4,1,-55,0,4
18:00.6,1,-54,1,4
18:00.7,1,-53,1,4
18:00.8,1,-53,0,4
18:00.9,1,-53,0,4
18:01.0,1,-53,0,4
18:01.2,1,-53,1,4
18:01.3,1,-53,0,4
18:01.4,1,-53,0,4
18:01.5,1,-54,1,4
18:01.6,1,-54,1,4
18:01.7,1,-53,1,4
18:01.9,1,-53,0,4
18:02.0,1,-53,0,4
18:02.2,1,-53,1,4
18:02.2,1,-53,1,4
18:02.4,1,-54,1,4
18:02.5,1,-53,1,4
18:02.5,1,-54,1,4
18:02.6,1,-53,1,4
18:02.7,1,-54,1,4
18:02.9,1,-55,0,4
18:03.0,1,-55,0,4
18:03.2,1,-55,0,4
18:03.3,1,-53,1,4
18:03.4,1,-54,1,4
18:03.5,1,-53,0,4
18:03.6,1,-53,1,4
18:03.8,1,-53,1,4
18:03.9,1,-54,1,4
18:04.1,1,-54,1,4
18:04.2,1,-53,1,4
18:04.3,1,-55,0,4
18:04.4,1,-53,1,4
18:04.5,1,-54,1,4
18:04.6,1,-54,1,4
18:04.8,1,-55,0,4
18:04.8,1,-55,0,4
18:04.9,1,-54,1,4
18:05.2,1,-53,1,4
18:05.3,1,-53,0,4
18:05.3,1,-54,1,4
18:05.5,1,-53,0,4
18:05.5,1,-53,0,4
18:05.7,1,-53,1,4
18:05.7,1,-53,1,4
18:05.9,1,-53,1,4
18:06.0,1,-53,0,4
18:06.2,1,-53,1,4
18:06.3,1,-55,0,4
18:06.4,1,-55,0,4
18:06.5,1,-55,0,4
18:06.6,1,-55,0,4
18:06.8,1,-54,1,4
18:06.9,1,-55,0,4
18:07.0,1,-53,1,4
18:07.2,1,-54,1,4
18:07.3,1,-54,1,4
18:07.5,1,-53,0,4
18:07.6,1,-55,0,4
18:07.7,1,-54,1,4
18:07.8,1,-54,1,4
18:07.9,1,-54,1,4
18:08.1,1,-55,0,4
18:08.2,1,-54,1,4
18:08.3,1,-55,0,4
18:08.4,1,-55,0,4
18:08.6,1,-53,1,4
18:08.7,1,-53,1,4
18:08.8,1,-55,0,4
18:08.9,1,-54,1,4
18:09.0,1,-53,1,4
18:09.2,1,-53,0,4
18:14.9,2,-55,0,4
18:15.0,2,-55,0,4
18:15.1,2,-55,0,4
18:15.2,2,-56,0,4
18:15.3,2,-55,0,4
18:15.4,2,-55,0,4
18:15.5,2,-55,0,4
18:15.6,2,-55,0,4
18:15.7,2,-55,0,4
18:15.8,2,-54,1,4
18:15.9,2,-53,1,4
18:16.0,2,-54,1,4
18:16.1,2,-55,0,4
18:16.3,2,-55,0,4
18:16.4,2,-55,0,4
18:16.4,2,-55,0,4
18:16.5,2,-55,0,4
18:16.6,2,-55,1,4
18:16.7,2,-53,1,4
18:16.8,2,-54,1,4
18:16.9,2,-55,0,4
18:17.2,2,-54,1,4
18:17.2,2,-54,1,4
18:17.3,2,-55,0,4
18:17.5,2,-55,0,4
18:17.6,2,-55,1,4
18:17.7,2,-57,1,4
18:17.9,2,-57,0,4
18:18.0,2,-58,0,4
18:20.1,2,-55,1,4
18:20.2,2,-55,0,4
18:20.3,2,-55,0,4
18:20.4,2,-55,0,4
18:20.5,2,-56,0,4
18:20.7,2,-55,0,4
18:20.8,2,-55,0,4
18:20.9,2,-55,0,4
18:21.0,2,-56,1,4
18:21.2,2,-56,0,4
18:21.3,2,-55,0,4
18:21.4,2,-55,0,4
18:21.5,2,-57,0,4
18:21.7,2,-56,2,4
18:22.9,2,-56,2,4
18:23.2,2,-55,0,4
18:23.3,2,-56,1,4
18:23.5,2,-55,0,4
18:23.5,2,-55,0,4
18:23.7,2,-55,0,4
18:23.8,2,-55,0,4
18:23.9,2,-55,0,4
18:24.0,2,-56,1,4
18:24.2,2,-55,1,4
18:24.2,2,-55,0,4
18:24.4,2,-55,0,4
18:24.5,2,-55,0,4
18:24.6,2,-55,1,4
18:24.7,2,-57,3,4
18:26.2,2,-58,1,4
18:26.3,2,-57,0,4
18:26.4,2,-57,0,4
18:26.5,2,-57,0,4
18:26.7,2,-57,0,4
18:26.8,2,-58,0,4
18:26.9,2,-58,0,4
18:27.1,2,-58,0,4
18:27.3,2,-58,0,4
18:27.3,2,-57,0,4
18:27.4,2,-55,0,4
18:27.6,2,-55,1,4
18:27.7,2,-55,0,4
18:27.8,2,-56,0,4
18:27.9,2,-58,0,4
18:29.5,2,-57,1,4
18:29.6,2,-55,0,4
18:29.8,2,-55,0,4
18:29.9,2,-55,0,4
18:30.0,2,-57,0,4
18:30.2,2,-57,0,4
18:30.3,2,-57,1,4
18:30.4,2,-56,0,4
18:30.5,2,-56,1,4
18:30.6,2,-56,0,4
18:30.6,2,-55,0,4
18:30.8,2,-55,1,4
18:30.9,2,-55,0,4
18:31.0,2,-55,0,4
18:31.2,2,-57,0,4
18:31.3,2,-55,1,4
18:32.5,2,-57,0,4
18:32.7,2,-57,1,4
18:32.8,2,-55,0,4
18:32.9,2,-57,0,4
18:33.0,2,-57,0,4
18:33.2,2,-57,0,4
18:33.3,2,-56,0,4
18:33.4,2,-56,0,4
18:33.5,2,-55,0,4
18:33.6,2,-56,0,4
18:33.7,2,-55,0,4
18:33.8,2,-55,0,4
18:33.9,2,-53,1,4
18:34.1,2,-55,0,4
18:34.2,2,-55,0,4
18:34.3,2,-56,0,4
18:34.4,2,-56,2,4
18:35.6,2,-57,1,4
18:35.8,2,-55,0,4
18:35.9,2,-55,0,4
18:36.2,2,-55,0,4
18:36.3,2,-56,0,4
18:36.4,2,-57,0,4
18:36.5,2,-57,0,4
18:36.6,2,-57,0,4
18:36.7,2,-56,0,4
18:36.8,2,-56,0,4
18:36.8,2,-55,0,4
18:37.0,2,-55,0,4
18:37.0,2,-55,0,4
18:37.2,2,-55,0,4
18:37.3,2,-55,0,4
18:37.5,2,-55,0,4
18:37.7,2,-56,3,4
18:38.7,2,-54,2,4
18:38.9,2,-53,1,4
18:39.2,2,-56,0,4
18:39.3,2,-56,1,4
18:39.3,2,-57,0,4
18:39.4,2,-58,0,4
18:39.5,2,-57,0,4
18:39.7,2,-57,0,4
18:39.8,2,-56,0,4
18:39.9,2,-55,0,4
18:40.0,2,-55,4,4
18:40.2,2,-54,1,4
18:40.3,2,-53,0,4
18:40.4,2,-53,1,4
18:40.5,2,-55,1,4
18:40.7,2,-57,3,4
18:41.9,2,-55,6,4
18:42.2,2,-54,1,4
18:42.3,2,-55,0,4
18:42.5,2,-56,0,4
18:42.6,2,-57,0,4
18:42.7,2,-57,0,4
18:42.8,2,-56,0,4
18:42.9,2,-57,0,4
18:43.0,2,-55,4,4
18:43.1,2,-55,1,4
18:43.2,2,-55,0,4
18:43.3,2,-55,1,4
18:43.4,2,-55,1,4
18:43.5,2,-56,1,4
18:43.7,2,-57,0,4
18:43.8,2,-57,0,4
18:43.9,2,-57,1,4
18:45.4,2,-55,0,4
18:45.5,2,-55,4,4
18:45.6,2,-56,1,4
18:45.8,2,-56,1,4
18:45.9,2,-57,0,4
18:45.9,2,-57,0,4
18:46.1,2,-56,0,4
18:46.3,2,-56,0,4
18:46.3,2,-56,0,4
18:46.4,2,-55,0,4
18:46.5,2,-55,0,4
18:46.6,2,-55,1,4
18:46.7,2,-55,0,4
18:46.8,2,-55,0,4
18:46.9,2,-55,1,4
18:47.0,2,-56,1,4
18:47.2,2,-57,0,4
18:47.3,2,-56,0,4
18:47.4,2,-57,0,4
18:48.6,2,-58,0,4
18:48.7,2,-56,1,4
18:48.9,2,-56,1,4
18:49.2,2,-56,0,4
18:49.2,2,-57,0,4
18:49.3,2,-56,2,4
18:49.4,2,-57,0,4
18:49.5,2,-57,0,4
18:49.6,2,-57,1,4
18:49.7,2,-55,0,4
18:49.8,2,-54,1,4
18:49.9,2,-54,1,4
18:50.0,2,-55,0,4
18:50.2,2,-55,0,4
18:50.3,2,-55,0,4
18:50.5,2,-56,1,4
18:50.7,2,-57,4,4
18:51.8,2,-55,4,4
18:52.1,2,-55,0,4
18:52.2,2,-54,1,4
18:52.3,2,-55,0,4
18:52.4,2,-55,0,4
18:52.5,2,-56,0,4
18:52.6,2,-55,0,4
18:52.7,2,-55,0,4
18:52.8,2,-55,0,4
18:52.8,2,-55,0,4
18:52.9,2,-55,0,4
18:53.1,2,-54,1,4
18:53.2,2,-53,1,4
18:53.3,2,-53,1,4
18:53.4,2,-54,1,4
18:53.5,2,-55,0,4
18:53.6,2,-56,1,4
18:53.8,2,-57,0,4
18:53.9,2,-56,0,4
18:54.0,2,-57,0,4
18:54.8,2,-56,2,4
18:55.5,2,-57,3,4
18:55.7,2,-57,0,4
18:55.8,2,-58,0,4
18:56.1,2,-58,0,4
18:56.3,2,-58,0,4
18:56.4,2,-57,0,4
18:56.5,2,-57,0,4
18:56.6,2,-57,2,4
18:56.7,2,-55,0,4
18:56.8,2,-55,0,4
18:57.0,2,-55,0,4
18:57.2,2,-56,1,4
18:57.3,2,-58,0,4
18:57.4,2,-57,4,4
18:57.5,2,-57,0,4
18:57.8,2,-58,0,4
18:59.0,2,-59,2,4
18:59.8,2,-61,0,4
19:00.3,2,-58,4,4
19:00.5,2,-55,1,4
19:00.6,2,-56,0,4
19:00.7,2,-57,0,4
19:00.8,2,-58,0,4
19:01.0,2,-58,0,4
19:01.5,2,-58,0,4
19:04.0,2,-57,1,4
19:04.2,2,-56,0,4
19:04.3,2,-56,2,4
19:04.5,2,-57,1,4
19:04.6,2,-57,0,4
19:04.7,2,-58,1,4
19:04.8,2,-58,5,4
19:07.5,2,-58,0,4
19:10.8,2,-58,1,4
19:10.9,2,-57,0,4
19:11.2,2,-57,0,4
19:11.3,2,-58,1,4
19:11.8,2,-58,0,4
19:14.4,2,-58,0,4
19:14.5,2,-59,3,4
19:32.6,2,-58,0,4
19:49.2,3,-51,0,4
19:49.2,3,-51,0,4
19:49.3,3,-51,0,4
19:49.4,3,-51,0,4
19:49.5,3,-51,0,4
19:49.6,3,-51,0,4
19:49.7,3,-51,0,4
19:49.8,3,-51,0,4
19:49.8,3,-51,0,4
19:49.9,3,-51,0,4
19:50.1,3,-51,0,4
19:50.2,3,-51,0,4
19:50.3,3,-51,0,4
19:50.4,3,-51,0,4
19:50.5,3,-51,0,4
19:50.5,3,-51,0,4
19:50.6,3,-49,0,4
19:50.7,3,-51,0,4
19:50.8,3,-51,0,4
19:50.9,3,-51,0,4
19:51.1,3,-51,0,4
19:51.2,3,-51,0,4
19:51.3,3,-52,0,4
19:51.4,3,-52,0,4
19:51.5,3,-52,0,4
19:51.5,3,-52,0,4
19:51.6,3,-53,2,4
19:51.7,3,-55,0,4
19:51.8,3,-55,0,4
19:51.9,3,-54,1,4
19:52.0,3,-54,1,4
19:52.2,3,-56,0,4
19:52.3,3,-55,0,4
19:52.4,3,-54,1,4
19:52.5,3,-54,1,4
19:52.5,3,-55,0,4
19:52.6,3,-55,0,4
19:52.7,3,-55,0,4
19:52.8,3,-55,0,4
19:52.9,3,-54,1,4
19:53.0,3,-53,1,4
19:53.1,3,-52,0,4
19:53.2,3,-52,0,4
19:53.3,3,-53,2,4
19:53.4,3,-53,10,4
19:53.5,3,-52,0,4
19:53.6,3,-51,0,4
19:53.7,3,-52,0,4
19:53.8,3,-51,0,4
19:53.8,3,-52,0,4
19:53.9,3,-51,0,4
19:54.0,3,-55,17,4
19:54.2,3,-58,0,4
19:54.3,3,-59,1,4
19:54.4,3,-59,4,4
19:54.4,3,-56,0,4
19:54.6,3,-56,0,4
19:54.7,3,-56,1,4
19:54.7,3,-53,3,4
19:54.8,3,-54,3,4
19:54.9,3,-53,2,4
19:55.1,3,-51,0,4
19:55.2,3,-51,0,4
19:55.3,3,-51,0,4
19:55.4,3,-51,0,4
19:55.5,3,-51,0,4
19:55.5,3,-50,0,4
19:55.7,3,-50,1,4
19:55.7,3,-49,0,4
19:55.8,3,-49,0,4
19:55.9,3,-49,0,4
19:56.0,3,-49,0,4
19:56.2,3,-49,0,4
19:56.3,3,-50,0,4
19:56.4,3,-51,0,4
19:56.5,3,-50,1,4
19:56.5,3,-52,0,4
19:56.6,3,-52,0,4
19:56.7,3,-51,0,4
19:56.8,3,-51,0,4
19:56.9,3,-52,0,4
19:57.0,3,-52,0,4
19:57.2,3,-54,3,4
19:57.2,3,-55,0,4
19:57.3,3,-53,2,4
19:57.4,3,-53,2,4
19:57.5,3,-56,0,4
19:57.6,3,-58,0,4
19:57.7,3,-57,0,4
19:57.8,3,-56,12,4
19:57.9,3,-55,0,4
19:58.0,3,-56,1,4
19:58.1,3,-54,3,4
19:58.2,3,-52,0,4
19:58.3,3,-54,3,4
19:58.4,3,-52,0,4
19:58.5,3,-52,0,4
19:58.6,3,-51,0,4
19:58.7,3,-52,8,4
19:58.7,3,-51,0,4
19:58.8,3,-51,0,4
19:58.9,3,-52,0,4
19:59.0,3,-51,0,4
19:59.2,3,-50,0,4
19:59.3,3,-50,0,4
19:59.3,3,-53,3,4
19:59.4,3,-55,0,4
19:59.5,3,-55,0,4
19:59.6,3,-52,1,4
19:59.7,3,-52,0,4
19:59.8,3,-51,0,4
19:59.9,3,-50,0,4
20:00.0,3,-51,0,4
20:00.2,3,-51,0,4
20:00.3,3,-51,0,4
20:00.4,3,-51,0,4
20:00.5,3,-51,0,4
20:00.6,3,-51,0,4
20:00.6,3,-51,0,4
20:00.7,3,-52,0,4
20:00.8,3,-53,1,4
20:00.9,3,-53,2,4
20:01.1,3,-56,0,4
20:01.2,3,-55,0,4
20:01.3,3,-56,0,4
20:01.4,3,-55,1,4
20:01.5,3,-56,2,4
20:01.6,3,-54,3,4
20:01.7,3,-52,0,4
20:01.8,3,-52,0,4
20:01.9,3,-53,3,4
20:02.0,3,-51,0,4
20:02.1,3,-52,0,4
20:02.2,3,-52,0,4
20:02.3,3,-52,0,4
20:02.4,3,-51,0,4
20:02.5,3,-50,0,4
20:02.6,3,-51,0,4
20:02.7,3,-54,1,4
20:02.8,3,-53,5,4
20:02.8,3,-55,0,4
20:02.9,3,-55,0,4
20:03.1,3,-52,0,4
20:03.2,3,-50,0,4
20:03.3,3,-49,0,4
20:03.4,3,-50,0,4
20:03.5,3,-52,0,4
20:03.6,3,-52,0,4
20:03.7,3,-52,0,4
20:03.8,3,-53,3,4
20:03.8,3,-51,0,4
20:03.9,3,-51,0,4
20:04.1,3,-52,0,4
20:04.2,3,-54,1,4
20:04.3,3,-54,3,4
20:04.4,3,-52,0,4
20:04.5,3,-55,1,4
20:04.5,3,-57,0,4
20:04.6,3,-57,0,4
20:04.7,3,-57,0,4
20:04.8,3,-57,0,4
20:05.0,3,-54,10,4
20:05.2,3,-54,1,4
20:05.3,3,-52,0,4
20:05.3,3,-53,3,4
20:05.4,3,-51,0,4
20:05.5,3,-52,0,4
20:05.6,3,-52,0,4
20:05.7,3,-52,0,4
20:05.8,3,-51,1,4
20:05.9,3,-50,0,4
20:06.0,3,-53,5,4
20:06.2,3,-55,0,4
20:06.3,3,-53,0,4
20:06.4,3,-53,0,4
20:06.5,3,-53,1,4
20:06.5,3,-55,0,4
20:06.6,3,-54,1,4
20:06.7,3,-51,1,4
20:06.8,3,-52,5,4
20:06.9,3,-51,0,4
20:07.0,3,-51,0,4
20:07.2,3,-52,0,4
20:07.3,3,-52,0,4
20:07.4,3,-51,0,4
20:07.5,3,-51,0,4
20:07.5,3,-52,0,4
20:07.6,3,-52,0,4
20:07.7,3,-53,2,4
20:07.8,3,-53,2,4
20:07.9,3,-52,0,4
20:08.0,3,-56,2,4
20:08.4,3,-57,0,4
20:08.4,3,-57,0,4
20:08.5,3,-54,4,4
20:08.6,3,-53,2,4
20:08.7,3,-53,1,4
20:08.8,3,-53,8,4
20:08.9,3,-51,0,4
20:09.0,3,-53,16,4
20:09.1,3,-52,0,4
20:09.2,3,-51,0,4
20:09.3,3,-51,0,4
20:09.4,3,-50,0,4
20:09.5,3,-52,1,4
20:09.5,3,-55,0,4
20:09.6,3,-54,1,4
20:09.7,3,-53,0,4
20:09.8,3,-52,0,4
20:09.9,3,-53,0,4
20:10.0,3,-54,1,4
20:10.2,3,-51,0,4
20:10.3,3,-52,5,4
20:10.4,3,-51,0,4
20:10.5,3,-51,0,4
20:10.6,3,-52,0,4
20:10.7,3,-52,0,4
20:10.8,3,-52,0,4
20:10.8,3,-52,4,4
20:10.9,3,-51,0,4
20:11.1,3,-53,0,4
20:11.2,3,-54,1,4
20:11.3,3,-54,3,4
20:11.4,3,-52,0,4
20:11.5,3,-56,1,4
20:11.6,3,-56,1,4
20:11.7,3,-54,3,4
20:11.8,3,-54,6,4
20:12.0,3,-55,10,4
20:12.2,3,-54,7,4
20:12.2,3,-54,3,4
20:12.3,3,-52,0,4
20:12.4,3,-51,0,4
20:12.5,3,-53,8,4
20:12.6,3,-52,0,4
20:12.7,3,-52,0,4
20:12.8,3,-51,1,4
20:12.9,3,-49,0,4
20:12.9,3,-52,1,4
20:13.1,3,-52,0,4
20:13.2,3,-52,0,4
20:13.3,3,-52,1,4
20:13.4,3,-51,0,4
20:13.5,3,-52,0,4
20:13.6,3,-54,1,4
20:13.7,3,-55,0,4
20:13.8,3,-51,0,4
20:13.8,3,-52,5,4
20:13.9,3,-51,0,4
20:14.1,3,-52,0,4
20:14.2,3,-52,0,4
20:14.3,3,-51,0,4
20:14.4,3,-52,0,4
20:14.5,3,-52,0,4
20:14.6,3,-52,0,4
20:14.7,3,-52,1,4
20:14.7,3,-52,0,4
20:14.8,3,-53,0,4
20:14.9,3,-53,5,4
20:15.1,3,-55,10,4
20:15.2,3,-57,0,4
20:15.5,3,-55,10,4
20:15.6,3,-55,6,4
20:15.7,3,-52,0,4
20:15.8,3,-54,1,4
20:15.9,3,-52,0,4
20:16.0,3,-52,0,4
20:16.2,3,-52,0,4
20:16.2,3,-52,0,4
20:16.3,3,-51,0,4
20:16.4,3,-50,0,4
20:16.5,3,-52,0,4
20:16.6,3,-53,1,4
20:16.7,3,-52,0,4
20:16.8,3,-51,0,4
20:16.8,3,-51,0,4
20:16.9,3,-51,0,4
20:17.1,3,-54,1,4
20:17.2,3,-53,3,4
20:17.3,3,-51,0,4
20:17.4,3,-50,0,4
20:17.5,3,-51,0,4
20:17.6,3,-51,0,4
20:17.7,3,-52,0,4
20:17.8,3,-52,0,4
20:17.9,3,-52,0,4
20:17.9,3,-52,0,4
20:18.2,3,-52,0,4
20:18.3,3,-52,1,4
20:18.3,3,-52,0,4
20:18.4,3,-52,1,4
20:18.5,3,-57,0,4
20:18.6,3,-54,3,4
20:18.7,3,-55,0,4
20:18.8,3,-56,0,4
20:18.9,3,-57,0,4
20:19.0,3,-54,10,4
20:19.2,3,-54,7,4
20:19.2,3,-55,0,4
20:19.3,3,-52,0,4
20:19.4,3,-51,0,4
20:19.5,3,-51,0,4
20:19.6,3,-51,0,4
20:19.7,3,-51,0,4
20:19.8,3,-50,0,4
20:19.9,3,-50,2,4
20:20.0,3,-53,0,4
20:20.2,3,-52,0,4
20:20.3,3,-53,3,4
20:20.4,3,-52,0,4
20:20.5,3,-54,1,4
20:20.5,3,-55,0,4
20:20.6,3,-52,1,4
20:20.7,3,-50,0,4
20:20.8,3,-51,1,4
20:20.9,3,-51,0,4
20:21.0,3,-52,0,4
20:21.2,3,-51,0,4
20:21.2,3,-52,0,4
20:21.3,3,-51,0,4
20:21.4,3,-51,0,4
20:21.5,3,-51,0,4
20:21.6,3,-52,0,4
20:21.7,3,-52,0,4
20:21.7,3,-55,0,4
20:21.8,3,-53,2,4
20:21.9,3,-54,3,4
20:22.2,3,-54,1,4
20:22.3,3,-53,1,4
20:22.4,3,-56,1,4
20:22.5,3,-56,0,4
20:22.6,3,-53,3,4
20:22.7,3,-54,3,4
20:22.8,3,-53,2,4
20:22.8,3,-53,5,4
20:22.9,3,-51,0,4
20:23.0,3,-51,0,4
20:23.1,3,-52,0,4
20:23.3,3,-51,0,4
20:23.3,3,-50,1,4
20:23.4,3,-52,1,4
20:23.5,3,-55,0,4
20:23.6,3,-55,0,4
20:23.7,3,-54,1,4
20:23.8,3,-55,0,4
20:23.9,3,-52,0,4
20:24.1,3,-50,0,4
20:24.2,3,-51,0,4
20:24.3,3,-51,0,4
20:24.4,3,-51,0,4
20:24.5,3,-51,0,4
20:24.6,3,-51,0,4
20:24.7,3,-51,0,4
20:24.7,3,-51,0,4
20:24.8,3,-51,0,4
20:24.9,3,-52,0,4
20:25.0,3,-53,1,4
20:25.2,3,-54,1,4
20:25.3,3,-56,0,4
20:25.4,3,-56,1,4
20:25.4,3,-55,0,4
20:25.5,3,-55,0,4
20:25.6,3,-55,0,4
20:25.7,3,-56,0,4
20:25.8,3,-53,4,4
20:25.9,3,-54,3,4
20:26.1,3,-53,2,4
20:26.2,3,-51,0,4
20:26.3,3,-51,0,4
20:26.4,3,-52,0,4
20:26.5,3,-52,0,4
20:26.5,3,-51,0,4
20:26.6,3,-50,0,4
20:26.7,3,-50,0,4
20:26.8,3,-53,1,4
20:26.9,3,-54,1,4
20:27.0,3,-52,0,4
20:27.2,3,-52,0,4
20:27.3,3,-52,0,4
20:27.4,3,-54,1,4
20:27.4,3,-53,2,4
20:27.5,3,-51,0,4
20:27.6,3,-50,0,4
20:27.7,3,-51,0,4
20:27.8,3,-52,0,4
20:28.0,3,-52,0,4
20:28.1,3,-51,0,4
20:28.2,3,-52,0,4
20:28.3,3,-52,0,4
20:28.4,3,-52,0,4
20:28.5,3,-54,3,4
20:28.5,3,-52,0,4
20:28.7,3,-54,3,4
20:28.7,3,-57,0,4
20:28.8,3,-55,0,4
20:28.9,3,-54,1,4
20:29.0,3,-55,1,4
20:29.2,3,-55,4,4
20:29.3,3,-53,3,4
20:29.4,3,-54,3,4
20:29.5,3,-51,0,4
20:29.6,3,-52,5,4
20:29.7,3,-51,0,4
20:29.8,3,-52,0,4
20:29.9,3,-51,0,4
20:30.0,3,-52,4,4
20:30.0,3,-52,4,4
20:30.2,3,-54,1,4
20:30.3,3,-51,0,4
20:30.4,3,-52,0,4
20:30.5,3,-52,0,4
20:30.6,3,-53,4,4
20:30.7,3,-55,0,4
20:30.8,3,-52,1,4
20:30.9,3,-50,0,4
20:31.0,3,-51,0,4
20:31.2,3,-52,0,4
20:31.3,3,-51,0,4
20:31.3,3,-51,1,4
20:31.4,3,-51,0,4
20:31.5,3,-51,0,4
20:31.6,3,-52,0,4
20:31.7,3,-54,3,4
20:31.8,3,-52,0,4
20:31.9,3,-53,3,4
20:32.0,3,-56,1,4
20:32.2,3,-56,3,4
20:32.2,3,-55,0,4
20:32.3,3,-55,0,4
20:32.4,3,-57,0,4
20:32.5,3,-53,4,4
20:32.6,3,-54,1,4
20:32.7,3,-53,1,4
20:32.8,3,-54,7,4
20:32.9,3,-51,0,4
20:33.0,3,-51,0,4
20:33.2,3,-52,0,4
20:33.2,3,-50,1,4
20:33.3,3,-51,1,4
20:33.4,3,-55,0,4
20:33.5,3,-52,0,4
20:33.6,3,-52,0,4
20:33.7,3,-52,0,4
20:33.8,3,-53,2,4
20:33.8,3,-55,0,4
20:33.9,3,-53,2,4
20:34.0,3,-51,0,4
20:34.2,3,-51,0,4
20:34.3,3,-51,1,4
20:34.4,3,-52,0,4
20:34.5,3,-52,0,4
20:34.6,3,-52,0,4
20:34.7,3,-51,0,4
20:34.7,3,-52,0,4
20:34.8,3,-52,0,4
20:34.9,3,-55,0,4
20:35.0,3,-55,1,4
20:35.2,3,-56,1,4
20:35.3,3,-54,1,4
20:35.4,3,-53,0,4
20:35.4,3,-53,1,4
20:35.5,3,-56,1,4
20:35.7,3,-55,3,4
20:35.7,3,-52,0,4
20:35.8,3,-54,1,4
20:35.9,3,-52,0,4
20:36.0,3,-52,4,4
20:36.1,3,-51,0,4
20:36.2,3,-52,0,4
20:36.3,3,-51,0,4
20:36.4,3,-50,0,4
20:36.5,3,-52,4,4
20:36.5,3,-53,2,4
20:36.6,3,-51,0,4
20:36.7,3,-52,0,4
20:36.8,3,-51,0,4
20:36.9,3,-52,0,4
20:36.9,3,-53,3,4
20:37.2,3,-54,3,4
20:37.2,3,-52,1,4
20:37.3,3,-51,0,4
20:37.4,3,-51,0,4
20:37.5,3,-52,0,4
20:37.6,3,-52,0,4
20:37.7,3,-52,0,4
20:37.8,3,-51,0,4
20:37.9,3,-52,0,4
20:38.0,3,-53,3,4
20:38.2,3,-52,0,4
20:38.2,3,-54,2,4
20:57.2,4,-52,0,4
20:57.3,4,-54,1,4
20:57.4,4,-55,0,4
20:57.4,4,-57,0,4
20:57.5,4,-54,1,4
20:57.6,4,-54,1,4
20:57.8,4,-55,0,4
20:57.8,4,-55,0,4
20:57.9,4,-55,0,4
20:58.0,4,-55,0,4
20:58.1,4,-55,0,4
20:58.3,4,-55,0,4
20:58.3,4,-55,0,4
20:58.4,4,-55,0,4
20:58.5,4,-55,0,4
20:58.6,4,-55,0,4
20:58.7,4,-55,0,4
20:58.7,4,-55,0,4
20:58.8,4,-55,0,4
20:58.9,4,-55,0,4
20:59.1,4,-55,0,4
20:59.2,4,-55,0,4
20:59.3,4,-55,0,4
20:59.4,4,-55,0,4
20:59.5,4,-55,0,4
20:59.6,4,-55,0,4
20:59.6,4,-55,0,4
20:59.8,4,-55,0,4
20:59.8,4,-55,0,4
20:59.9,4,-55,0,4
21:00.0,4,-55,0,4
21:00.2,4,-55,0,4
21:00.2,4,-55,0,4
21:00.3,4,-55,0,4
21:00.4,4,-55,0,4
21:00.5,4,-55,0,4
21:00.7,4,-55,0,4
21:00.8,4,-55,0,4
21:00.9,4,-55,0,4
21:01.0,4,-55,0,4
21:01.2,4,-55,0,4
21:01.3,4,-55,0,4
21:01.4,4,-55,0,4
21:01.5,4,-55,0,4
21:01.6,4,-55,0,4
21:01.7,4,-55,0,4
21:01.8,4,-55,0,4
21:01.8,4,-55,0,4
21:02.0,4,-55,0,4
21:02.1,4,-55,0,4
21:02.2,4,-55,0,4
21:02.3,4,-55,0,4
21:02.4,4,-55,0,4
21:02.5,4,-55,0,4
21:02.6,4,-55,0,4
21:02.6,4,-55,0,4
21:02.7,4,-55,0,4
21:02.8,4,-55,0,4
21:02.9,4,-55,0,4
21:03.0,4,-55,0,4
21:03.2,4,-55,0,4
21:03.3,4,-55,0,4
21:03.4,4,-55,0,4
21:03.5,4,-55,0,4
21:03.6,4,-55,0,4
21:03.7,4,-55,0,4
21:03.9,4,-55,0,4
21:04.0,4,-55,0,4
21:04.1,4,-55,0,4
21:04.2,4,-55,0,4
21:04.3,4,-55,0,4
21:04.4,4,-55,0,4
21:04.5,4,-55,0,4
21:04.6,4,-55,0,4
21:04.7,4,-55,0,4
21:04.8,4,-55,0,4
21:04.8,4,-55,0,4
21:04.9,4,-55,0,4
21:05.1,4,-55,0,4
21:05.2,4,-54,1,4
21:05.3,4,-53,1,4
21:05.4,4,-53,0,4
21:05.5,4,-53,1,4
21:05.5,4,-53,1,4
21:05.6,4,-53,0,4
21:05.7,4,-53,0,4
21:05.8,4,-53,1,4
21:05.9,4,-53,0,4
21:06.0,4,-53,1,4
21:06.2,4,-54,1,4
21:06.3,4,-55,0,4
21:06.4,4,-54,1,4
21:06.5,4,-55,0,4
21:06.6,4,-55,0,4
21:06.7,4,-55,0,4
21:06.8,4,-55,0,4
21:06.9,4,-55,0,4
21:07.0,4,-54,1,4
21:07.1,4,-55,0,4
21:07.2,4,-54,1,4
21:07.3,4,-55,0,4
21:07.4,4,-55,0,4
21:07.5,4,-55,0,4
21:07.6,4,-55,0,4
21:07.6,4,-54,3,4
21:07.8,4,-53,0,4
21:07.8,4,-53,1,4
21:07.9,4,-53,1,4
21:08.0,4,-53,1,4
21:08.2,4,-53,1,4
21:08.3,4,-53,0,4
21:08.4,4,-53,1,4
21:08.5,4,-53,0,4
21:08.6,4,-53,0,4
21:08.6,4,-53,0,4
21:08.7,4,-53,0,4
21:08.8,4,-53,0,4
21:08.9,4,-53,1,4
21:09.1,4,-53,0,4
21:09.2,4,-53,0,4
21:09.3,4,-53,0,4
21:09.4,4,-53,0,4
21:09.5,4,-53,1,4
21:09.6,4,-52,0,4
21:09.7,4,-55,0,4
21:09.8,4,-54,1,4
21:09.9,4,-54,1,4
21:10.0,4,-53,0,4
21:10.2,4,-55,0,4
21:10.3,4,-53,1,4
21:10.4,4,-54,1,4
21:10.5,4,-55,0,4
21:10.6,4,-54,1,4
21:10.7,4,-54,1,4
21:10.7,4,-55,0,4
21:10.8,4,-55,0,4
21:10.9,4,-55,0,4
21:11.0,4,-53,1,4
21:11.2,4,-53,1,4
21:11.3,4,-52,0,4
21:11.3,4,-52,0,4
21:11.5,4,-53,1,4
21:11.6,4,-53,1,4
21:11.7,4,-53,1,4
21:11.8,4,-53,1,4
21:11.9,4,-53,0,4
21:12.1,4,-53,0,4
21:12.2,4,-53,1,4
21:12.3,4,-55,0,4
21:12.4,4,-55,0,4
21:12.5,4,-54,1,4
21:12.6,4,-54,3,4
21:12.7,4,-55,0,4
21:12.7,4,-55,0,4
21:12.8,4,-54,1,4
21:12.9,4,-55,0,4
21:13.1,4,-55,0,4
21:13.2,4,-55,0,4
21:13.3,4,-55,0,4
21:13.4,4,-55,0,4
21:13.5,4,-55,0,4
21:13.5,4,-55,0,4
21:13.6,4,-55,0,4
21:13.7,4,-55,0,4
21:13.8,4,-55,0,4
21:14.0,4,-54,1,4
21:14.1,4,-53,0,4
21:14.2,4,-52,0,4
21:14.3,4,-52,0,4
21:14.4,4,-52,0,4
21:14.5,4,-53,2,4
21:14.6,4,-52,0,4
21:14.7,4,-54,1,4
21:14.8,4,-53,0,4
21:14.8,4,-53,0,4
21:14.9,4,-53,0,4
21:15.1,4,-53,1,4
21:15.2,4,-54,1,4
21:15.3,4,-53,1,4
21:15.4,4,-53,1,4
21:15.5,4,-54,1,4
21:15.6,4,-55,0,4
21:15.7,4,-54,1,4
21:15.8,4,-55,0,4
21:15.9,4,-55,0,4
21:16.0,4,-54,1,4
21:16.2,4,-53,0,4
21:16.3,4,-53,0,4
21:16.3,4,-53,0,4
21:16.4,4,-55,0,4
21:16.5,4,-55,0,4
21:16.6,4,-54,1,4
21:16.7,4,-55,0,4
21:16.8,4,-55,0,4
21:16.8,4,-54,1,4
21:17.0,4,-55,0,4
21:17.2,4,-54,1,4
21:17.3,4,-54,1,4
21:17.3,4,-53,1,4
21:17.4,4,-53,1,4
21:17.5,4,-54,1,4
21:17.6,4,-53,0,4
21:17.7,4,-53,0,4
21:17.8,4,-53,0,4
21:17.9,4,-53,0,4
21:18.1,4,-53,0,4
21:18.2,4,-53,0,4
21:18.3,4,-54,1,4
21:18.4,4,-55,0,4
21:18.5,4,-53,2,4
21:18.6,4,-55,0,4
21:18.7,4,-55,0,4
21:18.8,4,-54,1,4
21:18.9,4,-55,0,4
21:19.0,4,-53,1,4
21:19.2,4,-53,1,4
21:19.2,4,-52,0,4
21:19.3,4,-53,0,4
21:19.4,4,-54,1,4
21:19.5,4,-53,0,4
21:19.6,4,-53,0,4
21:19.7,4,-55,0,4
21:19.7,4,-55,0,4
21:19.8,4,-54,1,4
21:19.9,4,-54,1,4
21:20.2,4,-53,1,4
21:20.3,4,-53,1,4
21:20.4,4,-54,1,4
21:20.5,4,-55,0,4
21:20.6,4,-55,0,4
21:20.7,4,-55,0,4
21:20.8,4,-55,0,4
21:20.8,4,-54,1,4
21:21.0,4,-52,0,4
21:21.2,4,-53,0,4
21:21.2,4,-53,0,4
21:21.3,4,-54,1,4
21:21.4,4,-55,0,4
21:21.5,4,-53,1,4
21:21.6,4,-54,1,4
21:21.7,4,-55,0,4
21:21.8,4,-54,1,4
21:21.9,4,-55,0,4
21:22.0,4,-55,0,4
21:22.2,4,-53,1,4
21:22.3,4,-55,0,4
21:22.3,4,-54,1,4
21:22.4,4,-55,0,4
21:22.5,4,-55,0,4
21:22.6,4,-55,0,4
21:22.7,4,-54,1,4
21:22.8,4,-55,0,4
21:22.9,4,-54,1,4
21:23.0,4,-55,0,4
21:23.1,4,-53,0,4
21:23.2,4,-53,0,4
21:23.3,4,-53,1,4
21:23.4,4,-53,0,4
21:23.5,4,-53,1,4
21:23.6,4,-53,1,4
21:23.7,4,-53,0,4
21:23.8,4,-53,0,4
21:23.9,4,-53,1,4
21:24.0,4,-53,1,4
21:24.2,4,-53,1,4
21:24.3,4,-54,1,4
21:24.4,4,-53,0,4
21:24.5,4,-53,0,4
21:24.6,4,-54,1,4
21:24.7,4,-55,0,4
21:24.8,4,-54,1,4
21:24.9,4,-54,1,4
21:25.0,4,-55,0,4
21:25.2,4,-55,0,4
21:25.3,4,-55,0,4
21:25.4,4,-54,1,4
21:25.4,4,-54,1,4
21:25.5,4,-54,1,4
21:25.6,4,-53,1,4
21:25.7,4,-53,0,4
21:25.8,4,-53,2,4
21:25.9,4,-53,0,4
21:26.0,4,-53,0,4
21:26.1,4,-52,0,4
21:26.2,4,-52,0,4
21:26.3,4,-53,2,4
21:26.4,4,-54,1,4
21:26.5,4,-53,1,4
21:26.6,4,-53,0,4
21:26.6,4,-52,0,4
21:26.7,4,-53,0,4
21:26.8,4,-53,0,4
21:26.9,4,-53,0,4
21:27.0,4,-55,0,4
21:27.2,4,-54,1,4
21:27.3,4,-54,1,4
21:27.4,4,-55,0,4
21:27.5,4,-54,1,4
21:27.6,4,-53,1,4
21:27.6,4,-52,0,4
21:27.7,4,-52,0,4
21:27.8,4,-53,0,4
21:27.9,4,-53,1,4
21:28.0,4,-55,0,4
21:28.2,4,-55,0,4
21:28.3,4,-55,0,4
21:28.3,4,-54,1,4
21:28.4,4,-55,0,4
21:28.5,4,-55,0,4
21:28.6,4,-55,0,4
21:28.7,4,-55,0,4
21:28.8,4,-53,1,4
21:28.9,4,-53,1,4
21:29.0,4,-54,1,4
21:29.2,4,-55,0,4
21:29.2,4,-53,0,4
21:29.3,4,-54,1,4
21:29.4,4,-54,1,4
21:29.5,4,-54,1,4
21:29.6,4,-54,1,4
21:29.7,4,-53,0,4
21:29.8,4,-53,1,4
21:29.9,4,-55,0,4
21:30.2,4,-55,0,4
21:30.3,4,-55,0,4
21:30.4,4,-55,0,4
21:30.6,4,-52,0,4
21:30.6,4,-52,0,4
21:30.7,4,-52,0,4
21:30.8,4,-52,0,4
21:30.9,4,-52,0,4
21:31.0,4,-52,0,4
21:31.2,4,-52,0,4
21:31.3,4,-53,3,4
21:31.3,4,-54,3,4
21:31.4,4,-55,0,4
21:31.6,4,-53,1,4
21:31.7,4,-52,0,4
21:31.7,4,-53,0,4
21:31.8,4,-52,0,4
21:31.9,4,-53,1,4
21:32.0,4,-53,1,4
21:32.2,4,-53,0,4
21:32.3,4,-53,1,4
21:32.4,4,-53,0,4
21:32.5,4,-53,0,4
21:32.6,4,-52,0,4
21:32.7,4,-53,0,4
21:32.7,4,-53,1,4
21:32.8,4,-53,0,4
21:32.9,4,-53,0,4
21:33.1,4,-55,0,4
21:33.2,4,-55,0,4
21:33.3,4,-54,1,4
21:33.4,4,-54,1,4
21:33.6,4,-54,1,4
21:33.6,4,-53,0,4
21:33.7,4,-53,1,4
21:33.8,4,-53,1,4
21:33.9,4,-54,1,4
21:34.1,4,-53,0,4
21:34.2,4,-53,0,4
21:34.3,4,-53,1,4
21:34.4,4,-53,1,4
21:34.5,4,-55,0,4
21:34.6,4,-52,0,4
21:34.6,4,-52,0,4
21:34.7,4,-52,0,4
21:34.8,4,-53,0,4
21:34.9,4,-54,1,4
21:35.0,4,-54,1,4
21:35.2,4,-56,2,4
21:35.3,4,-56,1,4
21:35.5,4,-57,0,4
21:35.5,4,-55,0,4
21:35.6,4,-55,0,4
21:35.7,4,-55,0,4
21:35.9,4,-55,0,4
21:36.0,4,-53,1,4
21:36.1,4,-55,0,4
21:36.2,4,-54,1,4
21:36.3,4,-55,0,4
21:36.4,4,-55,0,4
21:36.5,4,-55,0,4
21:36.6,4,-55,0,4
21:36.7,4,-55,0,4
21:36.7,4,-55,0,4
21:36.8,4,-54,1,4
21:36.9,4,-55,0,4
21:37.0,4,-55,0,4
21:37.2,4,-55,0,4
21:37.3,4,-55,0,4
21:37.3,4,-55,0,4
21:37.4,4,-55,0,4
21:37.6,4,-55,0,4
21:37.6,4,-55,0,4
21:37.7,4,-55,0,4
21:37.8,4,-55,0,4
21:37.9,4,-55,0,4
21:38.0,4,-55,0,4
21:38.1,4,-55,0,4
21:38.2,4,-55,0,4
21:38.3,4,-55,0,4
21:38.4,4,-55,0,4
21:38.5,4,-55,0,4
21:38.6,4,-55,0,4
21:38.6,4,-55,0,4
21:38.7,4,-55,0,4
21:38.8,4,-55,0,4
21:38.9,4,-55,0,4
21:39.0,4,-55,0,4
21:39.2,4,-55,0,4
21:39.3,4,-55,0,4
21:39.3,4,-55,0,4
21:39.4,4,-55,0,4
21:39.5,4,-55,0,4
21:39.6,4,-54,1,4
21:39.7,4,-54,1,4
21:39.8,4,-54,1,4
21:39.9,4,-55,0,4
21:40.0,4,-55,0,4
21:40.1,4,-55,0,4
21:40.3,4,-55,0,4
21:40.3,4,-54,1,4
21:40.4,4,-55,0,4
21:40.5,4,-55,0,4
21:40.6,4,-55,0,4
21:40.7,4,-54,1,4
21:40.9,4,-53,2,4
21:40.9,4,-52,0,4
21:41.1,4,-52,0,4
21:41.2,4,-53,2,4
21:41.3,4,-54,3,4
21:41.4,4,-54,1,4
21:41.6,4,-54,1,4
21:41.7,4,-54,1,4
21:41.7,4,-55,0,4
21:41.9,4,-55,0,4
21:42.0,4,-53,1,4
21:42.2,4,-54,1,4
21:42.3,4,-53,0,4
21:42.4,4,-53,0,4
21:42.5,4,-53,0,4
21:42.5,4,-52,0,4
21:42.7,4,-54,1,4
21:42.7,4,-53,0,4
21:42.8,4,-53,1,4
21:42.9,4,-54,1,4
21:43.1,4,-55,0,4
21:43.2,4,-55,0,4
21:43.3,4,-54,1,4
21:43.4,4,-54,1,4
21:43.5,4,-55,0,4
21:43.5,4,-54,1,4
21:43.6,4,-53,1,4
21:43.7,4,-54,1,4
21:43.8,4,-55,0,4
21:43.9,4,-54,1,4
21:43.9,4,-53,1,4
21:44.2,4,-54,1,4
21:44.2,4,-53,1,4
21:44.3,4,-55,0,4
21:44.4,4,-54,1,4
21:44.5,4,-54,1,4
21:44.6,4,-55,0,4
21:44.8,4,-55,0,4
21:44.9,4,-55,0,4
21:45.0,4,-54,1,4
21:45.1,4,-55,0,4
21:45.2,4,-54,1,4
21:45.3,4,-54,1,4
21:45.4,4,-55,0,4
21:45.5,4,-55,0,4
21:45.6,4,-55,0,4
21:45.7,4,-55,0,4
21:45.9,4,-55,0,4
21:45.9,4,-54,1,4
21:46.1,4,-54,1,4
21:46.2,4,-53,1,4
21:46.3,4,-53,0,4
21:46.4,4,-54,1,4
21:46.5,4,-53,1,4
21:46.7,4,-54,1,4
21:46.8,4,-53,1,4
21:46.9,4,-54,1,4
21:47.1,4,-54,1,4
21:47.2,4,-53,0,4
21:47.3,4,-53,0,4
21:47.4,4,-53,0,4
21:47.5,4,-53,0,4
21:47.6,4,-52,0,4
21:47.7,4,-54,1,4
21:47.8,4,-53,0,4
21:47.9,4,-55,0,4
21:48.0,4,-54,1,4
21:48.2,4,-53,1,4
21:48.3,4,-53,1,4
21:48.4,4,-53,0,4
21:48.4,4,-53,0,4
21:48.5,4,-54,1,4
21:48.7,4,-55,0,4
21:48.7,4,-54,1,4
21:48.9,4,-55,0,4
21:48.9,4,-53,1,4
21:49.2,4,-53,1,4
21:49.3,4,-53,1,4
21:49.4,4,-53,1,4
21:49.5,4,-53,0,4
21:49.5,4,-53,1,4
21:49.6,4,-54,1,4
21:49.7,4,-54,1,4
21:49.8,4,-53,0,4
21:49.9,4,-54,1,4
21:50.0,4,-53,1,4
21:50.2,4,-54,1,4
21:50.2,4,-55,0,4
21:50.3,4,-55,0,4
21:50.5,4,-55,0,4
21:50.6,4,-55,0,4
21:50.7,4,-55,0,4
21:50.8,4,-54,1,4
21:50.8,4,-55,0,4
21:50.9,4,-54,1,4
21:51.1,4,-55,0,4
21:51.2,4,-52,0,4
21:51.3,4,-53,1,4
21:51.4,4,-53,0,4
21:51.5,4,-53,1,4
21:51.5,4,-53,1,4
21:51.6,4,-54,1,4
21:51.7,4,-54,1,4
21:51.8,4,-54,1,4
21:51.9,4,-55,0,4
21:52.0,4,-54,1,4
21:52.2,4,-52,0,4
21:52.3,4,-52,0,4
21:52.4,4,-52,0,4
21:52.5,4,-53,1,4
21:52.5,4,-53,0,4
21:52.6,4,-53,0,4
21:52.7,4,-53,0,4
21:52.8,4,-53,0,4
21:52.9,4,-53,1,4
21:53.1,4,-54,1,4
21:53.2,4,-55,0,4
21:53.3,4,-55,0,4
21:53.4,4,-55,0,4
21:53.5,4,-54,1,4
21:53.6,4,-54,1,4
21:53.7,4,-53,1,4
21:53.8,4,-55,0,4
21:53.9,4,-53,1,4
21:54.0,4,-53,1,4
21:54.2,4,-52,0,4
21:54.3,4,-52,0,4
21:54.4,4,-52,0,4
21:54.5,4,-53,0,4
21:54.5,4,-53,0,4
21:54.6,4,-53,1,4
21:54.7,4,-53,0,4
21:54.8,4,-55,0,4
21:54.9,4,-54,1,4
21:55.1,4,-53,0,4
21:55.2,4,-53,1,4
21:55.3,4,-53,0,4
21:55.4,4,-53,1,4
21:55.5,4,-53,0,4
21:55.6,4,-53,0,4
21:55.7,4,-53,0,4
21:55.7,4,-53,1,4
21:55.9,4,-55,0,4
21:56.0,4,-54,1,4
21:56.2,4,-53,2,4
21:56.3,4,-52,0,4
21:56.4,4,-53,0,4
21:56.5,4,-54,1,4
21:56.6,4,-54,1,4
21:56.7,4,-53,0,4
21:56.8,4,-53,0,4
21:56.9,4,-53,0,4
21:57.0,4,-54,1,4
21:57.2,4,-54,1,4
21:57.3,4,-54,1,4
21:57.4,4,-53,1,4
21:57.4,4,-53,0,4
21:57.6,4,-53,0,4
21:57.7,4,-53,0,4
21:57.7,4,-53,2,4
21:57.9,4,-54,1,4
21:58.2,4,-55,0,4
21:58.3,4,-55,0,4
21:58.4,4,-54,1,4
21:58.4,4,-55,0,4
21:58.5,4,-55,0,4
21:58.6,4,-55,0,4
21:58.7,4,-55,0,4
21:58.8,4,-53,1,4
21:58.9,4,-53,1,4
21:59.0,4,-53,0,4
21:59.1,4,-52,0,4
21:59.2,4,-52,0,4
21:59.3,4,-52,0,4
21:59.4,4,-54,1,4
21:59.5,4,-53,1,4
21:59.6,4,-55,0,4
21:59.7,4,-55,0,4
21:59.8,4,-53,1,4
21:59.8,4,-53,1,4
21:59.9,4,-53,1,4
22:00.1,4,-55,0,4
22:00.2,4,-55,0,4
22:00.3,4,-55,0,4
22:02.4,3,-55,0,4
22:02.5,3,-55,0,4
22:02.6,3,-55,0,4
22:02.7,3,-54,1,4
22:02.8,3,-55,0,4
22:02.8,3,-55,0,4
22:02.9,3,-55,0,4
22:03.1,3,-55,0,4
22:03.3,3,-54,1,4
22:03.4,3,-55,0,4
22:03.5,3,-54,1,4
22:03.5,3,-55,0,4
22:03.7,3,-55,0,4
22:03.7,3,-53,0,4
22:03.8,3,-53,0,4
22:03.9,3,-53,0,4
22:04.1,3,-53,1,4
22:04.2,3,-53,1,4
22:04.3,3,-53,1,4
22:04.4,3,-55,0,4
22:04.5,3,-54,1,4
22:04.6,3,-55,0,4
22:04.7,3,-54,1,4
22:04.8,3,-53,0,4
22:04.9,3,-53,0,4
22:05.0,3,-53,0,4
22:05.2,3,-53,1,4
22:05.2,3,-53,0,4
22:05.3,3,-54,1,4
22:05.5,3,-55,0,4
22:05.5,3,-55,0,4
22:05.6,3,-55,0,4
22:05.8,3,-53,0,4
22:05.9,3,-52,0,4
22:06.0,3,-53,1,4
22:06.1,3,-54,1,4
22:06.2,3,-53,1,4
22:06.3,3,-54,1,4
22:06.4,3,-53,0,4
22:06.5,3,-53,0,4
22:06.6,3,-53,0,4
22:06.7,3,-54,1,4
22:06.8,3,-54,1,4
22:06.8,3,-55,0,4
22:06.9,3,-55,0,4
22:07.1,3,-54,1,4
22:07.2,3,-55,0,4
22:07.3,3,-55,0,4
22:07.4,3,-54,1,4
22:07.5,3,-54,1,4
22:07.6,3,-54,1,4
22:07.7,3,-53,3,4
22:07.8,3,-52,0,4
22:07.9,3,-53,0,4
22:08.0,3,-53,2,4
22:08.2,3,-54,1,4
22:08.2,3,-54,1,4
22:08.3,3,-54,1,4
22:08.4,3,-55,0,4
22:08.5,3,-55,0,4
22:08.6,3,-54,1,4
22:08.7,3,-53,2,4
22:08.8,3,-53,2,4
22:08.8,3,-53,1,4
22:08.9,3,-55,0,4
22:09.1,3,-55,0,4
22:09.2,3,-55,0,4
22:09.3,3,-55,0,4
22:09.4,3,-55,0,4
22:09.5,3,-55,0,4
22:09.6,3,-55,0,4
22:09.6,3,-55,0,4
22:09.7,3,-55,0,4
22:09.8,3,-55,0,4
22:09.9,3,-55,0,4
22:10.0,3,-55,0,4
22:10.2,3,-55,0,4
22:10.3,3,-55,0,4
22:10.4,3,-55,0,4
22:10.5,3,-55,0,4
22:10.6,3,-56,3,4
22:10.7,3,-55,1,4
22:10.8,3,-55,0,4
22:10.9,3,-54,1,4
22:11.0,3,-53,3,4
22:11.1,3,-52,0,4
22:11.2,3,-55,0,4
22:11.3,3,-52,0,4
22:12.3,3,-56,2,4
22:12.3,3,-55,1,4
22:12.4,3,-56,0,4
22:12.6,3,-56,1,4
22:12.7,3,-52,0,4
22:12.8,3,-53,2,4
22:12.9,3,-52,0,4
22:13.0,3,-52,1,4
22:13.2,3,-51,0,4
22:13.3,3,-50,0,4
22:13.3,3,-50,1,4
22:13.4,3,-51,1,4
22:13.5,3,-52,0,4
22:13.6,3,-53,2,4
22:13.7,3,-52,0,4
22:13.8,3,-51,0,4
22:13.9,3,-51,0,4
22:14.0,3,-51,0,4
22:14.1,3,-51,0,4
22:14.2,3,-51,0,4
22:14.3,3,-52,3,4
22:14.4,3,-52,0,4
22:14.4,3,-52,0,4
22:14.5,3,-52,0,4
22:14.7,3,-52,0,4
22:14.7,3,-54,1,4
22:14.8,3,-54,1,4
22:14.9,3,-53,0,4
22:15.1,3,-57,3,4
22:15.2,3,-57,0,4
22:15.3,3,-56,0,4
22:15.3,3,-57,0,4
22:15.4,3,-57,0,4
22:15.5,3,-57,0,4
22:15.7,3,-54,7,4
22:15.8,3,-53,2,4
22:15.9,3,-52,0,4
22:16.0,3,-53,8,4
22:16.2,3,-52,1,4
22:16.3,3,-51,0,4
22:16.4,3,-50,1,4
22:16.4,3,-50,1,4
22:16.5,3,-52,0,4
22:16.6,3,-55,0,4
22:16.7,3,-55,0,4
22:16.8,3,-53,3,4
22:16.9,3,-51,0,4
22:17.0,3,-51,0,4
22:17.2,3,-51,0,4
22:17.3,3,-51,0,4
22:17.4,3,-52,0,4
22:17.5,3,-51,0,4
22:17.5,3,-51,0,4
22:17.6,3,-53,0,4
22:17.7,3,-54,1,4
22:17.8,3,-54,3,4
22:17.9,3,-54,2,4
22:18.1,3,-55,0,4
22:18.2,3,-55,0,4
22:18.3,3,-55,0,4
22:18.3,3,-56,0,4
22:18.4,3,-56,0,4
22:18.5,3,-57,0,4
22:18.6,3,-53,1,4
22:18.8,3,-54,1,4
22:18.8,3,-54,5,4
22:18.9,3,-52,1,4
22:19.1,3,-52,0,4
22:19.2,3,-52,0,4
22:19.3,3,-51,0,4
22:19.3,3,-51,0,4
22:19.4,3,-51,0,4
22:19.5,3,-51,0,4
22:19.6,3,-52,0,4
22:19.7,3,-54,1,4
22:19.8,3,-53,1,4
22:19.9,3,-51,0,4
22:20.0,3,-51,0,4
22:20.2,3,-51,0,4
22:20.3,3,-51,0,4
22:20.4,3,-51,0,4
22:20.5,3,-51,0,4
22:20.6,3,-51,0,4
22:20.7,3,-52,0,4
22:20.8,3,-54,3,4
22:20.8,3,-52,1,4
22:21.0,3,-56,3,4
22:21.1,3,-55,1,4
22:21.2,3,-55,0,4
22:21.3,3,-55,0,4
22:21.4,3,-55,1,4
22:21.5,3,-55,0,4
22:21.5,3,-52,0,4
22:21.6,3,-55,0,4
22:21.7,3,-52,0,4
22:21.8,3,-52,4,4
22:21.9,3,-51,0,4
22:22.0,3,-52,0,4
22:22.2,3,-51,0,4
22:22.2,3,-50,0,4
22:22.3,3,-54,3,4
22:22.4,3,-55,0,4
22:22.5,3,-53,2,4
22:22.6,3,-55,0,4
22:22.7,3,-55,0,4
22:22.8,3,-54,1,4
22:22.9,3,-51,1,4
22:23.0,3,-51,0,4
22:23.1,3,-52,0,4
22:23.3,3,-52,0,4
22:23.3,3,-52,0,4
22:23.4,3,-52,0,4
22:23.5,3,-52,0,4
22:23.6,3,-53,1,4
22:23.7,3,-54,1,4
22:23.8,3,-55,1,4
22:23.9,3,-55,1,4
22:24.0,3,-54,1,4
22:24.2,3,-54,1,4
22:24.3,3,-54,2,4
22:24.3,3,-53,2,4
22:24.4,3,-53,2,4
22:24.5,3,-51,0,4
22:24.6,3,-52,4,4
22:24.7,3,-52,0,4
22:24.8,3,-51,0,4
22:24.9,3,-50,0,4
22:25.0,3,-51,1,4
22:25.2,3,-55,0,4
22:25.2,3,-55,0,4
22:25.3,3,-52,1,4
22:25.4,3,-51,0,4
22:25.5,3,-49,0,4
22:25.6,3,-51,1,4
22:25.7,3,-51,0,4
22:25.8,3,-52,0,4
22:25.9,3,-52,0,4
22:26.0,3,-52,0,4
22:26.2,3,-52,0,4
22:26.3,3,-54,3,4
22:26.3,3,-54,1,4
22:26.4,3,-53,2,4
22:26.5,3,-57,0,4
22:26.6,3,-56,1,4
22:26.7,3,-55,0,4
22:26.8,3,-54,3,4
22:26.9,3,-57,0,4
22:27.0,3,-54,2,4
22:27.2,3,-53,3,4
22:27.2,3,-51,0,4
22:27.4,3,-51,0,4
22:27.5,3,-51,0,4
22:27.6,3,-51,0,4
22:27.7,3,-51,1,4
22:27.7,3,-50,1,4
22:27.8,3,-53,4,4
22:27.9,3,-55,0,4
22:28.0,3,-55,0,4
22:28.2,3,-55,0,4
22:28.3,3,-55,0,4
22:28.3,3,-54,3,4
22:28.4,3,-51,0,4
22:28.5,3,-51,0,4
22:28.6,3,-52,4,4
22:28.7,3,-52,0,4
22:28.8,3,-52,0,4
22:28.9,3,-52,0,4
22:29.0,3,-52,0,4
22:29.1,3,-53,0,4
22:29.2,3,-53,3,4
22:29.3,3,-53,2,4
22:29.4,3,-53,1,4
22:29.5,3,-56,1,4
22:29.6,3,-56,1,4
22:29.6,3,-53,2,4
22:29.7,3,-55,0,4
22:29.8,3,-55,1,4
22:29.9,3,-54,6,4
22:30.0,3,-52,0,4
22:30.2,3,-52,0,4
22:30.2,3,-52,0,4
22:30.3,3,-53,2,4
22:30.4,3,-52,0,4
22:30.6,3,-50,2,4
22:30.7,3,-51,2,4
22:30.8,3,-53,2,4
22:34.7,4,-53,0,4
22:34.8,4,-52,0,4
22:34.8,4,-51,0,4
22:34.9,4,-52,1,4
22:35.0,4,-52,0,4
22:35.2,4,-55,0,4
22:35.3,4,-52,0,4
22:35.4,4,-57,0,4
22:35.5,4,-54,4,4
22:35.5,4,-55,0,4
22:35.6,4,-55,0,4
22:35.7,4,-56,0,4
22:35.8,4,-55,9,4
22:35.9,4,-52,0,4
22:35.9,4,-54,3,4
22:36.2,4,-53,3,4
22:36.2,4,-52,0,4
22:36.3,4,-52,0,4
22:36.4,4,-51,0,4
22:36.5,4,-52,1,4
22:36.6,4,-55,0,4
22:36.7,4,-53,2,4
22:36.8,4,-52,0,4
22:36.9,4,-51,0,4
22:37.0,4,-52,0,4
22:37.2,4,-52,0,4
22:37.2,4,-55,0,4
22:37.3,4,-51,2,4
22:37.4,4,-50,1,4
22:37.5,4,-51,0,4
22:37.6,4,-52,0,4
22:37.7,4,-53,0,4
22:37.8,4,-52,0,4
22:37.9,4,-51,0,4
22:38.0,4,-52,0,4
22:38.1,4,-54,1,4
22:38.3,4,-53,1,4
22:38.3,4,-53,2,4
22:38.4,4,-57,0,4
22:38.5,4,-55,1,4
22:38.6,4,-53,0,4
22:38.7,4,-53,1,4
22:38.8,4,-56,1,4
22:38.9,4,-55,5,4
22:39.0,4,-53,3,4
22:39.1,4,-52,0,4
22:39.2,4,-51,0,4
22:39.3,4,-53,2,4
22:39.4,4,-52,0,4
22:39.5,4,-51,0,4
22:39.6,4,-53,3,4
22:39.7,4,-54,1,4
22:39.8,4,-52,0,4
22:39.9,4,-52,0,4
22:40.0,4,-52,0,4
22:40.2,4,-52,0,4
22:40.2,4,-52,0,4
22:40.3,4,-54,1,4
22:40.4,4,-53,2,4
22:40.5,4,-51,0,4
22:40.6,4,-51,0,4
22:40.8,4,-52,0,4
22:40.8,4,-52,0,4
22:40.9,4,-51,0,4
22:41.1,4,-52,0,4
22:41.2,4,-52,0,4
22:41.3,4,-53,4,4
22:41.4,4,-55,0,4
22:41.5,4,-53,0,4
22:41.5,4,-56,1,4
22:41.6,4,-57,0,4
22:41.7,4,-53,1,4
22:41.8,4,-53,2,4
22:43.1,4,-51,0,4
22:43.2,4,-52,0,4
22:43.3,4,-52,0,4
22:43.4,4,-54,1,4
22:43.5,4,-53,2,4
22:43.6,4,-52,0,4
22:43.7,4,-52,0,4
22:43.8,4,-53,0,4
22:44.0,4,-55,0,4
22:44.1,4,-55,0,4
22:44.2,4,-55,0,4
22:44.3,4,-56,1,4
22:44.5,4,-57,1,4
22:44.8,4,-56,1,4
22:44.9,4,-55,0,4
22:45.0,4,-56,0,4
22:45.2,4,-56,0,4
22:45.2,4,-55,0,4
22:45.3,4,-55,0,4
22:45.4,4,-55,0,4
22:45.5,4,-56,0,4
22:45.6,4,-56,1,4
22:45.7,4,-56,0,4
22:45.8,4,-55,0,4
22:45.9,4,-55,0,4
22:45.9,4,-55,0,4
22:46.1,4,-55,0,4
22:46.2,4,-55,0,4
22:46.3,4,-55,0,4
22:46.4,4,-55,0,4
22:46.5,4,-55,0,4
22:46.6,4,-55,0,4
22:46.7,4,-55,0,4
22:46.8,4,-55,0,4
22:46.9,4,-55,0,4
22:47.0,4,-55,0,4
22:47.1,4,-55,0,4
22:47.2,4,-55,0,4
22:47.3,4,-55,0,4
22:47.4,4,-55,0,4
22:47.5,4,-55,0,4
22:47.6,4,-55,0,4
22:47.7,4,-55,0,4
22:47.8,4,-55,0,4
22:47.9,4,-55,0,4
22:48.0,4,-55,0,4
22:48.1,4,-55,0,4
22:48.2,4,-55,0,4
22:48.3,4,-55,0,4
22:48.4,4,-55,0,4
22:48.5,4,-55,0,4
22:48.6,4,-55,0,4
22:48.7,4,-55,0,4
22:48.8,4,-55,0,4
22:48.8,4,-55,0,4
22:48.9,4,-55,0,4
22:49.0,4,-55,0,4
22:49.2,4,-55,0,4
22:49.3,4,-55,0,4
22:49.3,4,-55,0,4
22:49.5,4,-55,0,4
22:49.6,4,-55,0,4
22:49.7,4,-55,0,4
22:49.7,4,-55,0,4
22:49.8,4,-55,0,4
22:49.9,4,-55,0,4
22:50.0,4,-55,0,4
22:50.2,4,-55,0,4
22:50.2,4,-55,0,4
22:50.3,4,-55,0,4
22:50.4,4,-55,0,4
22:50.5,4,-55,0,4
22:50.6,4,-55,0,4
22:50.7,4,-55,0,4
22:50.8,4,-55,0,4
22:50.9,4,-55,0,4
22:51.0,4,-55,0,4
22:51.1,4,-55,0,4
22:51.2,4,-55,0,4
22:51.3,4,-55,0,4
22:51.4,4,-55,0,4
22:51.5,4,-55,0,4
22:51.6,4,-55,0,4
22:51.7,4,-55,0,4
22:51.8,4,-55,0,4
22:51.8,4,-55,0,4
22:51.9,4,-55,0,4
22:52.1,4,-55,0,4
22:52.2,4,-55,0,4
22:52.3,4,-55,0,4
22:52.4,4,-55,0,4
22:52.5,4,-55,0,4
22:52.6,4,-55,0,4
22:52.7,4,-55,0,4
22:52.8,4,-55,0,4
22:53.0,4,-55,0,4
22:53.2,4,-55,0,4
22:53.2,4,-55,0,4
22:53.4,4,-55,0,4
22:53.4,4,-55,0,4
22:53.5,4,-54,1,4
22:53.6,4,-55,0,4
22:53.7,4,-55,0,4
22:53.8,4,-54,1,4
22:53.9,4,-55,0,4
22:54.0,4,-55,0,4
22:54.2,4,-55,0,4
22:54.3,4,-55,0,4
22:54.3,4,-55,0,4
22:54.4,4,-55,0,4
22:54.5,4,-55,0,4
22:54.6,4,-55,0,4
22:54.7,4,-55,0,4
22:54.8,4,-55,0,4
22:54.9,4,-55,0,4
22:55.1,4,-55,0,4
22:55.2,4,-55,0,4
22:55.3,4,-55,0,4
22:55.4,4,-55,0,4
22:55.5,4,-55,0,4
22:55.5,4,-55,0,4
22:55.6,4,-55,0,4
22:55.7,4,-55,0,4
22:55.8,4,-55,0,4
22:55.9,4,-55,0,4
22:56.0,4,-55,0,4
22:56.2,4,-55,0,4
22:56.2,4,-55,0,4
22:56.3,4,-55,0,4
22:56.4,4,-55,0,4
22:56.5,4,-55,0,4
22:56.6,4,-55,0,4
22:56.6,4,-55,0,4
22:56.8,4,-55,0,4
22:56.8,4,-55,0,4
22:56.9,4,-55,0,4
22:57.1,4,-55,0,4
22:57.2,4,-55,0,4
22:57.3,4,-55,0,4
22:57.4,4,-55,0,4
22:57.5,4,-55,0,4
22:57.6,4,-55,0,4
22:57.7,4,-55,0,4
22:57.8,4,-55,0,4
22:57.9,4,-55,0,4
22:58.0,4,-55,0,4
22:58.2,4,-55,0,4
22:58.3,4,-55,0,4
22:58.4,4,-55,0,4
22:58.4,4,-55,0,4
22:58.5,4,-55,0,4
22:58.6,4,-55,0,4
22:58.7,4,-55,0,4
22:58.8,4,-55,0,4
22:58.9,4,-55,0,4
22:59.0,4,-55,0,4
22:59.2,4,-55,0,4
22:59.3,4,-55,0,4
22:59.4,4,-55,0,4
22:59.5,4,-55,0,4
22:59.5,4,-55,0,4
22:59.7,4,-55,0,4
22:59.7,4,-55,0,4
22:59.8,4,-55,0,4
22:59.9,4,-55,0,4
23:00.0,4,-55,0,4
23:00.2,4,-55,0,4
23:00.3,4,-55,0,4
23:00.4,4,-55,0,4
23:00.5,4,-55,0,4
23:00.5,4,-55,0,4
23:00.6,4,-55,0,4
23:00.7,4,-55,0,4
23:00.8,4,-55,0,4
23:00.9,4,-55,0,4
23:06.5,2,-55,0,4
23:06.5,2,-55,0,4
23:06.6,2,-55,0,4
23:06.7,2,-55,0,4
23:06.8,2,-55,0,4
23:06.9,2,-55,0,4
23:07.0,2,-55,0,4
23:07.1,2,-55,0,4
23:07.2,2,-55,0,4
23:07.3,2,-55,0,4
23:07.4,2,-55,0,4
23:07.5,2,-55,0,4
23:07.6,2,-55,0,4
23:07.7,2,-55,0,4
23:07.8,2,-55,0,4
23:07.9,2,-55,0,4
23:08.0,2,-55,0,4
23:08.2,2,-55,0,4
23:08.2,2,-55,0,4
23:08.3,2,-55,0,4
23:08.4,2,-55,0,4
23:08.5,2,-55,0,4
23:08.6,2,-55,0,4
23:08.7,2,-55,0,4
23:08.8,2,-55,0,4
23:08.9,2,-55,0,4
23:08.9,2,-55,0,4
23:09.2,2,-55,0,4
23:09.3,2,-55,0,4
23:09.3,2,-55,0,4
23:09.4,2,-55,0,4
23:09.5,2,-55,0,4
23:09.6,2,-55,0,4
23:09.7,2,-55,0,4
23:09.8,2,-55,0,4
23:09.9,2,-55,0,4
23:10.0,2,-55,0,4
23:10.2,2,-55,0,4
23:10.3,2,-55,0,4
23:10.4,2,-55,0,4
23:10.5,2,-55,0,4
23:10.5,2,-55,0,4
23:10.6,2,-55,0,4
23:10.7,2,-55,0,4
23:10.8,2,-55,0,4
23:10.9,2,-55,0,4
23:11.0,2,-55,0,4
23:11.1,2,-55,0,4
23:11.2,2,-55,0,4
23:11.3,2,-55,0,4
23:11.3,2,-55,0,4
23:11.5,2,-55,0,4
23:11.5,2,-55,0,4
23:11.6,2,-55,0,4
23:11.7,2,-55,0,4
23:11.8,2,-55,0,4
23:11.9,2,-55,0,4
23:12.0,2,-55,0,4
23:12.2,2,-55,0,4
23:12.3,2,-55,0,4
23:12.3,2,-55,0,4
23:12.4,2,-55,0,4
23:12.5,2,-55,0,4
23:12.6,2,-55,0,4
23:12.7,2,-55,0,4
23:12.8,2,-55,0,4
23:12.9,2,-55,0,4
23:13.0,2,-55,0,4
23:13.2,2,-55,0,4
23:13.2,2,-55,0,4
23:13.3,2,-55,0,4
23:13.4,2,-55,0,4
23:13.5,2,-55,0,4
23:13.6,2,-55,0,4
23:13.7,2,-55,0,4
23:13.8,2,-55,0,4
23:13.9,2,-55,0,4
23:13.9,2,-54,2,4
23:14.1,2,-55,1,4
23:14.2,2,-57,12,4
23:15.1,2,-61,0,4
23:15.4,2,-57,2,4
23:15.9,2,-55,0,4
23:16.0,2,-56,1,4
23:16.5,2,-56,1,4
23:16.6,2,-56,0,4
23:16.7,2,-55,0,4
23:16.9,2,-57,1,4
23:19.3,2,-59,4,4
23:21.5,2,-58,0,4
23:21.6,2,-59,1,4
23:21.7,2,-58,0,4
23:21.9,2,-56,0,4
23:22.0,2,-57,0,4
23:25.0,2,-57,0,4
23:25.2,2,-59,2,4
23:27.6,2,-58,0,4
23:27.7,2,-59,0,4
23:27.8,2,-58,0,4
23:28.0,2,-59,0,4
23:28.2,2,-58,0,4
23:28.3,2,-57,0,4
23:28.4,2,-57,0,4
23:28.8,2,-58,0,4
23:31.2,2,-58,0,4
23:31.3,2,-58,0,4
23:31.4,2,-58,0,4
23:31.5,2,-57,0,4
23:31.6,2,-55,0,4
23:31.7,2,-56,0,4
23:31.8,2,-57,1,4
23:32.0,2,-57,0,4
23:32.3,2,-59,3,4
23:34.2,2,-58,0,4
23:34.3,2,-58,0,4
23:34.4,2,-57,0,4
23:34.6,2,-57,0,4
23:34.7,2,-57,0,4
23:34.9,2,-56,0,4
23:35.0,2,-55,0,4
23:35.2,2,-57,0,4
23:38.2,1,-57,0,4
23:38.3,1,-56,1,4
23:38.4,1,-55,1,4
23:38.5,1,-57,0,4
23:41.8,1,-56,2,4
23:42.0,1,-56,3,4
23:59.2,5,-54,1,4
23:59.3,5,-54,1,4
23:59.4,5,-51,0,4
23:59.5,5,-51,0,4
23:59.6,5,-51,0,4
23:59.7,5,-51,0,4
23:59.7,5,-51,0,4
23:59.8,5,-52,0,4
23:59.9,5,-52,0,4
24:00.0,5,-53,0,4
24:00.2,5,-52,0,4
24:00.3,5,-52,0,4
24:00.3,5,-53,0,4
24:00.4,5,-53,1,4
24:00.5,5,-53,0,4
24:00.6,5,-55,0,4
24:00.7,5,-52,0,4
24:00.8,5,-53,0,4
24:00.9,5,-53,2,4
24:01.1,5,-52,0,4
24:01.2,5,-52,0,4
24:01.3,5,-52,0,4
24:01.4,5,-53,0,4
24:01.6,5,-52,0,4
24:01.7,5,-53,0,4
24:01.8,5,-53,2,4
24:01.9,5,-56,2,4
24:02.3,5,-57,1,4
24:02.5,5,-55,0,4
24:02.7,5,-52,0,4
24:02.8,5,-52,0,4
24:03.0,5,-52,0,4
24:03.1,5,-53,2,4
24:03.3,5,-53,0,4
24:03.3,5,-54,3,4
24:03.5,5,-53,1,4
24:03.6,5,-53,1,4
24:03.7,5,-52,0,4
24:03.8,5,-53,0,4
24:03.9,5,-55,0,4
24:04.2,5,-56,1,4
24:04.2,5,-57,0,4
24:04.4,5,-56,2,4
24:04.5,5,-56,0,4
24:04.7,5,-56,0,4
24:04.8,5,-56,0,4
24:04.8,5,-56,0,4
24:04.9,5,-57,0,4
24:05.1,5,-56,0,4
24:05.3,5,-57,0,4
24:05.4,5,-57,0,4
24:05.5,5,-56,0,4
24:05.6,5,-56,0,4
24:05.7,5,-57,0,4
24:05.8,5,-57,0,4
24:05.9,5,-57,0,4
24:08.7,5,-58,0,4
24:09.8,5,-57,0,4
24:51.2,6,-57,1,4
24:51.3,6,-58,0,4
24:51.7,6,-58,1,4
24:52.4,6,-56,0,4
24:52.5,6,-57,0,4
24:52.7,6,-58,1,4
24:53.3,6,-56,0,4
24:53.4,6,-56,0,4
24:53.5,6,-55,0,4
24:53.6,6,-55,0,4
24:53.7,6,-57,0,4
24:53.8,6,-58,0,4
24:54.4,6,-56,0,4
24:54.5,6,-55,0,4
24:54.6,6,-55,0,4
24:54.7,6,-56,0,4
24:54.9,6,-56,0,4
24:55.0,6,-58,0,4
24:55.2,6,-58,0,4
24:55.3,6,-58,0,4
24:55.8,6,-58,0,4
24:55.8,6,-58,0,4
24:56.0,6,-57,0,4
24:56.2,6,-58,0,4
24:56.4,6,-56,1,4
24:56.6,6,-55,0,4
24:56.7,6,-55,1,4
24:56.7,6,-55,0,4
24:56.9,6,-55,0,4
24:57.0,6,-56,0,4
24:57.2,6,-57,0,4
24:57.3,6,-57,0,4
24:57.4,6,-57,0,4
24:57.5,6,-57,0,4
24:57.6,6,-58,0,4
24:57.7,6,-58,0,4
24:57.8,6,-57,0,4
24:58.0,6,-57,0,4
24:58.2,6,-57,0,4
24:58.3,6,-57,0,4
24:58.7,6,-57,0,4
25:12.7,5,-56,0,4
25:12.9,5,-57,0,4
25:13.2,5,-58,0,4
25:13.3,5,-58,0,4
25:13.5,5,-57,0,4
25:14.2,5,-58,0,4
25:14.3,5,-58,0,4
25:14.4,5,-57,0,4
25:14.5,5,-57,0,4
25:14.6,5,-56,0,4
25:14.7,5,-57,0,4
25:14.8,5,-58,0,4
25:15.2,5,-57,0,4
25:15.2,5,-57,1,4
25:15.3,5,-58,0,4
25:44.5,6,-55,0,4
25:44.6,6,-58,1,4
25:44.8,6,-58,0,4
25:45.1,6,-58,0,4
25:45.3,6,-57,0,4
