time,id,RSSI,phase
,,,
,,,
16 19 44 28342,e2001d8712401320d4a0,-51,"171
"
16 19 44 28359,e2001d8712171320c120,-55,"174
"
16 19 44 28375,e2001d8712461320db93,-57,"168
"
16 19 44 28392,e2001d871271320b9f,-56,"174
"
16 19 44 28426,e2001d871271320b9f,-57,"174
"
16 19 44 28442,e2001d8712401320d4a0,-51,"174
"
16 19 44 28442,e2001d8712401320d4a0,-51,"174
"
16 19 44 28509,e2001d8712171320c120,-53,"174
"
16 19 44 28526,e2001d8712401320d4a0,-50,"171
"
16 19 44 28542,e2001d8712461320db93,-57,"174
"
16 19 44 28542,e2001d8712461320db93,-57,"174
"
16 19 44 28575,e2001d871271320b9f,-57,"171
"
16 19 44 28592,e2001d8712401320d4a0,-50,"174
"
16 19 44 28592,e2001d8712401320d4a0,-50,"174
"
16 19 44 28625,e2001d8712461320db93,-55,"174
"
16 19 44 28642,e2001d8712401320d4a0,-49,"171
"
16 19 45 28676,e2001d8712401320d4a0,-49,"174
"
16 19 45 28692,e2001d871271320b9f,-55,"174
"
16 19 45 28709,e2001d8712461320db93,-55,"174
"
16 19 45 28725,e2001d8712171320c120,-57,"171
"
16 19 45 28725,e2001d8712171320c120,-57,"171
"
16 19 45 28759,e2001d8712461320db93,-55,"174
"
16 19 45 28776,e2001d871271320b9f,-55,"171
"
16 19 45 28792,e2001d8712171320c120,-57,"171
"
16 19 45 28809,e2001d8712401320d4a0,-49,"171
"
16 19 45 28809,e2001d8712401320d4a0,-49,"171
"
16 19 45 28842,e2001d871271320b9f,-55,"174
"
16 19 45 28859,e2001d8712461320db93,-53,"174
"
16 19 45 28908,e2001d871271320b9f,-55,"174
"
16 19 45 28925,e2001d8712461320db93,-55,"171
"
16 19 45 28943,e2001d8712171320c120,-56,"171
"
16 19 45 28959,e2001d871271320b9f,-55,"168
"
16 19 45 28976,e2001d8712401320d4a0,-49,"174
"
16 19 45 28992,e2001d8712401320d4a0,-49,"174
"
16 19 45 29009,e2001d8712461320db93,-55,"171
"
16 19 45 29025,e2001d8712171320c120,-56,"174
"
16 19 45 29059,e2001d871271320b9f,-55,"174
"
16 19 45 29076,e2001d871271320b9f,-55,"171
"
16 19 45 29109,e2001d8712461320db93,-55,"171
"
16 19 45 29125,e2001d871271320b9f,-57,"174
"
16 19 45 29142,e2001d8712171320c120,-56,"168
"
16 19 45 29142,e2001d8712171320c120,-56,"168
"
16 19 45 29175,e2001d8712401320d4a0,-49,"174
"
16 19 45 29193,e2001d871271320b9f,-56,"171
"
16 19 45 29193,e2001d871271320b9f,-56,"171
"
16 19 45 29242,e2001d8712171320c120,-56,"174
"
16 19 45 29259,e2001d8712461320db93,-53,"171
"
16 19 45 29309,e2001d8712461320db93,-57,"168
"
16 19 45 29326,e2001d8712171320c120,-55,"171
"
16 19 45 29359,e2001d8712461320db93,-57,"171
"
16 19 45 29375,e2001d8712171320c120,-55,"174
"
16 19 45 29408,e2001d8712401320d4a0,-50,"174
"
16 19 45 29425,e2001d871271320b9f,-57,"174
"
16 19 45 29441,e2001d8712461320db93,-57,"171
"
16 19 45 29441,e2001d8712461320db93,-57,"171
"
16 19 45 29475,e2001d8712461320db93,-57,"174
"
16 19 45 29492,e2001d8712401320d4a0,-50,"174
"
16 19 45 29543,e2001d8712401320d4a0,-50,"174
"
16 19 45 29575,e2001d8712171320c120,-55,"168
"
16 19 45 29626,e2001d8712461320db93,-57,"174
"
16 19 45 29626,e2001d8712461320db93,-57,"174
"
16 19 45 29659,e2001d8712401320d4a0,-49,"174
"
16 19 46 29692,e2001d871271320b9f,-55,"174
"
16 19 46 29692,e2001d871271320b9f,-55,"174
"
16 19 46 29726,e2001d8712171320c120,-57,"168
"
16 19 46 29743,e2001d8712171320c120,-56,"174
"
16 19 46 29759,e2001d8712401320d4a0,-49,"171
"
16 19 46 29776,e2001d871271320b9f,-55,"171
"
16 19 46 29792,e2001d8712461320db93,-55,"174
"
16 19 46 29792,e2001d8712461320db93,-55,"174
"
16 19 46 29792,e2001d8712461320db93,-55,"174
"
16 19 46 29842,e2001d871271320b9f,-56,"171
"
16 19 46 29859,e2001d8712401320d4a0,-49,"174
"
16 19 46 29892,e2001d8712461320db93,-53,"171
"
16 19 46 29908,e2001d8712401320d4a0,-49,"171
"
16 19 46 29926,e2001d8712171320c120,-58,"174
"
16 19 46 29926,e2001d8712171320c120,-58,"174
"
16 19 46 29926,e2001d8712171320c120,-58,"174
"
16 19 46 29975,e2001d8712401320d4a0,-49,"171
"
16 19 46 29992,e2001d8712171320c120,-57,"171
"
16 19 46 30059,e2001d8712461320db93,-55,"174
"
16 19 46 30076,e2001d8712171320c120,-55,"171
"
16 19 46 30109,e2001d8712171320c120,-58,"171
"
16 19 46 30142,e2001d8712401320d4a0,-49,"168
"
16 19 46 30159,e2001d8712461320db93,-55,"174
"
16 19 46 30176,e2001d8712171320c120,-56,"171
"
16 19 46 30192,e2001d871271320b9f,-55,"171
"
16 19 46 30209,e2001d8712401320d4a0,-49,"171
"
16 19 46 30242,e2001d8712401320d4a0,-51,"174
"
16 19 46 30259,e2001d8712171320c120,-55,"171
"
16 19 46 30275,e2001d8712461320db93,-57,"0
"
16 19 46 30275,e2001d8712461320db93,-57,"0
"
16 19 46 30326,e2001d8712171320c120,-55,"174
"
16 19 46 30343,e2001d8712401320d4a0,-51,"174
"
16 19 46 30359,e2001d8712461320db93,-57,"171
"
16 19 46 30359,e2001d8712461320db93,-57,"171
"
16 19 46 30392,e2001d871271320b9f,-58,"168
"
16 19 46 30409,e2001d8712401320d4a0,-51,"174
"
16 19 46 30475,e2001d8712401320d4a0,-51,"171
"
16 19 46 30475,e2001d8712401320d4a0,-51,"171
"
16 19 46 30509,e2001d871271320b9f,-57,"174
"
16 19 46 30542,e2001d871271320b9f,-58,"174
"
16 19 46 30542,e2001d871271320b9f,-58,"174
"
16 19 46 30593,e2001d8712401320d4a0,-51,"174
"
16 19 46 30609,e2001d8712461320db93,-57,"174
"
16 19 46 30642,e2001d8712401320d4a0,-50,"174
"
16 19 46 30659,e2001d8712461320db93,-57,"171
"
16 19 47 30675,e2001d871271320b9f,-58,"174
"
16 19 47 30692,e2001d8712171320c120,-55,"174
"
16 19 47 30709,e2001d8712401320d4a0,-50,"174
"
16 19 47 30725,e2001d8712461320db93,-58,"171
"
16 19 47 30742,e2001d871271320b9f,-57,"171
"
16 19 47 30775,e2001d8712171320c120,-55,"171
"
16 19 47 30792,e2001d8712401320d4a0,-50,"168
"
16 19 47 30859,e2001d8712461320db93,-57,"174
"
16 19 47 30875,e2001d8712171320c120,-55,"171
"
16 19 47 30875,e2001d8712171320c120,-55,"171
"
16 19 47 30908,e2001d8712461320db93,-58,"171
"
16 19 47 30926,e2001d8712401320d4a0,-51,"171
"
16 19 47 30976,e2001d8712401320d4a0,-49,"171
"
16 19 47 30992,e2001d8712461320db93,-55,"174
"
16 19 47 30992,e2001d8712461320db93,-55,"174
"
16 19 47 31025,e2001d8712401320d4a0,-49,"174
"
16 19 47 31042,e2001d8712171320c120,-55,"168
"
16 19 47 31076,e2001d8712401320d4a0,-49,"171
"
16 19 47 31093,e2001d871271320b9f,-56,"168
"
16 19 47 31109,e2001d8712171320c120,-55,"174
"
16 19 47 31109,e2001d8712171320c120,-55,"174
"
16 19 47 31159,e2001d8712171320c120,-56,"174
"
16 19 47 31175,e2001d8712461320db93,-55,"171
"
16 19 47 31243,e2001d8712171320c120,-55,"171
"
16 19 47 31275,e2001d8712401320d4a0,-51,"174
"
16 19 47 31309,e2001d8712171320c120,-55,"171
"
16 19 47 31325,e2001d8712401320d4a0,-51,"174
"
16 19 47 31342,e2001d8712461320db93,-57,"171
"
16 19 47 31375,e2001d8712461320db93,-57,"174
"
16 19 47 31393,e2001d8712401320d4a0,-50,"174
"
16 19 47 31442,e2001d8712171320c120,-55,"168
"
16 19 47 31458,e2001d8712401320d4a0,-51,"168
"
16 19 47 31475,e2001d8712461320db93,-57,"171
"
16 19 47 31493,e2001d871271320b9f,-58,"171
"
16 19 47 31509,e2001d8712401320d4a0,-50,"174
"
16 19 47 31526,e2001d8712171320c120,-55,"171
"
16 19 47 31526,e2001d8712171320c120,-55,"171
"
16 19 47 31559,e2001d8712461320db93,-57,"171
"
16 19 47 31559,e2001d8712461320db93,-57,"171
"
16 19 47 31559,e2001d8712461320db93,-57,"171
"
16 19 47 31609,e2001d8712461320db93,-53,"171
"
16 19 47 31609,e2001d8712461320db93,-53,"171
"
16 19 47 31642,e2001d871271320b9f,-55,"171
"
16 19 48 31676,e2001d8712461320db93,-53,"171
"
16 19 48 31693,e2001d871271320b9f,-57,"171
"
16 19 48 31709,e2001d8712401320d4a0,-49,"174
"
16 19 48 31726,e2001d8712461320db93,-55,"174
"
16 19 48 31743,e2001d871271320b9f,-55,"174
"
16 19 48 31759,e2001d8712401320d4a0,-49,"171
"
16 19 48 31776,e2001d8712461320db93,-53,"171
"
16 19 48 31793,e2001d871271320b9f,-55,"168
"
16 19 48 31793,e2001d871271320b9f,-55,"168
"
16 19 48 31842,e2001d8712171320c120,-57,"171
"
16 19 48 31842,e2001d8712171320c120,-57,"171
"
16 19 48 31875,e2001d8712461320db93,-52,"171
"
16 19 48 31909,e2001d871271320b9f,-56,"174
"
16 19 48 31926,e2001d8712401320d4a0,-49,"174
"
16 19 48 31959,e2001d8712461320db93,-52,"171
"
16 19 48 31976,e2001d871271320b9f,-55,"174
"
16 19 48 32009,e2001d8712461320db93,-55,"174
"
16 19 48 32026,e2001d8712401320d4a0,-49,"174
"
16 19 48 32042,e2001d8712461320db93,-53,"171
"
16 19 48 32059,e2001d871271320b9f,-56,"171
"
16 19 48 32076,e2001d8712171320c120,-57,"171
"
16 19 48 32109,e2001d8712401320d4a0,-49,"174
"
16 19 48 32126,e2001d8712461320db93,-55,"174
"
16 19 48 32143,e2001d871271320b9f,-55,"168
"
16 19 48 32159,e2001d8712171320c120,-57,"174
"
16 19 48 32159,e2001d8712171320c120,-57,"174
"
16 19 48 32193,e2001d8712401320d4a0,-49,"174
"
16 19 48 32209,e2001d8712461320db93,-55,"177
"
16 19 48 32242,e2001d8712401320d4a0,-49,"174
"
16 19 48 32259,e2001d8712171320c120,-55,"168
"
16 19 48 32292,e2001d8712401320d4a0,-49,"171
"
16 19 48 32309,e2001d8712171320c120,-55,"171
"
16 19 48 32326,e2001d871271320b9f,-57,"171
"
16 19 48 32326,e2001d871271320b9f,-57,"171
"
16 19 48 32376,e2001d8712171320c120,-55,"174
"
16 19 48 32392,e2001d8712401320d4a0,-49,"174
"
16 19 48 32425,e2001d8712171320c120,-55,"174
"
16 19 48 32442,e2001d8712401320d4a0,-49,"174
"
16 19 48 32458,e2001d871271320b9f,-57,"174
"
16 19 48 32476,e2001d8712401320d4a0,-49,"174
"
16 19 48 32476,e2001d8712401320d4a0,-49,"174
"
16 19 48 32509,e2001d871271320b9f,-57,"171
"
16 19 48 32526,e2001d8712461320db93,-55,"174
"
16 19 48 32559,e2001d8712401320d4a0,-49,"174
"
16 19 48 32575,e2001d8712171320c120,-55,"171
"
16 19 48 32592,e2001d8712461320db93,-55,"171
"
16 19 48 32608,e2001d8712171320c120,-55,"168
"
16 19 48 32658,e2001d8712401320d4a0,-49,"174
"
16 19 49 32676,e2001d871271320b9f,-56,"174
"
16 19 49 32702,e2001d8712171320c120,-55,"171
"
16 19 49 32709,e2001d8712461320db93,-55,"174
"
16 19 49 32726,e2001d8712401320d4a0,-49,"174
"
16 19 49 32742,e2001d8712171320c120,-53,"168
"
16 19 49 32759,e2001d8712461320db93,-56,"171
"
16 19 49 32776,e2001d871271320b9f,-57,"168
"
16 19 49 32809,e2001d8712171320c120,-55,"174
"
16 19 49 32824,e2001d8712401320d4a0,-49,"171
"
16 19 49 32842,e2001d8712461320db93,-55,"168
"
16 19 49 32858,e2001d871271320b9f,-55,"171
"
16 19 49 32876,e2001d8712401320d4a0,-49,"171
"
16 19 49 32892,e2001d8712171320c120,-55,"174
"
16 19 49 32892,e2001d8712171320c120,-55,"174
"
16 19 49 32926,e2001d8712461320db93,-56,"174
"
16 19 49 32942,e2001d871271320b9f,-57,"174
"
16 19 49 32942,e2001d871271320b9f,-57,"174
"
16 19 49 32975,e2001d8712401320d4a0,-49,"174
"
16 19 49 32992,e2001d8712171320c120,-55,"171
"
16 19 49 33059,e2001d8712171320c120,-53,"174
"
16 19 49 33075,e2001d8712401320d4a0,-51,"171
"
16 19 49 33126,e2001d8712401320d4a0,-51,"174
"
16 19 49 33142,e2001d871271320b9f,-58,"174
"
16 19 49 33159,e2001d8712461320db93,-57,"168
"
16 19 49 33159,e2001d8712461320db93,-57,"168
"
16 19 49 33209,e2001d8712461320db93,-57,"171
"
16 19 49 33209,e2001d8712461320db93,-57,"171
"
16 19 49 33242,e2001d8712171320c120,-53,"171
"
16 19 49 33292,e2001d8712171320c120,-55,"174
"
16 19 49 33309,e2001d8712461320db93,-57,"171
"
16 19 49 33326,e2001d8712401320d4a0,-49,"174
"
16 19 49 33342,e2001d871271320b9f,-58,"174
"
16 19 49 33342,e2001d871271320b9f,-58,"174
"
16 19 49 33342,e2001d871271320b9f,-58,"174
"
16 19 49 33392,e2001d871271320b9f,-57,"171
"
16 19 49 33409,e2001d8712401320d4a0,-49,"174
"
16 19 49 33442,e2001d871271320b9f,-57,"168
"
16 19 49 33442,e2001d871271320b9f,-57,"168
"
16 19 49 33476,e2001d8712461320db93,-57,"174
"
16 19 49 33492,e2001d8712401320d4a0,-49,"171
"
16 19 49 33526,e2001d8712401320d4a0,-50,"168
"
16 19 49 33542,e2001d8712171320c120,-53,"174
"
16 19 49 33559,e2001d8712461320db93,-57,"171
"
16 19 49 33559,e2001d8712461320db93,-57,"171
"
16 19 49 33609,e2001d8712171320c120,-55,"174
"
16 19 49 33625,e2001d8712461320db93,-53,"171
"
16 19 49 33659,e2001d8712171320c120,-58,"171
"
16 19 49 33659,e2001d8712171320c120,-58,"171
"
16 19 50 33692,e2001d871271320b9f,-56,"174
"
16 19 50 33709,e2001d8712401320d4a0,-49,"171
"
16 19 50 33742,e2001d8712461320db93,-55,"171
"
16 19 50 33759,e2001d871271320b9f,-56,"174
"
16 19 50 33775,e2001d8712171320c120,-58,"174
"
16 19 50 33793,e2001d8712401320d4a0,-49,"174
"
16 19 50 33809,e2001d8712461320db93,-55,"171
"
16 19 50 33826,e2001d8712171320c120,-57,"171
"
16 19 50 33859,e2001d871271320b9f,-55,"168
"
16 19 50 33859,e2001d871271320b9f,-55,"168
"
16 19 50 33892,e2001d8712461320db93,-53,"174
"
16 19 50 33909,e2001d8712401320d4a0,-49,"174
"
16 19 50 33942,e2001d8712401320d4a0,-49,"171
"
16 19 50 33942,e2001d8712401320d4a0,-49,"171
"
16 19 50 33976,e2001d8712401320d4a0,-49,"168
"
16 19 50 33993,e2001d8712171320c120,-55,"174
"
16 19 50 34008,e2001d8712461320db93,-57,"171
"
16 19 50 34008,e2001d8712461320db93,-57,"171
"
16 19 50 34042,e2001d8712171320c120,-55,"174
"
16 19 50 34059,e2001d8712401320d4a0,-49,"174
"
16 19 50 34075,e2001d8712461320db93,-57,"171
"
16 19 50 34075,e2001d8712461320db93,-57,"171
"
16 19 50 34109,e2001d8712401320d4a0,-50,"174
"
16 19 50 34109,e2001d8712401320d4a0,-50,"174
"
16 19 50 34142,e2001d871271320b9f,-58,"174
"
16 19 50 34159,e2001d8712171320c120,-55,"174
"
16 19 50 34176,e2001d8712461320db93,-57,"171
"
16 19 50 34176,e2001d8712461320db93,-57,"171
"
16 19 50 34209,e2001d8712171320c120,-55,"171
"
16 19 50 34225,e2001d8712401320d4a0,-49,"171
"
16 19 50 34276,e2001d871271320b9f,-57,"171
"
16 19 50 34309,e2001d871271320b9f,-57,"174
"
16 19 50 34309,e2001d871271320b9f,-57,"174
"
16 19 50 34342,e2001d8712401320d4a0,-49,"168
"
16 19 50 34426,e2001d8712401320d4a0,-49,"174
"
16 19 50 34442,e2001d8712461320db93,-53,"171
"
16 19 50 34459,e2001d871271320b9f,-57,"171
"
16 19 50 34476,e2001d871271320b9f,-57,"171
"
16 19 50 34492,e2001d8712401320d4a0,-49,"174
"
16 19 50 34509,e2001d8712461320db93,-55,"174
"
16 19 50 34525,e2001d8712171320c120,-57,"171
"
16 19 50 34542,e2001d8712401320d4a0,-49,"174
"
16 19 50 34559,e2001d8712171320c120,-55,"174
"
16 19 50 34575,e2001d8712461320db93,-55,"171
"
16 19 50 34609,e2001d8712401320d4a0,-51,"174
"
16 19 50 34626,e2001d8712171320c120,-55,"171
"
16 19 50 34659,e2001d8712401320d4a0,-50,"174
"
16 19 51 34675,e2001d8712461320db93,-57,"174
"
16 19 51 34709,e2001d8712171320c120,-55,"171
"
16 19 51 34725,e2001d871271320b9f,-58,"174
"
16 19 51 34742,e2001d8712461320db93,-57,"171
"
16 19 51 34742,e2001d8712461320db93,-57,"171
"
16 19 51 34792,e2001d8712401320d4a0,-51,"168
"
16 19 51 34809,e2001d8712461320db93,-57,"174
"
16 19 51 34859,e2001d8712171320c120,-55,"171
"
16 19 51 34875,e2001d8712461320db93,-57,"174
"
16 19 51 34893,e2001d871271320b9f,-58,"171
"
16 19 51 34893,e2001d871271320b9f,-58,"171
"
16 19 51 34943,e2001d871271320b9f,-58,"171
"
16 19 51 34959,e2001d8712401320d4a0,-51,"174
"
16 19 51 35009,e2001d871271320b9f,-56,"171
"
16 19 51 35026,e2001d8712461320db93,-53,"171
"
16 19 51 35043,e2001d8712401320d4a0,-49,"174
"
16 19 51 35043,e2001d8712401320d4a0,-49,"174
"
16 19 51 35043,e2001d8712401320d4a0,-49,"174
"
16 19 51 35093,e2001d8712401320d4a0,-50,"168
"
16 19 51 35109,e2001d8712461320db93,-55,"168
"
16 19 51 35143,e2001d8712401320d4a0,-49,"171
"
16 19 51 35159,e2001d8712461320db93,-53,"168
"
16 19 51 35176,e2001d871271320b9f,-55,"174
"
16 19 51 35225,e2001d8712401320d4a0,-50,"174
"
16 19 51 35242,e2001d8712171320c120,-55,"174
"
16 19 51 35292,e2001d8712171320c120,-55,"174
"
16 19 51 35309,e2001d8712461320db93,-57,"174
"
16 19 51 35325,e2001d871271320b9f,-58,"171
"
16 19 51 35325,e2001d871271320b9f,-58,"171
"
16 19 51 35359,e2001d8712401320d4a0,-50,"174
"
16 19 51 35393,e2001d8712171320c120,-55,"174
"
16 19 51 35442,e2001d8712461320db93,-57,"171
"
16 19 51 35459,e2001d8712171320c120,-55,"174
"
16 19 51 35509,e2001d8712171320c120,-55,"174
"
16 19 51 35525,e2001d8712401320d4a0,-50,"171
"
16 19 51 35543,e2001d871271320b9f,-57,"174
"
16 19 51 35559,e2001d8712461320db93,-57,"165
"
16 19 51 35559,e2001d8712461320db93,-57,"165
"
16 19 51 35559,e2001d8712461320db93,-57,"165
"
16 19 51 35609,e2001d8712171320c120,-55,"168
"
16 19 51 35626,e2001d8712401320d4a0,-49,"171
"
16 19 52 35692,e2001d8712401320d4a0,-49,"174
"
16 19 52 35709,e2001d871271320b9f,-55,"171
"
16 19 52 35743,e2001d8712171320c120,-55,"171
"
16 19 52 35759,e2001d8712461320db93,-56,"171
"
16 19 52 35776,e2001d871271320b9f,-57,"168
"
16 19 52 35792,e2001d8712171320c120,-55,"168
"
16 19 52 35809,e2001d8712401320d4a0,-49,"174
"
16 19 52 35826,e2001d8712461320db93,-56,"174
"
16 19 52 35842,e2001d871271320b9f,-57,"174
"
16 19 52 35842,e2001d871271320b9f,-57,"174
"
16 19 52 35876,e2001d8712461320db93,-55,"171
"
16 19 52 35891,e2001d8712401320d4a0,-49,"171
"
16 19 52 35909,e2001d8712171320c120,-55,"168
"
16 19 52 35925,e2001d871271320b9f,-58,"171
"
16 19 52 35943,e2001d8712401320d4a0,-49,"174
"
16 19 52 35943,e2001d8712401320d4a0,-49,"174
"
16 19 52 35975,e2001d8712401320d4a0,-49,"171
"
16 19 52 35993,e2001d8712461320db93,-55,"171
"
16 19 52 36009,e2001d8712171320c120,-56,"171
"
16 19 52 36026,e2001d871271320b9f,-55,"174
"
16 19 52 36042,e2001d8712171320c120,-56,"168
"
16 19 52 36059,e2001d8712401320d4a0,-49,"171
"
16 19 52 36075,e2001d871271320b9f,-57,"174
"
16 19 52 36092,e2001d8712461320db93,-55,"171
"
16 19 52 36109,e2001d8712401320d4a0,-49,"171
"
16 19 52 36126,e2001d8712171320c120,-56,"174
"
16 19 52 36176,e2001d8712401320d4a0,-49,"174
"
16 19 52 36192,e2001d871271320b9f,-56,"171
"
16 19 52 36226,e2001d8712461320db93,-55,"174
"
16 19 52 36241,e2001d871271320b9f,-55,"171
"
16 19 52 36292,e2001d8712461320db93,-55,"174
"
16 19 52 36309,e2001d8712401320d4a0,-49,"171
"
16 19 52 36342,e2001d871271320b9f,-55,"174
"
16 19 52 36360,e2001d8712461320db93,-53,"174
"
16 19 52 36376,e2001d8712171320c120,-57,"174
"
16 19 52 36393,e2001d8712461320db93,-55,"171
"
16 19 52 36409,e2001d871271320b9f,-55,"171
"
16 19 52 36443,e2001d8712461320db93,-53,"174
"
16 19 52 36476,e2001d871271320b9f,-55,"171
"
16 19 52 36493,e2001d8712171320c120,-57,"171
"
16 19 52 36509,e2001d8712401320d4a0,-49,"171
"
16 19 52 36509,e2001d8712401320d4a0,-49,"171
"
16 19 52 36559,e2001d871271320b9f,-55,"168
"
16 19 52 36576,e2001d8712171320c120,-57,"174
"
16 19 52 36609,e2001d8712401320d4a0,-49,"171
"
16 19 52 36625,e2001d8712461320db93,-53,"174
"
16 19 52 36659,e2001d8712171320c120,-58,"171
"
16 19 53 36676,e2001d8712461320db93,-55,"174
"
16 19 53 36696,e2001d8712401320d4a0,-49,"174
"
16 19 53 36708,e2001d871271320b9f,-56,"171
"
16 19 53 36726,e2001d8712171320c120,-57,"171
"
16 19 53 36776,e2001d871271320b9f,-57,"174
"
16 19 53 36792,e2001d8712461320db93,-52,"168
"
16 19 53 36809,e2001d8712171320c120,-57,"174
"
16 19 53 36809,e2001d8712171320c120,-57,"174
"
16 19 53 36843,e2001d871271320b9f,-55,"174
"
16 19 53 36859,e2001d8712401320d4a0,-49,"174
"
16 19 53 36909,e2001d8712461320db93,-53,"171
"
16 19 53 36926,e2001d871271320b9f,-55,"174
"
16 19 53 36941,e2001d8712171320c120,-57,"174
"
16 19 53 36975,e2001d8712171320c120,-55,"177
"
16 19 53 36992,e2001d8712401320d4a0,-49,"171
"
16 19 53 37025,e2001d871271320b9f,-57,"174
"
16 19 53 37042,e2001d8712461320db93,-57,"171
"
16 19 53 37042,e2001d8712461320db93,-57,"171
"
16 19 53 37076,e2001d8712401320d4a0,-50,"174
"
16 19 53 37092,e2001d8712171320c120,-55,"168
"
16 19 53 37109,e2001d8712461320db93,-57,"171
"
16 19 53 37126,e2001d871271320b9f,-57,"171
"
16 19 53 37126,e2001d871271320b9f,-57,"171
"
16 19 53 37159,e2001d871271320b9f,-58,"163
"
16 19 53 37176,e2001d8712401320d4a0,-50,"171
"
16 19 53 37226,e2001d8712401320d4a0,-49,"174
"
16 19 53 37259,e2001d871271320b9f,-57,"174
"
16 19 53 37293,e2001d8712171320c120,-57,"171
"
16 19 53 37309,e2001d8712401320d4a0,-49,"174
"
16 19 53 37342,e2001d8712461320db93,-55,"171
"
16 19 53 37358,e2001d8712171320c120,-57,"174
"
16 19 53 37376,e2001d871271320b9f,-56,"171
"
16 19 53 37376,e2001d871271320b9f,-56,"171
"
16 19 53 37425,e2001d871271320b9f,-57,"174
"
16 19 53 37443,e2001d8712401320d4a0,-49,"174
"
16 19 53 37493,e2001d8712171320c120,-55,"171
"
16 19 53 37542,e2001d871271320b9f,-56,"171
"
16 19 53 37559,e2001d8712171320c120,-57,"168
"
16 19 53 37576,e2001d8712461320db93,-53,"174
"
16 19 53 37592,e2001d8712461320db93,-56,"171
"
16 19 53 37592,e2001d8712461320db93,-56,"171
"
16 19 53 37626,e2001d8712401320d4a0,-49,"174
"
16 19 54 37692,e2001d8712171320c120,-55,"174
"
16 19 54 37709,e2001d8712461320db93,-55,"171
"
16 19 54 37726,e2001d871271320b9f,-55,"168
"
16 19 54 37743,e2001d8712171320c120,-55,"168
"
16 19 54 37760,e2001d8712401320d4a0,-49,"171
"
16 19 54 37776,e2001d8712461320db93,-55,"174
"
16 19 54 37776,e2001d8712461320db93,-55,"174
"
16 19 54 37826,e2001d871271320b9f,-57,"177
"
16 19 54 37842,e2001d8712401320d4a0,-49,"165
"
16 19 54 37859,e2001d8712461320db93,-55,"168
"
16 19 54 37876,e2001d8712171320c120,-55,"174
"
16 19 54 37892,e2001d871271320b9f,-57,"171
"
16 19 54 37892,e2001d871271320b9f,-57,"171
"
16 19 54 37926,e2001d8712401320d4a0,-49,"174
"
16 19 54 37926,e2001d8712401320d4a0,-49,"174
"
16 19 54 37959,e2001d8712461320db93,-55,"177
"
16 19 54 37992,e2001d8712461320db93,-57,"171
"
16 19 54 38009,e2001d8712401320d4a0,-49,"174
"
16 19 54 38026,e2001d8712461320db93,-56,"171
"
16 19 54 38042,e2001d8712171320c120,-55,"174
"
16 19 54 38059,e2001d871271320b9f,-57,"174
"
16 19 54 38059,e2001d871271320b9f,-57,"174
"
16 19 54 38059,e2001d871271320b9f,-57,"174
"
16 19 54 38108,e2001d8712401320d4a0,-49,"174
"
16 19 54 38126,e2001d8712171320c120,-55,"174
"
16 19 54 38176,e2001d8712401320d4a0,-49,"171
"
16 19 54 38176,e2001d8712401320d4a0,-49,"171
"
16 19 54 38226,e2001d8712171320c120,-55,"168
"
16 19 54 38275,e2001d8712171320c120,-57,"171
"
16 19 54 38292,e2001d8712461320db93,-55,"171
"
16 19 54 38309,e2001d8712401320d4a0,-49,"171
"
16 19 54 38325,e2001d871271320b9f,-57,"174
"
16 19 54 38342,e2001d8712171320c120,-57,"174
"
16 19 54 38360,e2001d8712461320db93,-55,"174
"
16 19 54 38376,e2001d8712401320d4a0,-49,"174
"
16 19 54 38393,e2001d871271320b9f,-57,"174
"
16 19 54 38409,e2001d8712171320c120,-57,"171
"
16 19 54 38409,e2001d8712171320c120,-57,"171
"
16 19 54 38443,e2001d8712401320d4a0,-49,"174
"
16 19 54 38459,e2001d8712461320db93,-55,"168
"
16 19 54 38509,e2001d8712461320db93,-55,"174
"
16 19 54 38526,e2001d871271320b9f,-56,"174
"
16 19 54 38559,e2001d8712401320d4a0,-49,"174
"
16 19 54 38575,e2001d8712401320d4a0,-51,"171
"
16 19 54 38575,e2001d8712401320d4a0,-51,"171
"
16 19 54 38609,e2001d871271320b9f,-58,"171
"
16 19 54 38626,e2001d8712171320c120,-53,"174
"
16 19 55 38676,e2001d871271320b9f,-58,"171
"
16 19 55 38709,e2001d8712461320db93,-57,"174
"
16 19 55 38759,e2001d871271320b9f,-58,"163
"
16 19 55 38776,e2001d8712461320db93,-57,"171
"
16 19 55 38809,e2001d8712171320c120,-55,"174
"
16 19 55 38825,e2001d8712401320d4a0,-50,"171
"
16 19 55 38876,e2001d871271320b9f,-58,"174
"
16 19 55 38876,e2001d871271320b9f,-58,"174
"
16 19 55 38909,e2001d8712171320c120,-55,"171
"
16 19 55 38909,e2001d8712171320c120,-55,"171
"
16 19 55 39076,e2001d8712461320db93,-57,"174
"
16 19 55 39093,e2001d8712171320c120,-55,"171
"
16 19 55 39126,e2001d8712171320c120,-53,"174
"
16 19 55 39126,e2001d8712171320c120,-53,"174
"
16 19 55 39159,e2001d8712461320db93,-57,"177
"
16 19 55 39176,e2001d871271320b9f,-57,"174
"
16 19 55 39209,e2001d8712401320d4a0,-49,"174
"
16 19 55 39226,e2001d8712171320c120,-55,"174
"
16 19 55 39242,e2001d8712461320db93,-55,"174
"
16 19 55 39259,e2001d871271320b9f,-57,"174
"
16 19 55 39276,e2001d8712401320d4a0,-49,"174
"
16 19 55 39292,e2001d871271320b9f,-57,"174
"
16 19 55 39309,e2001d8712171320c120,-56,"171
"
16 19 55 39326,e2001d8712461320db93,-55,"168
"
16 19 55 39342,e2001d8712401320d4a0,-49,"168
"
16 19 55 39342,e2001d8712401320d4a0,-49,"168
"
16 19 55 39391,e2001d8712171320c120,-56,"174
"
16 19 55 39409,e2001d8712461320db93,-55,"174
"
16 19 55 39460,e2001d871271320b9f,-57,"171
"
16 19 55 39476,e2001d8712461320db93,-55,"174
"
16 19 55 39493,e2001d8712171320c120,-55,"174
"
16 19 55 39493,e2001d8712171320c120,-55,"174
"
16 19 55 39526,e2001d8712461320db93,-55,"168
"
16 19 55 39526,e2001d8712461320db93,-55,"168
"
16 19 55 39560,e2001d8712401320d4a0,-49,"171
"
16 19 55 39608,e2001d8712171320c120,-55,"171
"
16 19 56 39693,e2001d8712401320d4a0,-49,"171
"
16 19 56 39709,e2001d8712171320c120,-55,"171
"
16 19 56 39726,e2001d8712461320db93,-57,"171
"
16 19 56 39743,e2001d871271320b9f,-57,"174
"
16 19 56 39776,e2001d8712461320db93,-56,"171
"
16 19 56 39793,e2001d8712401320d4a0,-49,"171
"
16 19 56 39826,e2001d8712171320c120,-55,"171
"
16 19 56 39843,e2001d8712461320db93,-57,"174
"
16 19 56 39859,e2001d871271320b9f,-57,"174
"
16 19 56 39859,e2001d871271320b9f,-57,"174
"
16 19 56 39909,e2001d8712401320d4a0,-49,"174
"
16 19 56 39926,e2001d8712461320db93,-55,"168
"
16 19 56 39975,e2001d8712461320db93,-55,"171
"
16 19 56 39992,e2001d8712401320d4a0,-49,"174
"
16 19 56 40009,e2001d8712461320db93,-55,"174
"
16 19 56 40026,e2001d871271320b9f,-57,"171
"
16 19 56 40042,e2001d8712171320c120,-55,"171
"
16 19 56 40060,e2001d8712401320d4a0,-49,"171
"
16 19 56 40076,e2001d8712171320c120,-55,"171
"
16 19 56 40093,e2001d8712461320db93,-55,"171
"
16 19 56 40109,e2001d871271320b9f,-57,"171
"
16 19 56 40126,e2001d8712401320d4a0,-49,"171
"
16 19 56 40143,e2001d871271320b9f,-57,"171
"
16 19 56 40159,e2001d8712461320db93,-56,"171
"
16 19 56 40176,e2001d8712171320c120,-55,"174
"
16 19 56 40209,e2001d8712461320db93,-57,"177
"
16 19 56 40226,e2001d8712171320c120,-55,"171
"
16 19 56 40293,e2001d8712461320db93,-57,"168
"
16 19 56 40309,e2001d8712401320d4a0,-49,"174
"
16 19 56 40342,e2001d8712171320c120,-55,"171
"
16 19 56 40359,e2001d8712461320db93,-57,"174
"
16 19 56 40376,e2001d871271320b9f,-57,"171
"
16 19 56 40376,e2001d871271320b9f,-57,"171
"
16 19 56 40409,e2001d8712401320d4a0,-50,"174
"
16 19 56 40426,e2001d8712171320c120,-55,"171
"
16 19 56 40459,e2001d8712171320c120,-55,"168
"
16 19 56 40476,e2001d8712461320db93,-57,"174
"
16 19 56 40492,e2001d871271320b9f,-58,"174
"
16 19 56 40492,e2001d871271320b9f,-58,"174
"
16 19 56 40543,e2001d8712171320c120,-55,"168
"
16 19 56 40560,e2001d8712401320d4a0,-49,"171
"
16 19 56 40592,e2001d8712171320c120,-55,"174
"
16 19 56 40610,e2001d8712461320db93,-57,"174
"
16 19 56 40626,e2001d8712171320c120,-55,"174
"
16 19 56 40643,e2001d8712461320db93,-58,"177
"
16 19 56 40659,e2001d8712401320d4a0,-49,"174
"
16 19 57 40676,e2001d871271320b9f,-58,"165
"
16 19 57 40693,e2001d8712171320c120,-55,"168
"
16 19 57 40708,e2001d8712461320db93,-57,"174
"
16 19 57 40742,e2001d8712401320d4a0,-49,"171
"
16 19 57 40759,e2001d871271320b9f,-57,"174
"
16 19 57 40759,e2001d871271320b9f,-57,"174
"
16 19 57 40792,e2001d8712461320db93,-57,"171
"
16 19 57 40809,e2001d8712401320d4a0,-50,"168
"
16 19 57 40826,e2001d8712171320c120,-55,"174
"
16 19 57 40843,e2001d8712401320d4a0,-50,"174
"
16 19 57 40860,e2001d8712171320c120,-55,"174
"
16 19 57 40876,e2001d8712461320db93,-58,"174
"
16 19 57 40893,e2001d871271320b9f,-58,"174
"
16 19 57 40893,e2001d871271320b9f,-58,"174
"
16 19 57 40943,e2001d8712171320c120,-55,"174
"
16 19 57 40959,e2001d8712401320d4a0,-49,"174
"
16 19 57 41009,e2001d8712401320d4a0,-49,"174
"
16 19 57 41026,e2001d8712461320db93,-57,"174
"
16 19 57 41043,e2001d8712171320c120,-55,"174
"
16 19 57 41060,e2001d871271320b9f,-58,"174
"
16 19 57 41076,e2001d8712401320d4a0,-49,"174
"
16 19 57 41076,e2001d8712401320d4a0,-49,"174
"
16 19 57 41109,e2001d8712171320c120,-55,"171
"
16 19 57 41126,e2001d8712461320db93,-55,"174
"
16 19 57 41160,e2001d871271320b9f,-57,"174
"
16 19 57 41176,e2001d8712171320c120,-55,"174
"
16 19 57 41210,e2001d8712401320d4a0,-49,"174
"
16 19 57 41226,e2001d8712461320db93,-53,"171
"
16 19 57 41243,e2001d8712171320c120,-57,"174
"
16 19 57 41259,e2001d871271320b9f,-55,"171
"
16 19 57 41276,e2001d8712461320db93,-55,"171
"
16 19 57 41292,e2001d8712401320d4a0,-49,"171
"
16 19 57 41309,e2001d871271320b9f,-56,"171
"
16 19 57 41326,e2001d8712171320c120,-58,"171
"
16 19 57 41343,e2001d8712401320d4a0,-49,"174
"
16 19 57 41360,e2001d871271320b9f,-56,"174
"
16 19 57 41360,e2001d871271320b9f,-56,"174
"
16 19 57 41393,e2001d8712171320c120,-58,"174
"
16 19 57 41410,e2001d8712461320db93,-53,"174
"
16 19 57 41426,e2001d8712401320d4a0,-49,"174
"
16 19 57 41442,e2001d8712461320db93,-55,"171
"
16 19 57 41459,e2001d871271320b9f,-56,"174
"
16 19 57 41476,e2001d8712461320db93,-55,"174
"
16 19 57 41476,e2001d8712461320db93,-55,"174
"
16 19 57 41510,e2001d8712401320d4a0,-49,"174
"
16 19 57 41526,e2001d871271320b9f,-55,"174
"
16 19 57 41543,e2001d8712401320d4a0,-49,"171
"
16 19 57 41559,e2001d8712401320d4a0,-49,"171
"
16 19 57 41559,e2001d8712401320d4a0,-49,"171
"
16 19 57 41592,e2001d8712461320db93,-55,"171
"
16 19 57 41609,e2001d871271320b9f,-56,"174
"
16 19 57 41626,e2001d8712171320c120,-57,"171
"
16 19 57 41626,e2001d8712171320c120,-57,"171
"
16 19 57 41659,e2001d8712461320db93,-53,"174
"
16 19 58 41676,e2001d8712401320d4a0,-49,"174
"
16 19 58 41693,e2001d871271320b9f,-55,"168
"
16 19 58 41726,e2001d8712171320c120,-56,"174
"
16 19 58 41726,e2001d8712171320c120,-56,"174
"
16 19 58 41759,e2001d8712401320d4a0,-49,"174
"
16 19 58 41776,e2001d871271320b9f,-55,"171
"
16 19 58 41810,e2001d8712401320d4a0,-49,"168
"
16 19 58 41826,e2001d871271320b9f,-55,"177
"
16 19 58 41826,e2001d871271320b9f,-55,"177
"
16 19 58 41859,e2001d8712401320d4a0,-49,"171
"
16 19 58 41876,e2001d8712461320db93,-53,"171
"
16 19 58 41909,e2001d871271320b9f,-55,"174
"
16 19 58 41926,e2001d8712401320d4a0,-49,"171
"
16 19 58 41926,e2001d8712401320d4a0,-49,"171
"
16 19 58 41926,e2001d8712401320d4a0,-49,"171
"
16 19 58 41976,e2001d8712401320d4a0,-50,"174
"
16 19 58 41993,e2001d8712461320db93,-55,"174
"
16 19 58 42042,e2001d8712171320c120,-55,"171
"
16 19 58 42059,e2001d8712401320d4a0,-49,"174
"
16 19 58 42076,e2001d8712461320db93,-55,"165
"
16 19 58 42110,e2001d8712171320c120,-55,"174
"
16 19 58 42110,e2001d8712171320c120,-55,"174
"
16 19 58 42143,e2001d8712461320db93,-56,"171
"
16 19 58 42159,e2001d871271320b9f,-57,"0
"
16 19 58 42192,e2001d8712461320db93,-55,"171
"
16 19 58 42209,e2001d8712401320d4a0,-49,"174
"
16 19 58 42259,e2001d871271320b9f,-57,"168
"
16 19 58 42276,e2001d8712401320d4a0,-49,"174
"
16 19 58 42309,e2001d8712401320d4a0,-49,"171
"
16 19 58 42326,e2001d8712461320db93,-55,"171
"
16 19 58 42326,e2001d8712461320db93,-55,"171
"
16 19 58 42359,e2001d8712171320c120,-56,"171
"
16 19 58 42376,e2001d871271320b9f,-55,"171
"
16 19 58 42409,e2001d8712401320d4a0,-49,"168
"
16 19 58 42426,e2001d871271320b9f,-55,"171
"
16 19 58 42442,e2001d8712461320db93,-55,"165
"
16 19 58 42460,e2001d8712171320c120,-56,"171
"
16 19 58 42460,e2001d8712171320c120,-56,"171
"
16 19 58 42492,e2001d8712461320db93,-55,"168
"
16 19 58 42509,e2001d8712401320d4a0,-49,"168
"
16 19 58 42576,e2001d8712171320c120,-56,"174
"
16 19 58 42592,e2001d8712401320d4a0,-49,"171
"
16 19 58 42626,e2001d871271320b9f,-57,"174
"
16 19 58 42643,e2001d8712461320db93,-55,"174
"
16 19 58 42660,e2001d8712171320c120,-55,"174
"
16 19 59 42676,e2001d8712461320db93,-55,"174
"
16 19 59 42693,e2001d8712401320d4a0,-49,"174
"
16 19 59 42709,e2001d871271320b9f,-57,"171
"
16 19 59 42725,e2001d8712171320c120,-55,"174
"
16 19 59 42725,e2001d8712171320c120,-55,"174
"
16 19 59 42776,e2001d871271320b9f,-57,"171
"
16 19 59 42793,e2001d8712401320d4a0,-49,"174
"
16 19 59 42843,e2001d871271320b9f,-56,"171
"
16 19 59 42860,e2001d8712401320d4a0,-49,"171
"
16 19 59 42893,e2001d8712171320c120,-56,"174
"
16 19 59 42909,e2001d8712401320d4a0,-49,"174
"
16 19 59 42959,e2001d8712401320d4a0,-49,"171
"
16 19 59 42959,e2001d8712401320d4a0,-49,"171
"
16 19 59 42992,e2001d8712171320c120,-53,"171
"
16 19 59 43043,e2001d8712401320d4a0,-49,"174
"
16 19 59 43060,e2001d8712171320c120,-55,"171
"
16 19 59 43076,e2001d8712461320db93,-57,"171
"
16 19 59 43093,e2001d871271320b9f,-57,"171
"
16 19 59 43109,e2001d8712401320d4a0,-49,"171
"
16 19 59 43126,e2001d871271320b9f,-57,"171
"
16 19 59 43142,e2001d8712461320db93,-56,"171
"
16 19 59 43159,e2001d8712171320c120,-55,"174
"
16 19 59 43193,e2001d871271320b9f,-57,"168
"
16 19 59 43210,e2001d8712401320d4a0,-49,"168
"
16 19 59 43226,e2001d8712461320db93,-55,"168
"
16 19 59 43243,e2001d8712171320c120,-55,"171
"
16 19 59 43259,e2001d871271320b9f,-57,"174
"
16 19 59 43276,e2001d8712401320d4a0,-49,"174
"
16 19 59 43293,e2001d8712171320c120,-56,"174
"
16 19 59 43310,e2001d8712461320db93,-55,"171
"
16 19 59 43326,e2001d8712401320d4a0,-49,"177
"
16 19 59 43343,e2001d8712461320db93,-55,"174
"
16 19 59 43360,e2001d871271320b9f,-57,"171
"
16 19 59 43376,e2001d8712171320c120,-57,"174
"
16 19 59 43376,e2001d8712171320c120,-57,"174
"
16 19 59 43410,e2001d871271320b9f,-57,"174
"
16 19 59 43426,e2001d8712401320d4a0,-49,"171
"
16 19 59 43476,e2001d8712401320d4a0,-49,"174
"
16 19 59 43493,e2001d871271320b9f,-57,"174
"
16 19 59 43510,e2001d8712461320db93,-55,"171
"
16 19 59 43543,e2001d8712401320d4a0,-49,"174
"
16 19 59 43559,e2001d8712401320d4a0,-49,"174
"
16 19 59 43576,e2001d8712461320db93,-56,"171
"
16 19 59 43593,e2001d8712171320c120,-55,"174
"
16 19 59 43609,e2001d871271320b9f,-56,"174
"
16 19 59 43626,e2001d8712401320d4a0,-50,"174
"
16 19 59 43642,e2001d8712461320db93,-55,"174
"
16 19 59 43642,e2001d8712461320db93,-55,"174
"
16 20 0 43676,e2001d871271320b9f,-57,"174
"
16 20 0 43693,e2001d8712171320c120,-55,"171
"
16 20 0 43709,e2001d8712401320d4a0,-49,"174
"
16 20 0 43726,e2001d8712461320db93,-56,"174
"
16 20 0 43742,e2001d8712171320c120,-55,"171
"
16 20 0 43759,e2001d871271320b9f,-57,"174
"
16 20 0 43775,e2001d8712401320d4a0,-49,"174
"
16 20 0 43792,e2001d8712171320c120,-55,"174
"
16 20 0 43809,e2001d871271320b9f,-57,"174
"
16 20 0 43842,e2001d8712461320db93,-56,"168
"
16 20 0 43842,e2001d8712461320db93,-56,"168
"
16 20 0 43892,e2001d8712461320db93,-56,"174
"
16 20 0 43909,e2001d8712401320d4a0,-49,"174
"
16 20 0 43976,e2001d871271320b9f,-58,"171
"
16 20 0 43993,e2001d8712401320d4a0,-51,"174
"
16 20 0 44009,e2001d8712461320db93,-57,"174
"
16 20 0 44042,e2001d8712171320c120,-53,"174
"
16 20 0 44060,e2001d8712461320db93,-57,"174
"
16 20 0 44060,e2001d8712461320db93,-57,"174
"
16 20 0 44060,e2001d8712461320db93,-57,"174
"
16 20 0 44060,e2001d8712461320db93,-57,"174
"
16 20 0 44126,e2001d8712171320c120,-55,"168
"
16 20 0 44143,e2001d8712401320d4a0,-51,"171
"
16 20 0 44176,e2001d8712171320c120,-55,"174
"
16 20 0 44192,e2001d8712461320db93,-56,"168
"
16 20 0 44210,e2001d871271320b9f,-57,"171
"
16 20 0 44210,e2001d871271320b9f,-57,"171
"
16 20 0 44242,e2001d8712171320c120,-55,"174
"
16 20 0 44260,e2001d8712401320d4a0,-49,"174
"
16 20 0 44309,e2001d8712171320c120,-55,"174
"
16 20 0 44326,e2001d8712401320d4a0,-49,"174
"
16 20 0 44376,e2001d8712401320d4a0,-49,"168
"
16 20 0 44393,e2001d871271320b9f,-57,"168
"
16 20 0 44409,e2001d8712461320db93,-55,"174
"
16 20 0 44409,e2001d8712461320db93,-55,"174
"
16 20 0 44443,e2001d8712171320c120,-56,"171
"
16 20 0 44459,e2001d8712401320d4a0,-49,"174
"
16 20 0 44526,e2001d871271320b9f,-57,"168
"
16 20 0 44543,e2001d8712461320db93,-55,"174
"
16 20 0 44610,e2001d8712171320c120,-53,"174
"
16 20 0 44660,e2001d8712461320db93,-57,"171
"
16 20 0 44660,e2001d8712461320db93,-57,"171
"
16 20 0 44660,e2001d8712461320db93,-57,"171
"
16 20 1 44708,e2001d871271320b9f,-58,"171
"
16 20 1 44742,e2001d8712401320d4a0,-50,"171
"
16 20 1 44759,e2001d8712461320db93,-57,"174
"
16 20 1 44793,e2001d8712171320c120,-55,"174
"
16 20 1 44809,e2001d8712461320db93,-57,"171
"
16 20 1 44860,e2001d8712461320db93,-57,"171
"
16 20 1 44876,e2001d8712171320c120,-55,"171
"
16 20 1 44893,e2001d871271320b9f,-58,"171
"
16 20 1 44893,e2001d871271320b9f,-58,"171
"
16 20 1 44926,e2001d8712171320c120,-55,"174
"
16 20 1 44943,e2001d8712401320d4a0,-51,"174
"
16 20 1 44992,e2001d8712171320c120,-55,"174
"
16 20 1 45009,e2001d8712461320db93,-56,"174
"
16 20 1 45026,e2001d8712401320d4a0,-51,"174
"
16 20 1 45076,e2001d871271320b9f,-58,"174
"
16 20 1 45092,e2001d8712461320db93,-57,"171
"
16 20 1 45109,e2001d8712401320d4a0,-51,"168
"
16 20 1 45159,e2001d8712171320c120,-55,"174
"
16 20 1 45176,e2001d8712461320db93,-57,"174
"
16 20 1 45225,e2001d871271320b9f,-55,"171
"
16 20 1 45242,e2001d8712171320c120,-57,"174
"
16 20 1 45260,e2001d8712401320d4a0,-49,"174
"
16 20 1 45276,e2001d8712171320c120,-58,"174
"
16 20 1 45293,e2001d8712461320db93,-53,"171
"
16 20 1 45325,e2001d8712401320d4a0,-49,"171
"
16 20 1 45343,e2001d8712171320c120,-57,"174
"
16 20 1 45360,e2001d871271320b9f,-55,"171
"
16 20 1 45376,e2001d8712401320d4a0,-49,"177
"
16 20 1 45376,e2001d8712401320d4a0,-49,"177
"
16 20 1 45410,e2001d8712171320c120,-58,"171
"
16 20 1 45426,e2001d8712461320db93,-53,"174
"
16 20 1 45459,e2001d8712401320d4a0,-49,"174
"
16 20 1 45477,e2001d8712171320c120,-58,"171
"
16 20 1 45493,e2001d871271320b9f,-55,"174
"
16 20 1 45525,e2001d8712401320d4a0,-49,"171
"
16 20 1 45525,e2001d8712401320d4a0,-49,"171
"
16 20 1 45560,e2001d871271320b9f,-55,"174
"
16 20 1 45593,e2001d8712401320d4a0,-49,"171
"
16 20 1 45593,e2001d8712401320d4a0,-49,"171
"
16 20 1 45626,e2001d8712171320c120,-55,"174
"
16 20 1 45643,e2001d8712461320db93,-55,"171
"
16 20 2 45676,e2001d8712461320db93,-55,"171
"
16 20 2 45693,e2001d871271320b9f,-56,"171
"
16 20 2 45693,e2001d871271320b9f,-56,"171
"
16 20 2 45743,e2001d8712401320d4a0,-49,"171
"
16 20 2 45743,e2001d8712401320d4a0,-49,"171
"
16 20 2 45776,e2001d8712171320c120,-57,"171
"
16 20 2 45859,e2001d8712461320db93,-55,"174
"
16 20 2 45876,e2001d8712171320c120,-55,"168
"
16 20 2 45926,e2001d8712171320c120,-55,"171
"
16 20 2 45943,e2001d8712401320d4a0,-49,"174
"
16 20 2 45976,e2001d8712171320c120,-55,"171
"
16 20 2 45976,e2001d8712171320c120,-55,"171
"
16 20 2 46009,e2001d8712461320db93,-57,"174
"
16 20 2 46026,e2001d871271320b9f,-57,"171
"
16 20 2 46042,e2001d8712171320c120,-55,"171
"
16 20 2 46060,e2001d8712401320d4a0,-50,"174
"
16 20 2 46076,e2001d8712461320db93,-57,"174
"
16 20 2 46093,e2001d871271320b9f,-58,"171
"
16 20 2 46093,e2001d871271320b9f,-58,"171
"
16 20 2 46126,e2001d871271320b9f,-57,"174
"
16 20 2 46126,e2001d871271320b9f,-57,"174
"
16 20 2 46159,e2001d8712461320db93,-55,"174
"
16 20 2 46209,e2001d8712461320db93,-55,"171
"
16 20 2 46227,e2001d871271320b9f,-57,"174
"
16 20 2 46243,e2001d8712171320c120,-58,"174
"
16 20 2 46260,e2001d8712461320db93,-55,"177
"
16 20 2 46276,e2001d8712401320d4a0,-49,"171
"
16 20 2 46326,e2001d8712461320db93,-55,"171
"
16 20 2 46359,e2001d871271320b9f,-55,"168
"
16 20 2 46376,e2001d8712171320c120,-57,"174
"
16 20 2 46410,e2001d8712171320c120,-57,"174
"
16 20 2 46410,e2001d8712171320c120,-57,"174
"
16 20 2 46443,e2001d871271320b9f,-55,"174
"
16 20 2 46475,e2001d8712171320c120,-57,"171
"
16 20 2 46509,e2001d8712401320d4a0,-49,"168
"
16 20 2 46509,e2001d8712401320d4a0,-49,"168
"
16 20 2 46543,e2001d8712401320d4a0,-49,"171
"
16 20 2 46559,e2001d8712461320db93,-55,"0
"
16 20 2 46610,e2001d871271320b9f,-55,"171
"
16 20 2 46626,e2001d8712461320db93,-55,"171
"
16 20 2 46643,e2001d8712171320c120,-57,"174
"
16 20 2 46643,e2001d8712171320c120,-57,"174
"
16 20 3 46676,e2001d871271320b9f,-57,"171
"
16 20 3 46693,e2001d8712461320db93,-53,"168
"
16 20 3 46743,e2001d8712401320d4a0,-49,"174
"
16 20 3 46759,e2001d871271320b9f,-55,"171
"
16 20 3 46776,e2001d8712171320c120,-57,"174
"
16 20 3 46776,e2001d8712171320c120,-57,"174
"
16 20 3 46809,e2001d8712401320d4a0,-49,"171
"
16 20 3 46827,e2001d8712461320db93,-55,"171
"
16 20 3 46843,e2001d8712171320c120,-57,"174
"
16 20 3 46860,e2001d871271320b9f,-57,"171
"
16 20 3 46875,e2001d8712401320d4a0,-49,"174
"
16 20 3 46875,e2001d8712401320d4a0,-49,"174
"
16 20 3 46909,e2001d8712171320c120,-57,"168
"
16 20 3 46927,e2001d8712401320d4a0,-50,"174
"
16 20 3 46993,e2001d8712461320db93,-57,"171
"
16 20 3 47010,e2001d8712171320c120,-55,"168
"
16 20 3 47043,e2001d8712171320c120,-53,"171
"
16 20 3 47059,e2001d871271320b9f,-57,"171
"
16 20 3 47059,e2001d871271320b9f,-57,"171
"
16 20 3 47143,e2001d8712401320d4a0,-51,"174
"
16 20 3 47143,e2001d8712401320d4a0,-51,"174
"
16 20 3 47176,e2001d8712461320db93,-57,"177
"
16 20 3 47209,e2001d8712461320db93,-57,"174
"
16 20 3 47226,e2001d8712171320c120,-55,"171
"
16 20 3 47226,e2001d8712171320c120,-55,"171
"
16 20 3 47260,e2001d8712401320d4a0,-50,"171
"
16 20 3 47276,e2001d8712171320c120,-55,"174
"
16 20 3 47326,e2001d8712461320db93,-58,"165
"
16 20 3 47343,e2001d8712171320c120,-55,"171
"
16 20 3 47359,e2001d871271320b9f,-58,"168
"
16 20 3 47359,e2001d871271320b9f,-58,"168
"
16 20 3 47393,e2001d8712171320c120,-55,"171
"
16 20 3 47410,e2001d8712401320d4a0,-51,"174
"
16 20 3 47410,e2001d8712401320d4a0,-51,"174
"
16 20 3 47476,e2001d8712401320d4a0,-51,"171
"
16 20 3 47493,e2001d8712171320c120,-55,"174
"
16 20 3 47525,e2001d8712401320d4a0,-49,"174
"
16 20 3 47542,e2001d8712171320c120,-55,"168
"
16 20 3 47559,e2001d8712461320db93,-55,"174
"
16 20 3 47576,e2001d871271320b9f,-55,"174
"
16 20 3 47592,e2001d8712401320d4a0,-49,"174
"
16 20 3 47592,e2001d8712401320d4a0,-49,"174
"
16 20 3 47627,e2001d871271320b9f,-57,"174
"
16 20 3 47643,e2001d8712461320db93,-55,"174
"
16 20 4 47793,e2001d871271320b9f,-56,"171
"
16 20 4 47793,e2001d871271320b9f,-56,"171
"
16 20 4 47793,e2001d871271320b9f,-56,"171
"
16 20 4 47842,e2001d8712171320c120,-56,"171
"
16 20 4 47860,e2001d8712401320d4a0,-49,"171
"
16 20 4 47925,e2001d871271320b9f,-56,"171
"
16 20 4 48059,e2001d8712461320db93,-57,"174
"
16 20 4 48076,e2001d8712401320d4a0,-50,"174
"
16 20 4 48093,e2001d871271320b9f,-58,"171
"
16 20 4 48093,e2001d871271320b9f,-58,"171
"
16 20 4 48126,e2001d8712461320db93,-58,"171
"
16 20 4 48143,e2001d8712401320d4a0,-51,"168
"
16 20 4 48177,e2001d8712401320d4a0,-49,"174
"
16 20 4 48210,e2001d871271320b9f,-56,"174
"
16 20 4 48226,e2001d8712401320d4a0,-49,"171
"
16 20 4 48243,e2001d871271320b9f,-56,"168
"
16 20 4 48259,e2001d8712461320db93,-53,"174
"
16 20 4 48259,e2001d8712461320db93,-53,"174
"
16 20 4 48259,e2001d8712461320db93,-53,"174
"
16 20 4 48309,e2001d871271320b9f,-55,"171
"
16 20 4 48325,e2001d8712401320d4a0,-49,"174
"
16 20 4 48376,e2001d8712401320d4a0,-49,"174
"
16 20 4 48393,e2001d8712461320db93,-53,"171
"
16 20 4 48410,e2001d871271320b9f,-55,"168
"
16 20 4 48426,e2001d8712171320c120,-56,"174
"
16 20 4 48443,e2001d8712461320db93,-55,"174
"
16 20 4 48460,e2001d8712401320d4a0,-49,"174
"
16 20 4 48476,e2001d871271320b9f,-57,"174
"
16 20 4 48493,e2001d8712401320d4a0,-49,"174
"
16 20 4 48493,e2001d8712401320d4a0,-49,"174
"
16 20 4 48527,e2001d8712401320d4a0,-49,"174
"
16 20 4 48543,e2001d8712461320db93,-53,"171
"
16 20 4 48560,e2001d8712171320c120,-56,"171
"
16 20 4 48593,e2001d871271320b9f,-56,"174
"
16 20 4 48610,e2001d8712401320d4a0,-49,"174
"
16 20 4 48643,e2001d871271320b9f,-57,"174
"
16 20 4 48659,e2001d8712401320d4a0,-49,"174
"
16 20 5 48676,e2001d8712171320c120,-57,"174
"
16 20 5 48692,e2001d8712461320db93,-55,"171
"
16 20 5 48709,e2001d871271320b9f,-56,"174
"
16 20 5 48743,e2001d8712401320d4a0,-49,"171
"
16 20 5 48760,e2001d8712171320c120,-57,"171
"
16 20 5 48760,e2001d8712171320c120,-57,"171
"
16 20 5 48793,e2001d871271320b9f,-56,"174
"
16 20 5 48809,e2001d8712461320db93,-55,"171
"
16 20 5 48826,e2001d871271320b9f,-56,"168
"
16 20 5 48842,e2001d8712401320d4a0,-49,"174
"
16 20 5 48860,e2001d8712461320db93,-55,"168
"
16 20 5 48877,e2001d8712171320c120,-56,"171
"
16 20 5 48893,e2001d8712171320c120,-55,"171
"
16 20 5 48910,e2001d8712401320d4a0,-49,"174
"
16 20 5 48927,e2001d8712461320db93,-55,"174
"
16 20 5 48943,e2001d871271320b9f,-57,"174
"
16 20 5 48943,e2001d871271320b9f,-57,"174
"
16 20 5 48993,e2001d871271320b9f,-57,"171
"
16 20 5 49009,e2001d8712401320d4a0,-49,"171
"
16 20 5 49060,e2001d8712461320db93,-55,"174
"
16 20 5 49077,e2001d8712171320c120,-55,"171
"
16 20 5 49093,e2001d871271320b9f,-55,"174
"
16 20 5 49110,e2001d8712401320d4a0,-49,"174
"
16 20 5 49110,e2001d8712401320d4a0,-49,"174
"
16 20 5 49143,e2001d8712461320db93,-55,"171
"
16 20 5 49176,e2001d8712461320db93,-56,"171
"
16 20 5 49193,e2001d8712171320c120,-55,"171
"
16 20 5 49193,e2001d8712171320c120,-55,"171
"
16 20 5 49242,e2001d8712461320db93,-55,"174
"
16 20 5 49259,e2001d8712401320d4a0,-49,"174
"
16 20 5 49293,e2001d8712401320d4a0,-49,"174
"
16 20 5 49310,e2001d871271320b9f,-57,"174
"
16 20 5 49326,e2001d8712461320db93,-55,"174
"
16 20 5 49326,e2001d8712461320db93,-55,"174
"
16 20 5 49360,e2001d8712401320d4a0,-49,"174
"
16 20 5 49376,e2001d8712171320c120,-55,"171
"
16 20 5 49409,e2001d8712171320c120,-55,"171
"
16 20 5 49409,e2001d8712171320c120,-55,"171
"
16 20 5 49443,e2001d871271320b9f,-57,"171
"
16 20 5 49459,e2001d8712461320db93,-55,"171
"
16 20 5 49493,e2001d8712171320c120,-55,"174
"
16 20 5 49493,e2001d8712171320c120,-55,"174
"
16 20 5 49526,e2001d8712401320d4a0,-49,"168
"
16 20 5 49526,e2001d8712401320d4a0,-49,"168
"
16 20 5 49642,e2001d8712461320db93,-57,"174
"
16 20 5 49659,e2001d8712171320c120,-53,"171
"
16 20 5 49659,e2001d8712171320c120,-53,"171
"
16 20 6 49727,e2001d8712171320c120,-53,"174
"
16 20 6 49742,e2001d8712401320d4a0,-51,"174
"
16 20 6 49793,e2001d8712401320d4a0,-51,"171
"
16 20 6 49810,e2001d8712461320db93,-56,"174
"
16 20 6 49826,e2001d871271320b9f,-58,"174
"
16 20 6 49826,e2001d871271320b9f,-58,"174
"
16 20 6 49859,e2001d8712401320d4a0,-51,"174
"
16 20 6 49876,e2001d8712461320db93,-57,"171
"
16 20 6 49909,e2001d8712401320d4a0,-49,"171
"
16 20 6 49926,e2001d8712171320c120,-55,"168
"
16 20 6 49943,e2001d8712401320d4a0,-50,"171
"
16 20 6 49959,e2001d8712171320c120,-55,"168
"
16 20 6 49976,e2001d8712461320db93,-57,"177
"
16 20 6 49993,e2001d871271320b9f,-58,"168
"
16 20 6 50009,e2001d8712401320d4a0,-50,"174
"
16 20 6 50026,e2001d8712171320c120,-55,"171
"
16 20 6 50043,e2001d8712461320db93,-57,"174
"
16 20 6 50043,e2001d8712461320db93,-57,"174
"
16 20 6 50043,e2001d8712461320db93,-57,"174
"
16 20 6 50093,e2001d871271320b9f,-57,"171
"
16 20 6 50109,e2001d8712401320d4a0,-50,"174
"
16 20 6 50160,e2001d8712401320d4a0,-49,"174
"
16 20 6 50176,e2001d8712171320c120,-57,"174
"
16 20 6 50210,e2001d871271320b9f,-56,"171
"
16 20 6 50227,e2001d8712401320d4a0,-49,"168
"
16 20 6 50243,e2001d8712171320c120,-57,"171
"
16 20 6 50243,e2001d8712171320c120,-57,"171
"
16 20 6 50276,e2001d8712461320db93,-55,"171
"
16 20 6 50293,e2001d8712401320d4a0,-49,"174
"
16 20 6 50343,e2001d8712461320db93,-55,"171
"
16 20 6 50359,e2001d8712401320d4a0,-49,"171
"
16 20 6 50376,e2001d871271320b9f,-56,"174
"
16 20 6 50392,e2001d8712171320c120,-57,"0
"
16 20 6 50392,e2001d8712171320c120,-57,"0
"
16 20 6 50426,e2001d8712401320d4a0,-49,"174
"
16 20 6 50443,e2001d871271320b9f,-55,"171
"
16 20 6 50526,e2001d8712461320db93,-57,"171
"
16 20 6 50526,e2001d8712461320db93,-57,"171
"
16 20 6 50560,e2001d8712171320c120,-55,"174
"
16 20 6 50593,e2001d8712461320db93,-57,"171
"
16 20 6 50610,e2001d871271320b9f,-58,"174
"
16 20 6 50610,e2001d871271320b9f,-58,"174
"
16 20 6 50642,e2001d8712461320db93,-57,"174
"
16 20 6 50660,e2001d8712401320d4a0,-50,"174
"
16 20 7 50709,e2001d8712401320d4a0,-49,"171
"
16 20 7 50726,e2001d8712171320c120,-55,"174
"
16 20 7 50743,e2001d8712461320db93,-55,"171
"
16 20 7 50759,e2001d8712401320d4a0,-49,"171
"
16 20 7 50776,e2001d8712171320c120,-53,"171
"
16 20 7 50793,e2001d871271320b9f,-58,"177
"
16 20 7 50809,e2001d8712461320db93,-57,"168
"
16 20 7 50809,e2001d8712461320db93,-57,"168
"
16 20 7 50843,e2001d8712461320db93,-57,"168
"
16 20 7 50859,e2001d8712401320d4a0,-49,"171
"
16 20 7 50909,e2001d8712401320d4a0,-49,"171
"
16 20 7 50926,e2001d871271320b9f,-57,"168
"
16 20 7 50960,e2001d8712401320d4a0,-49,"171
"
16 20 7 50977,e2001d871271320b9f,-56,"168
"
16 20 7 50993,e2001d8712171320c120,-56,"174
"
16 20 7 50993,e2001d8712171320c120,-56,"174
"
16 20 7 51026,e2001d8712401320d4a0,-49,"171
"
16 20 7 51043,e2001d8712171320c120,-55,"168
"
16 20 7 51059,e2001d8712461320db93,-55,"171
"
16 20 7 51076,e2001d871271320b9f,-56,"171
"
16 20 7 51093,e2001d8712401320d4a0,-49,"171
"
16 20 7 51110,e2001d8712461320db93,-55,"174
"
16 20 7 51143,e2001d8712401320d4a0,-51,"171
"
16 20 7 51160,e2001d8712461320db93,-57,"174
"
16 20 7 51177,e2001d8712171320c120,-55,"174
"
16 20 7 51193,e2001d871271320b9f,-57,"174
"
16 20 7 51210,e2001d8712171320c120,-53,"174
"
16 20 7 51226,e2001d8712401320d4a0,-51,"171
"
16 20 7 51243,e2001d8712461320db93,-57,"168
"
16 20 7 51243,e2001d8712461320db93,-57,"168
"
16 20 7 51243,e2001d8712461320db93,-57,"168
"
16 20 7 51309,e2001d8712461320db93,-57,"174
"
16 20 7 51327,e2001d8712401320d4a0,-51,"171
"
16 20 7 51359,e2001d8712171320c120,-53,"174
"
16 20 7 51376,e2001d8712401320d4a0,-51,"171
"
16 20 7 51376,e2001d8712401320d4a0,-51,"171
"
16 20 7 51409,e2001d8712171320c120,-55,"171
"
16 20 7 51426,e2001d8712401320d4a0,-51,"174
"
16 20 7 51442,e2001d8712461320db93,-57,"174
"
16 20 7 51442,e2001d8712461320db93,-57,"174
"
16 20 7 51493,e2001d8712171320c120,-55,"174
"
16 20 7 51509,e2001d8712401320d4a0,-51,"171
"
16 20 7 51543,e2001d8712171320c120,-58,"177
"
16 20 7 51560,e2001d871271320b9f,-56,"174
"
16 20 7 51560,e2001d871271320b9f,-56,"174
"
16 20 7 51593,e2001d8712401320d4a0,-49,"177
"
16 20 7 51610,e2001d8712461320db93,-53,"171
"
16 20 7 51643,e2001d8712461320db93,-55,"171
"
16 20 7 51660,e2001d8712171320c120,-58,"171
"
16 20 8 51676,e2001d8712401320d4a0,-49,"174
"
16 20 8 51693,e2001d871271320b9f,-55,"174
"
16 20 8 51693,e2001d871271320b9f,-55,"174
"
16 20 8 51726,e2001d8712461320db93,-53,"174
"
16 20 8 51743,e2001d8712401320d4a0,-49,"171
"
16 20 8 51760,e2001d871271320b9f,-56,"171
"
16 20 8 51760,e2001d871271320b9f,-56,"171
"
16 20 8 51760,e2001d871271320b9f,-56,"171
"
16 20 8 51810,e2001d871271320b9f,-55,"174
"
16 20 8 51826,e2001d8712401320d4a0,-49,"174
"
16 20 8 51860,e2001d871271320b9f,-55,"174
"
16 20 8 51860,e2001d871271320b9f,-55,"174
"
16 20 8 51893,e2001d8712401320d4a0,-50,"171
"
16 20 8 51908,e2001d8712171320c120,-53,"171
"
16 20 8 51943,e2001d8712171320c120,-55,"171
"
16 20 8 51960,e2001d8712401320d4a0,-50,"174
"
16 20 8 51977,e2001d871271320b9f,-58,"174
"
16 20 8 51993,e2001d8712461320db93,-57,"174
"
16 20 8 52010,e2001d8712171320c120,-55,"174
"
16 20 8 52010,e2001d8712171320c120,-55,"174
"
16 20 8 52059,e2001d8712461320db93,-57,"174
"
16 20 8 52076,e2001d8712401320d4a0,-50,"171
"
16 20 8 52126,e2001d871271320b9f,-57,"174
"
16 20 8 52126,e2001d871271320b9f,-57,"174
"
16 20 8 52177,e2001d8712171320c120,-55,"171
"
16 20 8 52226,e2001d8712401320d4a0,-49,"177
"
16 20 8 52226,e2001d8712401320d4a0,-49,"177
"
16 20 8 52260,e2001d8712461320db93,-57,"171
"
16 20 8 52277,e2001d8712171320c120,-55,"171
"
16 20 8 52293,e2001d8712461320db93,-57,"171
"
16 20 8 52293,e2001d8712461320db93,-57,"171
"
16 20 8 52293,e2001d8712461320db93,-57,"171
"
16 20 8 52343,e2001d8712171320c120,-55,"174
"
16 20 8 52360,e2001d8712401320d4a0,-49,"171
"
16 20 8 52393,e2001d8712401320d4a0,-49,"171
"
16 20 8 52409,e2001d8712171320c120,-55,"171
"
16 20 8 52426,e2001d8712461320db93,-56,"177
"
16 20 8 52426,e2001d8712461320db93,-56,"177
"
16 20 8 52460,e2001d871271320b9f,-57,"171
"
16 20 8 52476,e2001d8712401320d4a0,-49,"174
"
16 20 8 52559,e2001d8712171320c120,-56,"168
"
16 20 8 52594,e2001d8712401320d4a0,-49,"174
"
16 20 8 52610,e2001d8712461320db93,-55,"174
"
16 20 8 52643,e2001d8712401320d4a0,-49,"174
"
16 20 8 52660,e2001d8712461320db93,-55,"174
"
16 20 9 52676,e2001d871271320b9f,-57,"174
"
16 20 9 52676,e2001d871271320b9f,-57,"174
"
16 20 9 52676,e2001d871271320b9f,-57,"174
"
16 20 9 52726,e2001d8712461320db93,-55,"174
"
16 20 9 52743,e2001d8712401320d4a0,-49,"174
"
16 20 9 52776,e2001d8712401320d4a0,-49,"174
"
16 20 9 52793,e2001d8712461320db93,-55,"171
"
16 20 9 52810,e2001d871271320b9f,-55,"171
"
16 20 9 52810,e2001d871271320b9f,-55,"171
"
16 20 9 52810,e2001d871271320b9f,-55,"171
"
16 20 9 52859,e2001d8712461320db93,-56,"171
"
16 20 9 52859,e2001d8712461320db93,-56,"171
"
16 20 9 52893,e2001d8712401320d4a0,-49,"174
"
16 20 9 52927,e2001d871271320b9f,-55,"171
"
16 20 9 52959,e2001d8712461320db93,-55,"171
"
16 20 9 52976,e2001d8712401320d4a0,-49,"171
"
16 20 9 53026,e2001d8712401320d4a0,-49,"174
"
16 20 9 53043,e2001d8712461320db93,-52,"174
"
16 20 9 53043,e2001d8712461320db93,-52,"174
"
16 20 9 53093,e2001d8712401320d4a0,-49,"174
"
16 20 9 53143,e2001d8712171320c120,-57,"174
"
16 20 9 53160,e2001d8712461320db93,-53,"171
"
16 20 9 53210,e2001d8712401320d4a0,-49,"171
"
16 20 9 53226,e2001d8712461320db93,-55,"171
"
16 20 9 53277,e2001d8712171320c120,-56,"171
"
16 20 9 53277,e2001d8712171320c120,-56,"171
"
16 20 9 53310,e2001d8712171320c120,-57,"171
"
16 20 9 53327,e2001d8712401320d4a0,-49,"174
"
16 20 9 53360,e2001d8712461320db93,-55,"174
"
16 20 9 53377,e2001d8712171320c120,-57,"174
"
16 20 9 53393,e2001d871271320b9f,-57,"171
"
16 20 9 53410,e2001d8712401320d4a0,-49,"168
"
16 20 9 53426,e2001d8712171320c120,-57,"171
"
16 20 9 53443,e2001d8712461320db93,-55,"171
"
16 20 9 53459,e2001d871271320b9f,-57,"168
"
16 20 9 53477,e2001d8712401320d4a0,-49,"174
"
16 20 9 53493,e2001d8712401320d4a0,-50,"174
"
16 20 9 53510,e2001d8712171320c120,-55,"174
"
16 20 9 53526,e2001d8712461320db93,-57,"168
"
16 20 9 53526,e2001d8712461320db93,-57,"168
"
16 20 9 53526,e2001d8712461320db93,-57,"168
"
16 20 9 53577,e2001d8712461320db93,-57,"171
"
16 20 9 53593,e2001d8712171320c120,-55,"171
"
16 20 9 53643,e2001d8712401320d4a0,-50,"174
"
16 20 9 53659,e2001d8712461320db93,-57,"174
"
16 20 10 53709,e2001d8712401320d4a0,-49,"171
"
16 20 10 53726,e2001d871271320b9f,-58,"171
"
16 20 10 53743,e2001d8712461320db93,-56,"177
"
16 20 10 53777,e2001d8712171320c120,-55,"171
"
16 20 10 53793,e2001d8712401320d4a0,-50,"171
"
16 20 10 53825,e2001d8712171320c120,-55,"174
"
16 20 10 53843,e2001d8712461320db93,-56,"174
"
16 20 10 53843,e2001d8712461320db93,-56,"174
"
16 20 10 53877,e2001d871271320b9f,-58,"171
"
16 20 10 53877,e2001d871271320b9f,-58,"171
"
16 20 10 53927,e2001d8712401320d4a0,-49,"171
"
16 20 10 53993,e2001d8712171320c120,-57,"171
"
16 20 10 54026,e2001d871271320b9f,-55,"171
"
16 20 10 54043,e2001d8712401320d4a0,-49,"174
"
16 20 10 54077,e2001d8712461320db93,-55,"174
"
16 20 10 54093,e2001d8712171320c120,-57,"171
"
16 20 10 54110,e2001d871271320b9f,-55,"174
"
16 20 10 54143,e2001d8712401320d4a0,-49,"168
"
16 20 10 54177,e2001d8712401320d4a0,-49,"171
"
16 20 10 54193,e2001d8712461320db93,-55,"171
"
16 20 10 54209,e2001d8712171320c120,-55,"174
"
16 20 10 54226,e2001d871271320b9f,-55,"171
"
16 20 10 54243,e2001d871271320b9f,-56,"171
"
16 20 10 54260,e2001d8712401320d4a0,-49,"171
"
16 20 10 54276,e2001d8712461320db93,-55,"174
"
16 20 10 54293,e2001d8712171320c120,-55,"171
"
16 20 10 54326,e2001d8712171320c120,-55,"171
"
16 20 10 54343,e2001d8712401320d4a0,-49,"174
"
16 20 10 54359,e2001d8712461320db93,-55,"171
"
16 20 10 54377,e2001d871271320b9f,-57,"168
"
16 20 10 54393,e2001d8712401320d4a0,-49,"168
"
16 20 10 54410,e2001d871271320b9f,-57,"168
"
16 20 10 54427,e2001d8712461320db93,-55,"171
"
16 20 10 54444,e2001d8712171320c120,-55,"171
"
16 20 10 54460,e2001d8712401320d4a0,-49,"168
"
16 20 10 54460,e2001d8712401320d4a0,-49,"168
"
16 20 10 54493,e2001d8712461320db93,-55,"174
"
16 20 10 54526,e2001d8712461320db93,-56,"168
"
16 20 10 54559,e2001d8712171320c120,-55,"174
"
16 20 10 54576,e2001d8712401320d4a0,-49,"174
"
16 20 10 54593,e2001d8712461320db93,-55,"174
"
16 20 10 54610,e2001d871271320b9f,-57,"168
"
16 20 10 54626,e2001d871271320b9f,-58,"168
"
16 20 10 54643,e2001d8712401320d4a0,-50,"171
"
16 20 11 54710,e2001d8712401320d4a0,-49,"168
"
16 20 11 54726,e2001d8712171320c120,-53,"174
"
16 20 11 54760,e2001d8712401320d4a0,-49,"171
"
16 20 11 54777,e2001d8712171320c120,-55,"171
"
16 20 11 54793,e2001d871271320b9f,-57,"174
"
16 20 11 54810,e2001d8712401320d4a0,-49,"174
"
16 20 11 54810,e2001d8712401320d4a0,-49,"174
"
16 20 11 54843,e2001d8712461320db93,-55,"171
"
16 20 11 54877,e2001d8712171320c120,-55,"171
"
16 20 11 54927,e2001d8712461320db93,-55,"174
"
16 20 11 54943,e2001d8712401320d4a0,-49,"174
"
16 20 11 54960,e2001d871271320b9f,-56,"168
"
16 20 11 54976,e2001d8712171320c120,-57,"177
"
16 20 11 54993,e2001d8712401320d4a0,-49,"174
"
16 20 11 55010,e2001d871271320b9f,-56,"171
"
16 20 11 55059,e2001d8712401320d4a0,-49,"174
"
16 20 11 55076,e2001d871271320b9f,-55,"174
"
16 20 11 55126,e2001d8712171320c120,-53,"168
"
16 20 11 55143,e2001d8712461320db93,-57,"174
"
16 20 11 55160,e2001d871271320b9f,-58,"174
"
16 20 11 55160,e2001d871271320b9f,-58,"174
"
16 20 11 55193,e2001d8712171320c120,-55,"174
"
16 20 11 55208,e2001d8712401320d4a0,-50,"171
"
16 20 11 55260,e2001d8712171320c120,-55,"171
"
16 20 11 55276,e2001d8712401320d4a0,-51,"174
"
16 20 11 55293,e2001d8712461320db93,-57,"171
"
16 20 11 55310,e2001d8712171320c120,-53,"174
"
16 20 11 55326,e2001d8712401320d4a0,-51,"171
"
16 20 11 55343,e2001d8712461320db93,-57,"171
"
16 20 11 55343,e2001d8712461320db93,-57,"171
"
16 20 11 55343,e2001d8712461320db93,-57,"171
"
16 20 11 55393,e2001d8712401320d4a0,-51,"174
"
16 20 11 55410,e2001d871271320b9f,-58,"174
"
16 20 11 55426,e2001d8712461320db93,-57,"171
"
16 20 11 55443,e2001d8712171320c120,-55,"171
"
16 20 11 55460,e2001d8712171320c120,-55,"174
"
16 20 11 55476,e2001d8712401320d4a0,-51,"171
"
16 20 11 55493,e2001d8712401320d4a0,-51,"174
"
16 20 11 55510,e2001d8712171320c120,-55,"171
"
16 20 11 55526,e2001d8712461320db93,-57,"174
"
16 20 11 55526,e2001d8712461320db93,-57,"174
"
16 20 11 55560,e2001d871271320b9f,-57,"177
"
16 20 11 55626,e2001d8712171320c120,-55,"174
"
16 20 11 55643,e2001d871271320b9f,-58,"174
"
16 20 12 55693,e2001d871271320b9f,-58,"171
"
16 20 12 55709,e2001d8712461320db93,-56,"171
"
16 20 12 55760,e2001d8712401320d4a0,-50,"171
"
16 20 12 55777,e2001d8712171320c120,-55,"174
"
16 20 12 55810,e2001d8712171320c120,-53,"174
"
16 20 12 55843,e2001d8712461320db93,-58,"171
"
16 20 12 55843,e2001d8712461320db93,-58,"171
"
16 20 12 55876,e2001d8712401320d4a0,-49,"171
"
16 20 12 55876,e2001d8712401320d4a0,-49,"171
"
16 20 12 55909,e2001d871271320b9f,-56,"165
"
16 20 12 55993,e2001d8712401320d4a0,-49,"174
"
16 20 12 56010,e2001d8712461320db93,-55,"177
"
16 20 12 56027,e2001d871271320b9f,-57,"168
"
16 20 12 56043,e2001d8712171320c120,-55,"174
"
16 20 12 56060,e2001d8712401320d4a0,-49,"174
"
16 20 12 56076,e2001d871271320b9f,-57,"171
"
16 20 12 56110,e2001d8712401320d4a0,-49,"174
"
16 20 12 56126,e2001d8712171320c120,-55,"174
"
16 20 12 56143,e2001d8712461320db93,-56,"177
"
16 20 12 56160,e2001d8712401320d4a0,-49,"174
"
16 20 12 56193,e2001d8712461320db93,-56,"171
"
16 20 12 56193,e2001d8712461320db93,-56,"171
"
16 20 12 56227,e2001d871271320b9f,-57,"171
"
16 20 12 56243,e2001d8712171320c120,-55,"174
"
16 20 12 56260,e2001d8712401320d4a0,-49,"174
"
16 20 12 56276,e2001d8712461320db93,-55,"174
"
16 20 12 56293,e2001d8712171320c120,-55,"171
"
16 20 12 56310,e2001d871271320b9f,-56,"171
"
16 20 12 56310,e2001d871271320b9f,-56,"171
"
16 20 12 56343,e2001d8712401320d4a0,-49,"174
"
16 20 12 56359,e2001d8712171320c120,-55,"168
"
16 20 12 56393,e2001d8712461320db93,-55,"171
"
16 20 12 56393,e2001d8712461320db93,-55,"171
"
16 20 12 56425,e2001d871271320b9f,-57,"174
"
16 20 12 56442,e2001d8712171320c120,-55,"171
"
16 20 12 56459,e2001d8712401320d4a0,-49,"171
"
16 20 12 56476,e2001d8712401320d4a0,-49,"171
"
16 20 12 56493,e2001d8712461320db93,-55,"174
"
16 20 12 56510,e2001d871271320b9f,-58,"174
"
16 20 12 56527,e2001d8712171320c120,-55,"168
"
16 20 12 56527,e2001d8712171320c120,-55,"168
"
16 20 12 56560,e2001d8712401320d4a0,-49,"174
"
16 20 12 56576,e2001d871271320b9f,-57,"171
"
16 20 12 56643,e2001d8712461320db93,-55,"171
"
16 20 12 56660,e2001d8712171320c120,-56,"174
"
16 20 13 56710,e2001d871271320b9f,-57,"174
"
16 20 13 56726,e2001d8712401320d4a0,-49,"171
"
16 20 13 56743,e2001d8712171320c120,-55,"171
"
16 20 13 56760,e2001d8712461320db93,-55,"171
"
16 20 13 56776,e2001d871271320b9f,-57,"171
"
16 20 13 56776,e2001d871271320b9f,-57,"171
"
16 20 13 56810,e2001d871271320b9f,-57,"168
"
16 20 13 56827,e2001d8712401320d4a0,-49,"174
"
16 20 13 56843,e2001d8712461320db93,-55,"177
"
16 20 13 56860,e2001d8712171320c120,-55,"174
"
16 20 13 56876,e2001d8712401320d4a0,-50,"174
"
16 20 13 56893,e2001d8712461320db93,-57,"168
"
16 20 13 56910,e2001d8712401320d4a0,-49,"168
"
16 20 13 56926,e2001d8712171320c120,-55,"174
"
16 20 13 56943,e2001d8712461320db93,-57,"177
"
16 20 13 56960,e2001d8712401320d4a0,-50,"174
"
16 20 13 56960,e2001d8712401320d4a0,-50,"174
"
16 20 13 56993,e2001d8712461320db93,-57,"171
"
16 20 13 57009,e2001d8712171320c120,-55,"171
"
16 20 13 57026,e2001d871271320b9f,-57,"174
"
16 20 13 57026,e2001d871271320b9f,-57,"174
"
16 20 13 57026,e2001d871271320b9f,-57,"174
"
16 20 13 57077,e2001d8712401320d4a0,-50,"171
"
16 20 13 57093,e2001d871271320b9f,-58,"171
"
16 20 13 57127,e2001d8712401320d4a0,-50,"174
"
16 20 13 57143,e2001d8712171320c120,-55,"165
"
16 20 13 57160,e2001d871271320b9f,-58,"174
"
16 20 13 57160,e2001d871271320b9f,-58,"174
"
16 20 13 57210,e2001d8712401320d4a0,-51,"171
"
16 20 13 57226,e2001d8712171320c120,-55,"174
"
16 20 13 57260,e2001d8712171320c120,-55,"168
"
16 20 13 57276,e2001d8712461320db93,-57,"171
"
16 20 13 57293,e2001d871271320b9f,-58,"171
"
16 20 13 57326,e2001d871271320b9f,-58,"171
"
16 20 13 57343,e2001d8712401320d4a0,-50,"174
"
16 20 13 57359,e2001d8712171320c120,-55,"174
"
16 20 13 57377,e2001d8712461320db93,-58,"174
"
16 20 13 57394,e2001d8712401320d4a0,-50,"174
"
16 20 13 57410,e2001d8712171320c120,-55,"171
"
16 20 13 57427,e2001d871271320b9f,-58,"171
"
16 20 13 57443,e2001d8712461320db93,-58,"174
"
16 20 13 57443,e2001d8712461320db93,-58,"174
"
16 20 13 57476,e2001d871271320b9f,-58,"174
"
16 20 13 57493,e2001d8712401320d4a0,-49,"174
"
16 20 13 57543,e2001d8712171320c120,-55,"168
"
16 20 13 57560,e2001d8712461320db93,-56,"174
"
16 20 13 57577,e2001d871271320b9f,-57,"174
"
16 20 13 57593,e2001d8712401320d4a0,-49,"174
"
16 20 13 57593,e2001d8712401320d4a0,-49,"174
"
16 20 13 57626,e2001d871271320b9f,-58,"174
"
16 20 13 57643,e2001d8712461320db93,-57,"174
"
16 20 13 57660,e2001d8712171320c120,-55,"171
"
16 20 14 57676,e2001d8712171320c120,-55,"174
"
16 20 14 57676,e2001d8712171320c120,-55,"174
"
16 20 14 57710,e2001d8712401320d4a0,-49,"174
"
16 20 14 57727,e2001d8712461320db93,-56,"168
"
16 20 14 57760,e2001d8712401320d4a0,-49,"168
"
16 20 14 57776,e2001d8712171320c120,-55,"171
"
16 20 14 57793,e2001d8712461320db93,-56,"174
"
16 20 14 57826,e2001d8712401320d4a0,-49,"174
"
16 20 14 57844,e2001d871271320b9f,-57,"174
"
16 20 14 57860,e2001d8712171320c120,-57,"171
"
16 20 14 57877,e2001d8712401320d4a0,-49,"174
"
16 20 14 57893,e2001d8712461320db93,-53,"171
"
16 20 14 57926,e2001d8712401320d4a0,-49,"174
"
16 20 14 57943,e2001d8712461320db93,-53,"171
"
16 20 14 57959,e2001d871271320b9f,-57,"174
"
16 20 14 57976,e2001d8712401320d4a0,-49,"168
"
16 20 14 58010,e2001d871271320b9f,-57,"174
"
16 20 14 58027,e2001d8712461320db93,-53,"171
"
16 20 14 58060,e2001d8712401320d4a0,-49,"174
"
16 20 14 58077,e2001d871271320b9f,-56,"171
"
16 20 14 58094,e2001d8712171320c120,-58,"168
"
16 20 14 58127,e2001d8712461320db93,-53,"174
"
16 20 14 58176,e2001d8712401320d4a0,-49,"171
"
16 20 14 58193,e2001d871271320b9f,-56,"168
"
16 20 14 58226,e2001d8712401320d4a0,-49,"171
"
16 20 14 58226,e2001d8712401320d4a0,-49,"171
"
16 20 14 58259,e2001d8712461320db93,-53,"174
"
16 20 14 58277,e2001d871271320b9f,-56,"165
"
16 20 14 58294,e2001d8712401320d4a0,-49,"174
"
16 20 14 58310,e2001d8712461320db93,-53,"171
"
16 20 14 58327,e2001d8712461320db93,-55,"174
"
16 20 14 58343,e2001d8712401320d4a0,-49,"174
"
16 20 14 58360,e2001d871271320b9f,-57,"171
"
16 20 14 58377,e2001d8712171320c120,-58,"171
"
16 20 14 58377,e2001d8712171320c120,-58,"171
"
16 20 14 58377,e2001d8712171320c120,-58,"171
"
16 20 14 58425,e2001d871271320b9f,-57,"168
"
16 20 14 58443,e2001d8712401320d4a0,-49,"174
"
16 20 14 58510,e2001d8712461320db93,-56,"174
"
16 20 14 58527,e2001d8712401320d4a0,-49,"171
"
16 20 14 58576,e2001d8712461320db93,-55,"171
"
16 20 14 58593,e2001d8712401320d4a0,-49,"168
"
16 20 14 58593,e2001d8712401320d4a0,-49,"168
"
16 20 14 58627,e2001d8712171320c120,-55,"171
"
16 20 14 58643,e2001d8712401320d4a0,-49,"174
"
16 20 15 58676,e2001d8712171320c120,-55,"171
"
16 20 15 58694,e2001d8712401320d4a0,-49,"174
"
16 20 15 58710,e2001d8712401320d4a0,-49,"174
"
16 20 15 58760,e2001d8712401320d4a0,-49,"171
"
16 20 15 58775,e2001d8712461320db93,-57,"171
"
16 20 15 58793,e2001d8712171320c120,-55,"168
"
16 20 15 58793,e2001d8712171320c120,-55,"168
"
16 20 15 58793,e2001d8712171320c120,-55,"168
"
16 20 15 58843,e2001d8712171320c120,-55,"171
"
16 20 15 58860,e2001d8712401320d4a0,-49,"174
"
16 20 15 58860,e2001d8712401320d4a0,-49,"174
"
16 20 15 58860,e2001d8712401320d4a0,-49,"174
"
16 20 15 58944,e2001d8712461320db93,-55,"174
"
16 20 15 58960,e2001d8712171320c120,-55,"171
"
16 20 15 58960,e2001d8712171320c120,-55,"171
"
16 20 15 58994,e2001d8712461320db93,-55,"171
"
16 20 15 59010,e2001d8712401320d4a0,-49,"171
"
16 20 15 59027,e2001d8712171320c120,-55,"174
"
16 20 15 59027,e2001d8712171320c120,-55,"174
"
16 20 15 59027,e2001d8712171320c120,-55,"174
"
16 20 15 59076,e2001d8712461320db93,-55,"174
"
16 20 15 59093,e2001d8712401320d4a0,-49,"174
"
16 20 15 59143,e2001d8712171320c120,-55,"174
"
16 20 15 59160,e2001d8712461320db93,-55,"171
"
16 20 15 59176,e2001d8712171320c120,-57,"171
"
16 20 15 59193,e2001d8712401320d4a0,-49,"171
"
16 20 15 59258,e2001d8712401320d4a0,-49,"171
"
16 20 15 59277,e2001d8712461320db93,-55,"168
"
16 20 15 59293,e2001d8712171320c120,-55,"174
"
16 20 15 59310,e2001d871271320b9f,-57,"177
"
16 20 15 59310,e2001d871271320b9f,-57,"177
"
16 20 15 59344,e2001d8712401320d4a0,-49,"174
"
16 20 15 59360,e2001d8712461320db93,-55,"171
"
16 20 15 59377,e2001d8712171320c120,-55,"171
"
16 20 15 59377,e2001d8712171320c120,-55,"171
"
16 20 15 59410,e2001d8712171320c120,-55,"171
"
16 20 15 59426,e2001d8712461320db93,-53,"168
"
16 20 15 59443,e2001d8712401320d4a0,-49,"174
"
16 20 15 59459,e2001d8712401320d4a0,-49,"168
"
16 20 15 59477,e2001d8712171320c120,-55,"171
"
16 20 15 59477,e2001d8712171320c120,-55,"171
"
16 20 15 59510,e2001d8712461320db93,-55,"171
"
16 20 15 59527,e2001d8712401320d4a0,-49,"174
"
16 20 15 59577,e2001d8712171320c120,-55,"174
"
16 20 15 59594,e2001d8712401320d4a0,-49,"174
"
16 20 15 59627,e2001d8712171320c120,-53,"171
"
16 20 15 59643,e2001d8712461320db93,-56,"174
"
16 20 15 59643,e2001d8712461320db93,-56,"174
"
16 20 16 59677,e2001d8712401320d4a0,-50,"174
"
16 20 16 59694,e2001d8712171320c120,-53,"174
"
16 20 16 59708,e2001d8712461320db93,-55,"171
"
16 20 16 59708,e2001d8712461320db93,-55,"171
"
16 20 16 59744,e2001d8712461320db93,-56,"174
"
16 20 16 59760,e2001d8712171320c120,-53,"174
"
16 20 16 59810,e2001d8712171320c120,-55,"171
"
16 20 16 59825,e2001d8712461320db93,-57,"171
"
16 20 16 59860,e2001d871271320b9f,-58,"174
"
16 20 16 59860,e2001d871271320b9f,-58,"174
"
16 20 16 59893,e2001d8712461320db93,-55,"174
"
16 20 16 59960,e2001d8712171320c120,-55,"177
"
16 20 16 59977,e2001d8712401320d4a0,-49,"174
"
16 20 16 60010,e2001d8712401320d4a0,-49,"171
"
16 20 16 60026,e2001d8712171320c120,-56,"171
"
16 20 16 60043,e2001d871271320b9f,-57,"0
"
16 20 16 60076,e2001d8712401320d4a0,-49,"174
"
16 20 16 60076,e2001d8712401320d4a0,-49,"174
"
16 20 16 60110,e2001d8712461320db93,-55,"174
"
16 20 16 60127,e2001d8712171320c120,-53,"174
"
16 20 16 60143,e2001d8712401320d4a0,-49,"171
"
16 20 16 60143,e2001d8712401320d4a0,-49,"171
"
16 20 16 60177,e2001d8712171320c120,-55,"171
"
16 20 16 60193,e2001d8712461320db93,-55,"174
"
16 20 16 60210,e2001d8712401320d4a0,-49,"171
"
16 20 16 60210,e2001d8712401320d4a0,-49,"171
"
16 20 16 60243,e2001d8712461320db93,-55,"174
"
16 20 16 60260,e2001d8712171320c120,-55,"174
"
16 20 16 60260,e2001d8712171320c120,-55,"174
"
16 20 16 60260,e2001d8712171320c120,-55,"174
"
16 20 16 60310,e2001d8712171320c120,-55,"174
"
16 20 16 60326,e2001d8712401320d4a0,-49,"171
"
16 20 16 60359,e2001d8712171320c120,-53,"174
"
16 20 16 60377,e2001d8712401320d4a0,-49,"174
"
16 20 16 60377,e2001d8712401320d4a0,-49,"174
"
16 20 16 60410,e2001d8712401320d4a0,-49,"174
"
16 20 16 60427,e2001d8712171320c120,-55,"171
"
16 20 16 60477,e2001d8712401320d4a0,-49,"174
"
16 20 16 60493,e2001d8712461320db93,-56,"174
"
16 20 16 60527,e2001d8712401320d4a0,-51,"174
"
16 20 16 60542,e2001d8712171320c120,-55,"174
"
16 20 16 60542,e2001d8712171320c120,-55,"174
"
16 20 16 60577,e2001d8712171320c120,-53,"174
"
16 20 16 60593,e2001d8712401320d4a0,-51,"174
"
16 20 16 60626,e2001d8712171320c120,-53,"174
"
16 20 16 60643,e2001d8712461320db93,-57,"165
"
16 20 16 60643,e2001d8712461320db93,-57,"165
"
16 20 16 60643,e2001d8712461320db93,-57,"165
"
16 20 17 60694,e2001d8712171320c120,-53,"174
"
16 20 17 60710,e2001d8712401320d4a0,-51,"174
"
16 20 17 60744,e2001d8712401320d4a0,-50,"171
"
16 20 17 60760,e2001d8712461320db93,-57,"174
"
16 20 17 60760,e2001d8712461320db93,-57,"174
"
16 20 17 60760,e2001d8712461320db93,-57,"174
"
16 20 17 60810,e2001d8712401320d4a0,-51,"174
"
16 20 17 60827,e2001d8712461320db93,-57,"174
"
16 20 17 60860,e2001d8712461320db93,-55,"171
"
16 20 17 60876,e2001d8712171320c120,-55,"171
"
16 20 17 60893,e2001d8712401320d4a0,-49,"174
"
16 20 17 60910,e2001d8712171320c120,-53,"174
"
16 20 17 60960,e2001d8712461320db93,-55,"171
"
16 20 17 60977,e2001d8712171320c120,-55,"171
"
16 20 17 60993,e2001d8712461320db93,-56,"174
"
16 20 17 61044,e2001d8712401320d4a0,-49,"174
"
16 20 17 61060,e2001d8712171320c120,-55,"171
"
16 20 17 61093,e2001d8712461320db93,-57,"177
"
16 20 17 61110,e2001d8712401320d4a0,-50,"174
"
16 20 17 61126,e2001d8712171320c120,-55,"174
"
16 20 17 61143,e2001d8712401320d4a0,-50,"174
"
16 20 17 61143,e2001d8712401320d4a0,-50,"174
"
16 20 17 61175,e2001d8712171320c120,-53,"171
"
16 20 17 61193,e2001d8712461320db93,-57,"171
"
16 20 17 61193,e2001d8712461320db93,-57,"171
"
16 20 17 61193,e2001d8712461320db93,-57,"171
"
16 20 17 61244,e2001d8712401320d4a0,-50,"174
"
16 20 17 61260,e2001d8712171320c120,-53,"171
"
16 20 17 61310,e2001d8712461320db93,-57,"171
"
16 20 17 61327,e2001d8712171320c120,-53,"174
"
16 20 17 61327,e2001d8712171320c120,-53,"174
"
16 20 17 61377,e2001d8712401320d4a0,-50,"174
"
16 20 17 61394,e2001d8712171320c120,-53,"171
"
16 20 17 61427,e2001d8712171320c120,-53,"171
"
16 20 17 61427,e2001d8712171320c120,-53,"171
"
16 20 17 61476,e2001d8712461320db93,-57,"174
"
16 20 17 61476,e2001d8712461320db93,-57,"174
"
16 20 17 61510,e2001d8712171320c120,-53,"171
"
16 20 17 61627,e2001d8712461320db93,-57,"171
"
16 20 17 61643,e2001d8712401320d4a0,-51,"171
"
16 20 18 61677,e2001d8712401320d4a0,-51,"168
"
16 20 18 61693,e2001d8712461320db93,-57,"171
"
16 20 18 61693,e2001d8712461320db93,-57,"171
"
16 20 18 61727,e2001d8712461320db93,-57,"174
"
16 20 18 61743,e2001d8712401320d4a0,-51,"171
"
16 20 18 61743,e2001d8712401320d4a0,-51,"171
"
16 20 18 61793,e2001d8712171320c120,-53,"171
"
16 20 18 61811,e2001d8712401320d4a0,-51,"174
"
